subject,trial,excluded,windowStart,windowEnd
sp001,1,1,989,903
sp001,2,0,718,1059
sp001,3,0,885,1342
sp001,4,0,887,1263
sp001,5,1,926,1049
sp001,6,0,930,1209
sp001,7,0,669,838
sp001,8,1,813,906
sp001,9,0,912,1174
sp001,10,0,693,1145
sp001,11,0,648,1134
sp001,12,0,756,1160
sp001,13,0,619,889
sp001,14,0,890,1162
sp001,15,0,705,1024
sp001,16,0,821,1233
sp001,17,0,730,1195
sp001,18,0,834,1137
sp001,19,0,789,976
sp001,20,0,806,1122
sp001,21,1,867,998
sp001,22,0,931,1144
sp001,23,0,736,1057
sp001,24,1,1092,1100
sp001,25,0,697,1029
sp001,26,0,637,1152
sp001,27,0,768,1128
sp001,28,0,964,1317
sp001,29,0,992,1152
sp001,30,1,857,978
sp001,31,0,877,1081
sp001,32,1,973,985
sp001,33,0,559,992
sp001,34,0,788,1139
sp001,35,0,577,1035
sp001,36,0,654,1059
sp001,37,0,777,1130
sp001,38,0,684,1256
sp001,39,0,793,1086
sp001,40,0,676,995
sp001,41,0,614,1208
sp001,42,0,670,1105
sp001,43,0,745,1156
sp001,44,0,697,1027
sp001,45,0,554,1041
sp001,46,0,903,1179
sp001,47,0,641,1077
sp001,48,0,663,1026
sp001,49,0,835,1089
sp001,50,0,707,1140
sp001,51,0,606,1048
sp001,52,1,608,702
sp001,53,0,844,1111
sp001,54,0,553,956
sp001,55,0,727,1110
sp001,56,0,726,1081
sp001,57,0,663,1255
sp001,58,1,901,1020
sp001,59,0,931,1195
sp001,60,0,699,1138
sp001,61,0,709,986
sp001,62,0,839,1253
sp001,63,1,706,691
sp001,64,0,483,1044
sp001,65,0,601,1152
sp001,66,0,755,1171
sp001,67,0,648,1043
sp001,68,0,571,1128
sp001,69,0,689,1162
sp001,70,0,938,1235
sp001,71,0,856,1034
sp001,72,1,540,613
sp001,73,0,576,1134
sp001,74,0,773,1082
sp001,75,0,849,1371
sp001,76,0,664,1234
sp001,77,1,631,636
sp001,78,0,640,1147
sp001,79,0,619,1132
sp001,80,0,674,1178
sp001,81,1,887,1031
sp001,82,0,731,1226
sp001,83,0,530,1171
sp001,84,0,776,1313
sp001,85,0,896,1371
sp001,86,0,794,1225
sp001,87,0,633,1020
sp001,88,1,1304,1292
sp001,89,0,779,1219
sp001,90,0,561,1107
sp001,91,0,788,1332
sp001,92,0,682,1200
sp001,93,0,605,1283
sp001,94,0,960,1481
sp001,95,1,843,895
sp001,96,0,470,1174
sp001,97,0,674,1246
sp001,98,0,704,1117
sp001,99,0,654,1206
sp001,100,0,596,1095
sp001,101,0,653,1188
sp001,102,0,717,1136
sp001,103,0,901,1259
sp001,104,0,659,1120
sp001,105,0,660,1115
sp001,106,0,486,1081
sp001,107,0,694,1232
sp001,108,0,760,1323
sp001,109,0,741,1098
sp001,110,0,748,1201
sp001,111,0,688,1098
sp001,112,0,866,1183
sp001,113,0,708,1166
sp001,114,0,704,1158
sp001,115,0,755,1206
sp001,116,0,840,1113
sp001,117,0,616,1085
sp001,118,0,740,1106
sp001,119,0,631,1124
sp001,120,0,733,1206
sp001,121,0,637,1035
sp001,122,0,600,1272
sp001,123,0,667,1301
sp001,124,0,714,1276
sp001,125,0,804,1038
sp001,126,0,827,1153
sp001,127,0,653,997
sp001,128,0,804,1086
sp001,129,0,715,1124
sp001,130,0,645,1222
sp001,131,0,686,1258
sp001,132,0,604,1108
sp001,133,0,845,1059
sp001,134,0,659,1203
sp001,135,0,797,1241
sp001,136,0,800,1233
sp001,137,0,720,1187
sp001,138,0,785,1208
sp001,139,0,869,1183
sp001,140,0,706,1235
sp001,141,0,671,962
sp001,142,0,698,1051
sp001,143,0,713,1121
sp001,144,1,702,762
sp001,145,0,832,1316
sp001,146,0,733,1306
sp001,147,0,715,1108
sp001,148,0,781,1135
sp001,149,0,963,1220
sp001,150,0,745,933
sp001,151,0,700,1021
sp001,152,1,632,700
sp001,153,0,646,1097
sp001,154,0,710,1123
sp001,155,0,578,1143
sp001,156,0,508,931
sp001,157,0,846,1273
sp001,158,0,522,964
sp001,159,0,706,1139
sp001,160,0,536,982
sp001,161,0,733,1249
sp001,162,0,670,1045
sp001,163,0,750,1069
sp001,164,0,688,966
sp001,165,0,681,1210
sp001,166,0,827,979
sp001,167,0,777,1249
sp001,168,1,807,785
sp001,169,0,814,1160
sp001,170,0,775,1217
sp001,171,0,638,1109
sp001,172,0,859,1101
sp001,173,0,589,966
sp001,174,0,528,968
sp001,175,0,734,1196
sp001,176,0,826,1307
sp001,177,0,728,1273
sp001,178,0,857,1225
sp001,179,0,589,1035
sp001,180,0,859,1383
sp001,181,0,734,1046
sp001,182,0,716,1171
sp001,183,1,649,692
sp001,184,0,595,1142
sp001,185,0,716,1234
sp001,186,0,831,1262
sp001,187,0,755,1178
sp001,188,0,519,1065
sp001,189,0,675,1039
sp001,190,0,630,1042
sp001,191,0,698,953
sp001,192,1,800,782
sp001,193,0,703,1190
sp001,194,0,695,1015
sp001,195,0,506,1050
sp001,196,0,720,1394
sp001,197,0,640,817
sp001,198,0,681,1146
sp001,199,0,716,1153
sp001,200,0,678,1039
sp001,201,0,830,1087
sp001,202,0,775,1313
sp001,203,0,840,1378
sp001,204,0,764,1237
sp001,205,0,806,1322
sp001,206,0,905,1321
sp001,207,0,650,1061
sp001,208,1,1013,1137
sp001,209,0,583,1006
sp001,210,0,668,1196
sp001,211,0,676,1164
sp001,212,0,904,1466
sp001,213,0,612,1218
sp001,214,0,545,1019
sp001,215,0,774,1293
sp001,216,0,716,1370
sp001,217,0,825,1014
sp001,218,0,644,1306
sp001,219,0,625,1231
sp001,220,0,427,1121
sp001,221,0,693,1215
sp001,222,0,938,1347
sp001,223,0,707,1159
sp001,224,0,700,1197
sp001,225,0,692,1067
sp001,226,0,689,1308
sp001,227,0,738,1199
sp001,228,1,1245,1207
sp001,229,0,816,1184
sp001,230,0,703,1167
sp001,231,0,715,1244
sp001,232,0,836,1406
sp001,233,0,812,1293
sp001,234,0,736,1128
sp001,235,1,974,1058
sp001,236,0,786,1182
sp001,237,0,646,1098
sp001,238,0,827,1163
sp001,239,0,598,1083
sp001,240,0,813,1364
sp001,241,0,631,1089
sp001,242,0,805,1403
sp001,243,0,758,1327
sp001,244,0,705,1154
sp001,245,0,733,1029
sp001,246,0,712,1064
sp001,247,0,682,907
sp001,248,0,814,1162
sp001,249,0,700,1113
sp001,250,0,515,1055
sp001,251,0,663,1359
sp001,252,0,690,1238
sp001,253,0,874,1218
sp001,254,0,743,1140
sp001,255,0,633,1069
sp001,256,0,713,1215
sp001,257,0,647,1109
sp001,258,0,670,1175
sp001,259,0,827,1204
sp001,260,0,653,1263
sp001,261,0,787,1129
sp001,262,0,675,1071
sp001,263,0,858,1190
sp001,264,1,973,895
sp001,265,0,725,1172
sp001,266,0,557,1180
sp001,267,0,659,1175
sp001,268,0,611,1028
sp001,269,0,800,1098
sp001,270,0,922,1188
sp001,271,0,716,1116
sp001,272,0,879,1269
sp001,273,0,721,1277
sp001,274,0,975,1440
sp001,275,0,685,1446
sp001,276,0,720,1294
sp001,277,0,801,1501
sp001,278,0,826,1617
sp001,279,0,882,1231
sp001,280,0,622,1031
sp001,281,0,596,1088
sp001,282,0,792,1256
sp001,283,0,743,1213
sp001,284,0,728,1171
sp001,285,0,631,1328
sp001,286,1,189,92
sp001,287,0,573,1072
sp001,288,0,661,1118
sp001,289,0,801,1176
sp001,290,0,829,1300
sp001,291,0,559,1029
sp001,292,0,712,1208
sp001,293,0,764,1183
sp001,294,0,620,1172
sp001,295,0,875,1102
sp001,296,0,910,1277
sp001,297,0,587,1059
sp001,298,0,671,971
sp001,299,0,662,1063
sp001,300,0,831,1219
sp001,301,0,636,940
sp001,302,0,836,1278
sp001,303,0,874,1285
sp001,304,0,331,1035
sp001,305,0,646,1282
sp001,306,0,1312,1741
sp001,307,0,1098,1517
sp001,308,0,592,1162
sp001,309,0,722,1130
sp001,310,0,636,1114
sp001,311,0,694,1029
sp001,312,1,809,797
sp001,313,0,816,1227
sp001,314,1,893,998
sp001,315,0,551,1006
sp001,316,0,745,1364
sp001,317,0,677,1026
sp001,318,0,744,1222
sp001,319,0,736,1111
sp001,320,0,763,1306
sp001,321,0,954,1161
sp001,322,0,895,1111
sp001,323,0,484,992
sp001,324,0,811,1236
sp001,325,0,565,998
sp001,326,0,851,1227
sp001,327,0,804,1280
sp001,328,0,829,1337
sp001,329,0,756,1307
sp001,330,0,642,1255
sp001,331,0,696,1067
sp001,332,0,394,854
sp001,333,0,500,1106
sp001,334,0,654,1121
sp001,335,0,653,1146
sp001,336,0,624,1226
sp001,337,0,870,1105
sp001,338,0,670,1375
sp001,339,0,682,1205
sp001,340,0,618,1163
sp001,341,0,738,1186
sp001,342,0,733,1068
sp001,343,0,788,1090
sp001,344,0,798,1216
sp001,345,0,769,1180
sp001,346,0,502,1146
sp001,347,0,645,1136
sp001,348,0,531,747
sp001,349,0,625,919
sp001,350,0,674,1049
sp001,351,0,802,1108
sp001,352,0,691,984
sp001,353,0,1075,1513
sp001,354,1,735,872
sp001,355,1,808,774
sp001,356,0,895,1187
sp001,357,0,708,1064
sp001,358,0,690,1029
sp001,359,0,852,1209
sp001,360,0,787,1260
sp002,1,0,823,1166
sp002,2,0,843,1328
sp002,3,0,784,1432
sp002,4,0,755,1460
sp002,5,0,699,1298
sp002,6,0,744,1366
sp002,7,1,727,822
sp002,8,0,666,1351
sp002,9,0,763,1292
sp002,10,0,873,1381
sp002,11,0,683,1404
sp002,12,0,779,1403
sp002,13,0,728,1344
sp002,14,0,739,1097
sp002,15,0,737,1352
sp002,16,0,714,1266
sp002,17,0,639,1389
sp002,18,0,756,1387
sp002,19,0,736,1373
sp002,20,0,683,1379
sp002,21,0,797,1508
sp002,22,0,682,1289
sp002,23,0,674,1392
sp002,24,0,682,1320
sp002,25,0,674,1404
sp002,26,0,891,1449
sp002,27,0,801,1421
sp002,28,0,692,1416
sp002,29,0,673,1503
sp002,30,0,731,1435
sp002,31,0,870,1358
sp002,32,0,578,1314
sp002,33,0,716,1471
sp002,34,0,860,1564
sp002,35,0,812,1582
sp002,36,0,823,1386
sp002,37,0,737,1505
sp002,38,0,741,1547
sp002,39,0,590,1277
sp002,40,0,657,1204
sp002,41,0,692,1310
sp002,42,0,736,1344
sp002,43,0,809,1287
sp002,44,0,652,1478
sp002,45,0,641,1266
sp002,46,0,704,1430
sp002,47,0,823,1338
sp002,48,0,715,1319
sp002,49,0,1076,1415
sp002,50,0,805,1444
sp002,51,0,842,1463
sp002,52,0,742,1266
sp002,53,0,601,1166
sp002,54,0,802,1281
sp002,55,0,767,1368
sp002,56,0,718,1418
sp002,57,0,811,1405
sp002,58,0,837,1461
sp002,59,0,669,1252
sp002,60,0,678,1399
sp002,61,0,936,1417
sp002,62,0,854,1255
sp002,63,0,510,1171
sp002,64,0,735,1233
sp002,65,0,627,1185
sp002,66,0,517,1185
sp002,67,0,852,1351
sp002,68,0,758,1426
sp002,69,0,558,1143
sp002,70,0,820,1384
sp002,71,0,744,1398
sp002,72,0,673,1336
sp002,73,0,857,1486
sp002,74,0,686,1356
sp002,75,0,697,1300
sp002,76,0,705,1191
sp002,77,0,699,1264
sp002,78,0,826,1335
sp002,79,0,645,1182
sp002,80,0,732,1295
sp002,81,0,530,1268
sp002,82,0,930,1289
sp002,83,0,898,1246
sp002,84,0,640,1281
sp002,85,0,779,1303
sp002,86,0,768,1357
sp002,87,0,871,1380
sp002,88,0,929,1417
sp002,89,0,677,1385
sp002,90,0,760,1438
sp002,91,0,893,1520
sp002,92,0,684,1334
sp002,93,0,670,1466
sp002,94,0,805,1416
sp002,95,0,648,1349
sp002,96,0,716,1520
sp002,97,0,870,1401
sp002,98,0,725,1413
sp002,99,0,824,1403
sp002,100,0,828,1262
sp002,101,0,880,1296
sp002,102,0,951,1445
sp002,103,0,798,1192
sp002,104,0,785,1299
sp002,105,0,786,1277
sp002,106,0,704,1241
sp002,107,0,662,1398
sp002,108,0,694,1341
sp002,109,0,769,1386
sp002,110,0,595,1206
sp002,111,0,725,1514
sp002,112,0,536,1200
sp002,113,0,763,1536
sp002,114,0,455,1365
sp002,115,0,888,1485
sp002,116,0,667,1415
sp002,117,0,490,867
sp002,118,0,754,1190
sp002,119,0,795,1381
sp002,120,0,647,1182
sp002,121,0,779,1318
sp002,122,0,803,1338
sp002,123,0,804,1407
sp002,124,0,790,1410
sp002,125,0,756,1474
sp002,126,0,883,1501
sp002,127,0,715,1386
sp002,128,0,714,1543
sp002,129,0,774,1244
sp002,130,0,763,1332
sp002,131,0,587,1358
sp002,132,0,704,1214
sp002,133,0,894,1507
sp002,134,0,969,1370
sp002,135,0,861,1527
sp002,136,0,803,1433
sp002,137,0,612,1524
sp002,138,0,805,1392
sp002,139,0,816,1439
sp002,140,0,767,1482
sp002,141,0,688,1457
sp002,142,1,1429,1543
sp002,143,0,776,1712
sp002,144,0,726,1400
sp002,145,0,643,1490
sp002,146,0,1067,1367
sp002,147,0,805,1528
sp002,148,0,653,1411
sp002,149,0,696,1642
sp002,150,0,764,1341
sp002,151,0,801,1431
sp002,152,0,699,1415
sp002,153,0,675,1307
sp002,154,0,810,1381
sp002,155,0,697,1443
sp002,156,0,831,1383
sp002,157,0,726,1608
sp002,158,0,877,1607
sp002,159,0,783,1652
sp002,160,0,851,1495
sp002,161,0,830,1498
sp002,162,0,775,1485
sp002,163,0,810,1393
sp002,164,0,760,1394
sp002,165,0,902,1675
sp002,166,0,886,1552
sp002,167,0,845,1350
sp002,168,0,794,1372
sp002,169,1,1376,1441
sp002,170,0,783,1432
sp002,171,0,852,1527
sp002,172,0,886,1574
sp002,173,0,742,1428
sp002,174,0,910,1548
sp002,175,0,811,1417
sp002,176,0,774,1443
sp002,177,0,750,1549
sp002,178,0,807,1524
sp002,179,0,811,1466
sp002,180,0,798,1469
sp002,181,0,898,1406
sp002,182,0,905,1364
sp002,183,0,789,1593
sp002,184,1,819,854
sp002,185,0,745,1306
sp002,186,0,833,1564
sp002,187,0,880,1454
sp002,188,1,1439,1445
sp002,189,0,906,1518
sp002,190,0,954,1554
sp002,191,0,706,1353
sp002,192,0,652,1313
sp002,193,0,980,1558
sp002,194,0,741,1402
sp002,195,0,773,1329
sp002,196,0,974,1494
sp002,197,0,723,1283
sp002,198,0,772,1300
sp002,199,0,763,1373
sp002,200,0,744,1394
sp002,201,0,793,1429
sp002,202,0,792,1231
sp002,203,0,899,1359
sp002,204,0,736,1313
sp002,205,0,884,1398
sp002,206,0,683,1328
sp002,207,0,868,1463
sp002,208,0,719,1298
sp002,209,0,654,1410
sp002,210,0,778,1436
sp002,211,0,747,1380
sp002,212,0,957,1687
sp002,213,0,841,1415
sp002,214,0,751,1349
sp002,215,0,610,1310
sp002,216,0,723,1383
sp002,217,0,932,1471
sp002,218,0,676,1388
sp002,219,0,874,1484
sp002,220,0,834,1320
sp002,221,0,801,1247
sp002,222,0,836,1343
sp002,223,0,1248,1696
sp002,224,0,999,1403
sp002,225,0,689,1126
sp002,226,0,814,1253
sp002,227,0,798,1341
sp002,228,0,780,1384
sp002,229,0,713,1292
sp002,230,0,662,1256
sp002,231,0,851,1514
sp002,232,0,765,1388
sp002,233,0,692,1365
sp002,234,0,727,1496
sp002,235,0,856,1445
sp002,236,1,832,856
sp002,237,0,803,1265
sp002,238,0,1077,1561
sp002,239,0,1150,1749
sp002,240,0,807,1351
sp002,241,0,847,1351
sp002,242,0,867,1387
sp002,243,0,786,1288
sp002,244,0,813,1409
sp002,245,1,1289,1215
sp002,246,0,905,1483
sp002,247,0,820,1448
sp002,248,0,755,1479
sp002,249,0,970,1406
sp002,250,0,815,1359
sp002,251,0,916,1597
sp002,252,0,1018,1458
sp002,253,0,1130,1709
sp002,254,0,950,1413
sp002,255,0,1003,1672
sp002,256,0,877,1421
sp002,257,0,807,1474
sp002,258,0,970,1631
sp002,259,0,763,1419
sp002,260,1,1397,1481
sp002,261,0,933,1532
sp002,262,0,747,1258
sp002,263,0,664,1219
sp002,264,0,825,1473
sp002,265,0,712,1332
sp002,266,0,905,1334
sp002,267,0,944,1462
sp002,268,0,1043,1749
sp002,269,0,1172,1749
sp002,270,0,942,1576
sp002,271,0,924,1371
sp002,272,0,671,1401
sp002,273,0,823,1579
sp002,274,0,586,1228
sp002,275,0,766,1541
sp002,276,0,875,1511
sp002,277,0,709,1479
sp002,278,0,794,1683
sp002,279,0,836,1747
sp002,280,0,786,1567
sp002,281,0,743,1463
sp002,282,0,720,1358
sp002,283,0,895,1431
sp002,284,0,631,1316
sp002,285,0,817,1506
sp002,286,0,816,1465
sp002,287,0,908,1463
sp002,288,0,959,1601
sp002,289,0,823,1473
sp002,290,0,1115,1728
sp002,291,0,853,1476
sp002,292,0,716,1411
sp002,293,0,705,1327
sp002,294,0,810,1163
sp002,295,0,796,1338
sp002,296,0,871,1391
sp002,297,0,795,1335
sp002,298,0,761,1450
sp002,299,0,780,1329
sp002,300,0,913,1496
sp002,301,0,781,1400
sp002,302,0,817,1358
sp002,303,0,632,1318
sp002,304,0,830,1341
sp002,305,0,794,1377
sp002,306,0,968,1506
sp002,307,0,902,1371
sp002,308,0,768,1435
sp002,309,0,977,1603
sp002,310,0,897,1462
sp002,311,0,869,1422
sp002,312,0,645,1340
sp002,313,0,863,1371
sp002,314,0,793,1336
sp002,315,0,826,1384
sp002,316,0,751,1242
sp002,317,0,847,1408
sp002,318,0,754,1200
sp002,319,0,457,1007
sp002,320,0,1181,1470
sp002,321,0,725,1416
sp002,322,0,882,1407
sp002,323,0,843,1342
sp002,324,0,851,1440
sp002,325,0,720,1334
sp002,326,0,837,1530
sp002,327,0,719,1250
sp002,328,0,763,1270
sp002,329,0,656,1331
sp002,330,0,798,1388
sp002,331,0,722,1275
sp002,332,0,730,1426
sp002,333,0,735,1392
sp002,334,0,818,1400
sp002,335,0,636,1266
sp002,336,0,795,1238
sp002,337,0,701,1214
sp002,338,0,787,1469
sp002,339,0,632,1301
sp002,340,0,857,1385
sp002,341,0,840,1275
sp002,342,0,775,1445
sp002,343,0,822,1328
sp002,344,0,808,1285
sp002,345,0,577,1106
sp002,346,0,863,1484
sp002,347,0,816,1473
sp002,348,0,690,1264
sp002,349,0,844,1446
sp002,350,0,689,1213
sp002,351,0,795,1438
sp002,352,0,637,1281
sp002,353,1,710,816
sp002,354,0,717,1389
sp002,355,0,910,1452
sp002,356,0,782,1011
sp002,357,0,711,1257
sp002,358,0,848,1315
sp002,359,0,729,1368
sp002,360,0,889,1455
sp003,1,0,679,992
sp003,2,0,981,1178
sp003,3,0,702,1180
sp003,4,0,737,1298
sp003,5,0,754,1341
sp003,6,0,740,1090
sp003,7,0,929,1360
sp003,8,0,1243,1467
sp003,9,0,865,1075
sp003,10,0,666,1235
sp003,11,1,1376,1307
sp003,12,0,589,1203
sp003,13,1,841,980
sp003,14,1,654,741
sp003,15,0,785,1314
sp003,16,0,890,1280
sp003,17,0,646,1195
sp003,18,0,638,1336
sp003,19,0,744,1385
sp003,20,0,798,1377
sp003,21,0,608,1252
sp003,22,0,742,1292
sp003,23,0,670,1323
sp003,24,0,856,1488
sp003,25,0,750,1469
sp003,26,0,659,1348
sp003,27,1,645,640
sp003,28,0,680,1322
sp003,29,0,726,1349
sp003,30,0,821,1467
sp003,31,0,787,1274
sp003,32,0,729,1345
sp003,33,0,792,1370
sp003,34,0,908,1444
sp003,35,0,775,1485
sp003,36,0,655,1423
sp003,37,0,678,1308
sp003,38,0,700,1265
sp003,39,0,516,1119
sp003,40,0,596,1270
sp003,41,0,701,1365
sp003,42,0,836,1516
sp003,43,0,723,1381
sp003,44,0,726,1623
sp003,45,0,854,1378
sp003,46,0,769,1377
sp003,47,0,843,1301
sp003,48,0,832,992
sp003,49,0,747,1280
sp003,50,0,862,1411
sp003,51,0,703,1083
sp003,52,0,777,1011
sp003,53,0,759,1184
sp003,54,0,723,1213
sp003,55,0,775,1275
sp003,56,0,633,1121
sp003,57,0,802,1443
sp003,58,0,884,1459
sp003,59,0,538,1456
sp003,60,0,698,1418
sp003,61,0,791,1198
sp003,62,0,731,1184
sp003,63,0,789,1337
sp003,64,0,779,1333
sp003,65,0,602,960
sp003,66,0,588,1267
sp003,67,1,1145,1159
sp003,68,0,804,1367
sp003,69,1,1283,1381
sp003,70,0,572,1244
sp003,71,0,538,1004
sp003,72,0,736,1249
sp003,73,0,1163,1463
sp003,74,0,499,1080
sp003,75,0,668,1128
sp003,76,0,753,1351
sp003,77,0,782,1345
sp003,78,0,777,1324
sp003,79,0,769,1512
sp003,80,0,746,1410
sp003,81,0,966,1530
sp003,82,0,633,1142
sp003,83,0,713,1170
sp003,84,0,740,1421
sp003,85,0,697,1132
sp003,86,0,688,1097
sp003,87,0,620,1237
sp003,88,0,894,1321
sp003,89,0,778,1391
sp003,90,0,687,1198
sp003,91,0,634,1127
sp003,92,0,820,1300
sp003,93,0,708,943
sp003,94,0,933,1476
sp003,95,0,600,1054
sp003,96,0,834,1298
sp003,97,0,760,1124
sp003,98,0,772,1065
sp003,99,0,621,1148
sp003,100,0,743,1187
sp003,101,0,663,1276
sp003,102,1,990,1086
sp003,103,0,846,1338
sp003,104,0,642,1183
sp003,105,0,605,1047
sp003,106,0,585,1093
sp003,107,0,613,1024
sp003,108,0,589,1024
sp003,109,0,578,887
sp003,110,0,738,1145
sp003,111,0,799,1578
sp003,112,0,668,1302
sp003,113,0,1011,1416
sp003,114,0,653,1337
sp003,115,0,823,1254
sp003,116,0,760,1519
sp003,117,0,894,1527
sp003,118,0,673,1312
sp003,119,0,738,1674
sp003,120,0,733,1174
sp003,121,0,754,1158
sp003,122,0,680,1018
sp003,123,0,818,1406
sp003,124,0,594,1053
sp003,125,0,576,1135
sp003,126,0,570,1269
sp003,127,0,767,1041
sp003,128,1,1329,1416
sp003,129,0,772,993
sp003,130,0,667,1255
sp003,131,0,539,914
sp003,132,0,633,1229
sp003,133,0,754,1086
sp003,134,0,777,1288
sp003,135,0,551,1244
sp003,136,0,923,1313
sp003,137,0,687,1145
sp003,138,0,752,1486
sp003,139,0,692,1470
sp003,140,0,811,1162
sp003,141,0,735,1009
sp003,142,0,848,1583
sp003,143,0,817,1423
sp003,144,0,792,1346
sp003,145,0,718,1221
sp003,146,0,641,1007
sp003,147,1,693,748
sp003,148,0,766,1314
sp003,149,0,705,1407
sp003,150,0,834,1374
sp003,151,0,686,1245
sp003,152,0,640,1298
sp003,153,0,788,1277
sp003,154,0,751,1250
sp003,155,0,612,871
sp003,156,0,992,1374
sp003,157,0,752,1399
sp003,158,0,713,1101
sp003,159,0,660,1309
sp003,160,0,501,1115
sp003,161,0,647,1109
sp003,162,0,723,1248
sp003,163,0,732,1530
sp003,164,0,588,1268
sp003,165,0,470,1124
sp003,166,0,681,1292
sp003,167,0,858,1302
sp003,168,1,790,924
sp003,169,0,758,1395
sp003,170,0,703,1193
sp003,171,0,661,875
sp003,172,0,884,1372
sp003,173,0,774,1315
sp003,174,0,670,1207
sp003,175,0,711,1167
sp003,176,0,617,797
sp003,177,0,793,1303
sp003,178,0,676,1183
sp003,179,0,966,1314
sp003,180,0,636,1339
sp003,181,1,546,573
sp003,182,0,684,1356
sp003,183,0,820,1393
sp003,184,0,764,1347
sp003,185,1,709,775
sp003,186,0,908,1749
sp003,187,0,817,1034
sp003,188,0,794,1269
sp003,189,1,743,805
sp003,190,0,721,1285
sp003,191,0,720,924
sp003,192,0,705,1171
sp003,193,0,694,1281
sp003,194,0,801,1505
sp003,195,0,705,1163
sp003,196,1,635,746
sp003,197,0,821,1338
sp003,198,0,540,1072
sp003,199,0,668,856
sp003,200,0,876,1472
sp003,201,0,837,1298
sp003,202,1,479,523
sp003,203,0,744,1252
sp003,204,0,771,1505
sp003,205,0,894,1368
sp003,206,0,828,1343
sp003,207,0,616,926
sp003,208,0,915,1314
sp003,209,0,818,1296
sp003,210,0,889,1083
sp003,211,0,817,1258
sp003,212,0,678,933
sp003,213,0,812,1316
sp003,214,0,849,1335
sp003,215,0,770,1314
sp003,216,0,780,1264
sp003,217,0,670,1083
sp003,218,0,766,1250
sp003,219,0,788,1474
sp003,220,0,843,1348
sp003,221,0,532,1266
sp003,222,0,887,1286
sp003,223,0,788,1353
sp003,224,0,751,1354
sp003,225,0,731,1288
sp003,226,0,723,1242
sp003,227,0,607,1166
sp003,228,0,738,1218
sp003,229,0,673,1195
sp003,230,0,904,1337
sp003,231,0,814,1508
sp003,232,0,724,1426
sp003,233,0,822,1610
sp003,234,0,610,1279
sp003,235,0,619,1011
sp003,236,0,700,1217
sp003,237,0,1193,1442
sp003,238,0,727,1314
sp003,239,0,1066,1749
sp003,240,0,628,1171
sp003,241,0,759,1320
sp003,242,0,712,1153
sp003,243,0,832,1302
sp003,244,0,460,972
sp003,245,0,450,1070
sp003,246,0,588,1015
sp003,247,0,788,1137
sp003,248,1,1312,1236
sp003,249,0,779,1124
sp003,250,0,592,1134
sp003,251,1,792,743
sp003,252,0,688,1327
sp003,253,0,858,1281
sp003,254,0,877,1319
sp003,255,0,433,1039
sp003,256,0,842,1388
sp003,257,0,574,1056
sp003,258,0,745,1189
sp003,259,0,685,1215
sp003,260,0,822,1167
sp003,261,0,725,917
sp003,262,0,1114,1305
sp003,263,0,809,1176
sp003,264,0,679,1186
sp003,265,0,754,1333
sp003,266,0,785,1144
sp003,267,1,781,903
sp003,268,0,811,1338
sp003,269,0,748,1278
sp003,270,1,798,763
sp003,271,0,795,1043
sp003,272,0,802,1512
sp003,273,0,1147,1395
sp003,274,0,816,1350
sp003,275,1,150,0
sp003,276,0,842,1525
sp003,277,0,750,1270
sp003,278,1,1150,1235
sp003,279,0,620,1134
sp003,280,0,936,1229
sp003,281,0,761,1100
sp003,282,0,819,1293
sp003,283,0,1002,1584
sp003,284,0,867,1082
sp003,285,0,705,1206
sp003,286,0,619,1328
sp003,287,0,967,1407
sp003,288,0,1070,1505
sp003,289,0,845,1238
sp003,290,0,743,1129
sp003,291,1,679,778
sp003,292,0,911,1311
sp003,293,0,654,1073
sp003,294,1,691,682
sp003,295,1,894,1042
sp003,296,0,789,968
sp003,297,0,688,1057
sp003,298,0,793,1402
sp003,299,0,515,1155
sp003,300,0,703,1339
sp003,301,0,795,1374
sp003,302,0,825,1449
sp003,303,0,871,1382
sp003,304,0,1001,1155
sp003,305,0,847,1361
sp003,306,0,781,1245
sp003,307,1,959,837
sp003,308,0,967,1329
sp003,309,0,882,1031
sp003,310,0,713,1291
sp003,311,0,830,1006
sp003,312,0,897,1412
sp003,313,0,873,1376
sp003,314,0,943,1306
sp003,315,1,751,838
sp003,316,0,831,1229
sp003,317,0,856,1260
sp003,318,0,900,1266
sp003,319,0,881,1183
sp003,320,0,941,1431
sp003,321,0,939,1217
sp003,322,0,752,971
sp003,323,0,908,1367
sp003,324,0,903,1468
sp003,325,0,984,1253
sp003,326,0,830,1245
sp003,327,0,824,1087
sp003,328,0,992,1541
sp003,329,0,858,1257
sp003,330,0,882,1397
sp003,331,0,834,1292
sp003,332,0,959,1454
sp003,333,0,781,1332
sp003,334,0,925,1226
sp003,335,0,590,1175
sp003,336,0,1050,1226
sp003,337,0,862,1011
sp003,338,0,871,1363
sp003,339,0,657,1234
sp003,340,0,932,1290
sp003,341,0,900,1237
sp003,342,0,919,1130
sp003,343,0,827,1252
sp003,344,0,652,1118
sp003,345,0,655,1206
sp003,346,0,697,1217
sp003,347,0,825,1320
sp003,348,0,726,1132
sp003,349,0,621,1084
sp003,350,0,950,1304
sp003,351,0,810,1297
sp003,352,0,806,1297
sp003,353,0,837,1594
sp003,354,0,833,1416
sp003,355,0,951,1187
sp003,356,0,834,1407
sp003,357,0,833,1332
sp003,358,0,569,1093
sp003,359,0,668,1261
sp003,360,0,701,1133
sp004,1,0,984,1178
sp004,2,0,850,1134
sp004,3,0,805,1426
sp004,4,0,839,1336
sp004,5,0,1032,1502
sp004,6,0,889,1366
sp004,7,0,926,1359
sp004,8,0,833,1362
sp004,9,0,1062,1310
sp004,10,0,915,1472
sp004,11,0,916,1145
sp004,12,0,838,1608
sp004,13,0,987,1492
sp004,14,0,845,1245
sp004,15,0,708,1230
sp004,16,0,694,1212
sp004,17,0,943,1398
sp004,18,0,766,1336
sp004,19,0,929,1556
sp004,20,0,880,1602
sp004,21,0,1040,1439
sp004,22,0,1400,1749
sp004,23,0,840,1318
sp004,24,0,840,1105
sp004,25,0,687,1250
sp004,26,0,793,1369
sp004,27,0,882,1489
sp004,28,0,880,1262
sp004,29,0,795,1497
sp004,30,0,1026,1188
sp004,31,0,787,1404
sp004,32,0,906,1263
sp004,33,0,792,1586
sp004,34,0,850,1330
sp004,35,0,1020,1609
sp004,36,0,704,1262
sp004,37,0,799,1420
sp004,38,0,837,1354
sp004,39,0,893,1072
sp004,40,0,964,1455
sp004,41,0,747,1399
sp004,42,0,810,1529
sp004,43,0,942,1562
sp004,44,0,1207,1736
sp004,45,0,824,1367
sp004,46,1,1003,1123
sp004,47,0,783,1272
sp004,48,0,875,1551
sp004,49,0,928,1459
sp004,50,0,910,1459
sp004,51,0,729,1564
sp004,52,0,851,1411
sp004,53,0,857,1574
sp004,54,0,932,1546
sp004,55,0,994,1297
sp004,56,0,997,1234
sp004,57,0,915,1121
sp004,58,0,742,1136
sp004,59,0,903,1237
sp004,60,0,792,1337
sp004,61,0,793,1379
sp004,62,0,878,1454
sp004,63,0,796,1353
sp004,64,0,780,1052
sp004,65,0,757,1254
sp004,66,0,722,1259
sp004,67,0,711,1352
sp004,68,0,811,1436
sp004,69,0,810,1477
sp004,70,0,987,1157
sp004,71,0,797,1109
sp004,72,0,799,1210
sp004,73,0,849,1412
sp004,74,0,782,1615
sp004,75,0,844,1252
sp004,76,0,894,1472
sp004,77,0,874,1409
sp004,78,0,817,1435
sp004,79,0,847,1416
sp004,80,0,721,1283
sp004,81,0,872,1536
sp004,82,0,697,1467
sp004,83,0,861,1542
sp004,84,0,857,1548
sp004,85,0,948,1258
sp004,86,0,923,1502
sp004,87,0,910,1562
sp004,88,0,1012,1602
sp004,89,0,905,1749
sp004,90,0,1020,1557
sp004,91,0,1000,1273
sp004,92,0,772,1389
sp004,93,0,879,1522
sp004,94,0,910,1678
sp004,95,0,787,1410
sp004,96,0,794,1396
sp004,97,0,830,1577
sp004,98,0,909,1552
sp004,99,0,946,1181
sp004,100,0,826,1467
sp004,101,0,786,1463
sp004,102,0,831,1412
sp004,103,0,802,1437
sp004,104,0,789,1473
sp004,105,0,894,1512
sp004,106,0,871,1523
sp004,107,0,837,1508
sp004,108,0,667,1455
sp004,109,0,807,1056
sp004,110,0,890,1443
sp004,111,0,910,1561
sp004,112,0,1032,1358
sp004,113,0,804,1499
sp004,114,0,893,1736
sp004,115,0,819,1395
sp004,116,0,866,1499
sp004,117,0,965,1743
sp004,118,0,911,1646
sp004,119,0,848,1497
sp004,120,0,864,1670
sp004,121,0,943,1355
sp004,122,0,883,1490
sp004,123,0,762,1610
sp004,124,0,1035,1701
sp004,125,0,955,1657
sp004,126,0,967,1528
sp004,127,0,1011,1645
sp004,128,0,763,1465
sp004,129,0,777,1278
sp004,130,0,880,1482
sp004,131,0,945,1483
sp004,132,0,834,1663
sp004,133,0,912,1518
sp004,134,0,852,1457
sp004,135,0,959,1625
sp004,136,0,971,1568
sp004,137,0,1035,1305
sp004,138,0,958,1667
sp004,139,0,943,1629
sp004,140,0,845,1524
sp004,141,0,986,1585
sp004,142,0,1000,1641
sp004,143,0,980,1154
sp004,144,0,1075,1305
sp004,145,0,887,1519
sp004,146,0,892,1540
sp004,147,0,1024,1654
sp004,148,0,1045,1273
sp004,149,0,928,1588
sp004,150,0,943,1124
sp004,151,0,769,1134
sp004,152,0,841,1502
sp004,153,0,750,1656
sp004,154,0,943,1484
sp004,155,0,870,1460
sp004,156,0,825,1402
sp004,157,0,1008,1586
sp004,158,0,725,1345
sp004,159,0,1115,1589
sp004,160,0,907,1382
sp004,161,0,845,1471
sp004,162,0,870,1522
sp004,163,0,870,1431
sp004,164,0,722,1236
sp004,165,0,778,1472
sp004,166,0,924,1245
sp004,167,0,760,1329
sp004,168,0,878,1456
sp004,169,0,864,1476
sp004,170,0,857,1449
sp004,171,0,844,1667
sp004,172,0,822,1400
sp004,173,0,828,1522
sp004,174,0,1020,1488
sp004,175,0,886,1195
sp004,176,0,998,1260
sp004,177,0,968,1225
sp004,178,0,844,1303
sp004,179,0,1012,1200
sp004,180,0,758,1286
sp004,181,0,840,1471
sp004,182,0,826,1568
sp004,183,0,872,1406
sp004,184,0,882,1082
sp004,185,0,913,1465
sp004,186,0,749,1281
sp004,187,0,736,1243
sp004,188,0,934,1467
sp004,189,0,837,1466
sp004,190,0,871,1358
sp004,191,0,840,1303
sp004,192,0,736,1179
sp004,193,0,836,1424
sp004,194,0,704,1537
sp004,195,0,773,1289
sp004,196,0,880,1311
sp004,197,0,878,1459
sp004,198,0,901,1549
sp004,199,0,743,1365
sp004,200,0,774,1421
sp004,201,0,812,1480
sp004,202,0,752,1468
sp004,203,0,782,1385
sp004,204,0,879,1520
sp004,205,0,886,1083
sp004,206,0,925,1452
sp004,207,0,829,1450
sp004,208,0,906,1454
sp004,209,0,841,1712
sp004,210,0,869,1452
sp004,211,0,817,1127
sp004,212,0,764,1270
sp004,213,0,892,1513
sp004,214,0,931,1688
sp004,215,0,902,1565
sp004,216,0,726,1380
sp004,217,0,727,1423
sp004,218,0,773,1140
sp004,219,0,911,1186
sp004,220,0,730,1525
sp004,221,0,805,1502
sp004,222,0,828,1480
sp004,223,0,777,1444
sp004,224,0,784,1411
sp004,225,0,810,1423
sp004,226,0,1086,1749
sp004,227,0,872,1602
sp004,228,0,878,1566
sp004,229,0,917,1185
sp004,230,0,974,1587
sp004,231,0,854,1593
sp004,232,0,920,1207
sp004,233,0,679,1299
sp004,234,0,852,1488
sp004,235,0,772,1365
sp004,236,0,826,1536
sp004,237,0,900,1480
sp004,238,0,850,1626
sp004,239,0,949,1641
sp004,240,0,927,1641
sp004,241,0,958,1283
sp004,242,0,938,1556
sp004,243,0,868,1678
sp004,244,0,1113,1729
sp004,245,0,980,1513
sp004,246,0,1092,1726
sp004,247,0,1015,1557
sp004,248,0,724,1462
sp004,249,0,955,1178
sp004,250,0,996,1607
sp004,251,0,1032,1553
sp004,252,0,876,1546
sp004,253,0,957,1504
sp004,254,0,870,1396
sp004,255,0,681,1287
sp004,256,0,917,1505
sp004,257,0,893,1105
sp004,258,0,852,1436
sp004,259,0,828,1479
sp004,260,0,828,1490
sp004,261,0,870,1392
sp004,262,0,870,1447
sp004,263,0,946,1222
sp004,264,1,1671,1614
sp004,265,0,807,1451
sp004,266,0,923,1487
sp004,267,0,943,1595
sp004,268,0,860,1102
sp004,269,0,794,1401
sp004,270,0,791,971
sp004,271,0,642,1287
sp004,272,0,719,1294
sp004,273,0,709,1395
sp004,274,0,847,1383
sp004,275,0,743,1424
sp004,276,0,765,1347
sp004,277,0,914,1393
sp004,278,0,702,1342
sp004,279,0,821,1051
sp004,280,0,972,1453
sp004,281,0,853,1479
sp004,282,0,966,1578
sp004,283,0,878,1442
sp004,284,0,865,1392
sp004,285,0,786,1453
sp004,286,0,882,1284
sp004,287,0,922,1551
sp004,288,0,916,1642
sp004,289,0,889,1474
sp004,290,0,1032,1592
sp004,291,0,849,1737
sp004,292,0,1055,1585
sp004,293,0,841,1530
sp004,294,0,978,1653
sp004,295,0,949,1166
sp004,296,0,979,1170
sp004,297,0,969,1138
sp004,298,0,887,1230
sp004,299,0,944,1124
sp004,300,0,784,1364
sp004,301,0,803,1332
sp004,302,0,907,1622
sp004,303,0,815,1374
sp004,304,0,925,1152
sp004,305,0,962,1473
sp004,306,0,872,1436
sp004,307,0,979,1608
sp004,308,0,912,1499
sp004,309,0,987,1663
sp004,310,0,1052,1321
sp004,311,0,811,1299
sp004,312,0,765,1199
sp004,313,0,859,1444
sp004,314,0,761,1470
sp004,315,0,965,1420
sp004,316,0,897,1466
sp004,317,0,890,1522
sp004,318,0,783,1443
sp004,319,0,868,1489
sp004,320,0,948,1545
sp004,321,0,854,1424
sp004,322,0,914,1749
sp004,323,0,875,1558
sp004,324,0,898,1508
sp004,325,0,992,1187
sp004,326,0,1012,1542
sp004,327,0,922,1625
sp004,328,0,1038,1749
sp004,329,0,990,1749
sp004,330,0,1048,1719
sp004,331,0,963,1181
sp004,332,0,1028,1586
sp004,333,0,929,1544
sp004,334,0,979,1638
sp004,335,0,934,1603
sp004,336,0,816,1448
sp004,337,0,933,1686
sp004,338,0,920,1416
sp004,339,0,1045,1590
sp004,340,0,944,1699
sp004,341,0,817,1573
sp004,342,0,937,1563
sp004,343,0,976,1583
sp004,344,0,802,1525
sp004,345,0,976,1649
sp004,346,0,1009,1704
sp004,347,0,1029,1719
sp004,348,0,834,1512
sp004,349,0,896,1092
sp004,350,0,1080,1599
sp004,351,0,965,1566
sp004,352,1,1203,1330
sp004,353,0,944,1476
sp004,354,0,854,1473
sp004,355,0,744,1360
sp004,356,0,976,1749
sp004,357,0,951,1644
sp004,358,0,978,1714
sp004,359,0,999,1634
sp004,360,0,943,1539
sp005,1,0,1071,1529
sp005,2,0,1184,1749
sp005,3,0,957,1307
sp005,4,0,987,1379
sp005,5,0,1173,1364
sp005,6,0,1059,1279
sp005,7,0,1008,1393
sp005,8,0,1154,1413
sp005,9,0,1050,1397
sp005,10,0,1088,1416
sp005,11,0,1112,1442
sp005,12,0,1060,1390
sp005,13,0,1144,1472
sp005,14,0,1101,1459
sp005,15,0,1040,1356
sp005,16,0,1089,1507
sp005,17,0,1134,1489
sp005,18,0,1052,1412
sp005,19,0,1070,1481
sp005,20,0,1102,1350
sp005,21,0,988,1214
sp005,22,0,1088,1427
sp005,23,0,1088,1439
sp005,24,0,918,1356
sp005,25,1,1080,1065
sp005,26,0,1135,1656
sp005,27,0,1051,1360
sp005,28,0,989,1424
sp005,29,0,1041,1403
sp005,30,0,1117,1514
sp005,31,0,1008,1352
sp005,32,0,1351,1656
sp005,33,0,1026,1368
sp005,34,1,1319,1399
sp005,35,0,1112,1462
sp005,36,0,1004,1355
sp005,37,0,1009,1410
sp005,38,0,1068,1394
sp005,39,0,1050,1437
sp005,40,0,1060,1396
sp005,41,0,1055,1381
sp005,42,0,965,1322
sp005,43,0,1079,1389
sp005,44,0,1056,1447
sp005,45,0,1051,1339
sp005,46,0,1066,1492
sp005,47,0,1071,1388
sp005,48,0,1082,1445
sp005,49,0,1150,1308
sp005,50,0,1080,1393
sp005,51,0,1151,1390
sp005,52,0,995,1305
sp005,53,0,952,1374
sp005,54,0,942,1294
sp005,55,0,1004,1275
sp005,56,0,1066,1366
sp005,57,0,1062,1333
sp005,58,0,991,1253
sp005,59,0,1043,1370
sp005,60,1,150,0
sp005,61,0,1115,1390
sp005,62,1,1053,1193
sp005,63,0,1054,1332
sp005,64,0,933,1314
sp005,65,1,1580,1431
sp005,66,1,1124,1035
sp005,67,0,991,1388
sp005,68,0,1062,1584
sp005,69,0,1058,1518
sp005,70,0,1050,1459
sp005,71,0,1038,1357
sp005,72,0,1070,1394
sp005,73,0,980,1367
sp005,74,0,808,1134
sp005,75,0,1013,1309
sp005,76,1,1422,1444
sp005,77,1,1054,1024
sp005,78,1,1011,983
sp005,79,1,1099,1052
sp005,80,1,902,837
sp005,81,0,1139,1523
sp005,82,0,1116,1348
sp005,83,0,1074,1437
sp005,84,0,1092,1444
sp005,85,1,1481,1616
sp005,86,0,1045,1344
sp005,87,0,975,1296
sp005,88,0,989,1319
sp005,89,0,1115,1526
sp005,90,0,946,1237
sp005,91,0,1044,1369
sp005,92,0,1026,1458
sp005,93,0,1030,1355
sp005,94,0,1073,1566
sp005,95,0,993,1205
sp005,96,0,987,1337
sp005,97,0,919,1294
sp005,98,0,882,1318
sp005,99,0,960,1275
sp005,100,0,1019,1358
sp005,101,0,1025,1311
sp005,102,0,1000,1344
sp005,103,0,959,1321
sp005,104,0,1052,1349
sp005,105,0,1013,1268
sp005,106,0,1119,1544
sp005,107,0,1028,1388
sp005,108,0,967,1128
sp005,109,1,1045,1123
sp005,110,0,1034,1385
sp005,111,0,972,1324
sp005,112,1,1313,1332
sp005,113,0,976,1423
sp005,114,0,968,1291
sp005,115,1,150,0
sp005,116,0,1014,1375
sp005,117,0,1088,1620
sp005,118,0,1003,1307
sp005,119,0,1054,1448
sp005,120,1,1018,1088
sp005,121,0,1061,1514
sp005,122,0,1116,1572
sp005,123,0,1109,1461
sp005,124,0,1059,1310
sp005,125,0,1038,1346
sp005,126,0,1087,1494
sp005,127,0,1136,1456
sp005,128,0,1059,1339
sp005,129,0,975,1311
sp005,130,0,1087,1417
sp005,131,0,1110,1478
sp005,132,0,1139,1505
sp005,133,0,1076,1422
sp005,134,0,1075,1538
sp005,135,0,1032,1441
sp005,136,0,1086,1441
sp005,137,0,1085,1412
sp005,138,0,1026,1389
sp005,139,0,1036,1467
sp005,140,1,150,0
sp005,141,0,950,1241
sp005,142,0,1042,1388
sp005,143,0,1064,1479
sp005,144,0,1128,1466
sp005,145,1,1093,1233
sp005,146,0,1101,1657
sp005,147,0,1109,1438
sp005,148,0,991,1312
sp005,149,0,1004,1229
sp005,150,0,1093,1492
sp005,151,0,992,1269
sp005,152,0,966,1332
sp005,153,0,961,1265
sp005,154,1,1028,947
sp005,155,1,1014,1155
sp005,156,0,1129,1488
sp005,157,0,1168,1522
sp005,158,1,1081,1229
sp005,159,0,1042,1423
sp005,160,0,1111,1463
sp005,161,0,1083,1457
sp005,162,0,1059,1320
sp005,163,0,1098,1482
sp005,164,0,1088,1420
sp005,165,1,872,808
sp005,166,0,991,1148
sp005,167,0,1077,1324
sp005,168,1,1041,1112
sp005,169,0,1106,1383
sp005,170,0,1078,1330
sp005,171,1,1391,1420
sp005,172,0,1086,1444
sp005,173,0,1036,1435
sp005,174,0,1106,1401
sp005,175,0,1111,1364
sp005,176,0,1118,1410
sp005,177,0,1198,1430
sp005,178,0,1061,1366
sp005,179,0,1009,1309
sp005,180,0,944,1326
sp005,181,0,1064,1308
sp005,182,0,1098,1435
sp005,183,0,1039,1331
sp005,184,0,1065,1366
sp005,185,0,1111,1393
sp005,186,0,1016,1183
sp005,187,0,1105,1427
sp005,188,0,1121,1639
sp005,189,0,1034,1493
sp005,190,0,988,1410
sp005,191,0,999,1378
sp005,192,0,1171,1512
sp005,193,0,1066,1360
sp005,194,0,1038,1385
sp005,195,0,1074,1377
sp005,196,1,1412,1455
sp005,197,0,1096,1404
sp005,198,0,1040,1330
sp005,199,0,1145,1455
sp005,200,0,1065,1325
sp005,201,0,1084,1423
sp005,202,0,985,1341
sp005,203,0,1127,1368
sp005,204,0,1035,1304
sp005,205,1,983,986
sp005,206,0,991,1313
sp005,207,0,1014,1381
sp005,208,0,1072,1434
sp005,209,0,1012,1266
sp005,210,0,995,1306
sp005,211,0,1058,1404
sp005,212,0,988,1252
sp005,213,0,1086,1376
sp005,214,0,1024,1287
sp005,215,0,1051,1377
sp005,216,0,1037,1506
sp005,217,0,987,1327
sp005,218,0,1073,1452
sp005,219,0,1047,1416
sp005,220,0,1103,1330
sp005,221,0,1016,1194
sp005,222,0,1084,1334
sp005,223,0,1117,1553
sp005,224,0,1026,1363
sp005,225,0,1061,1370
sp005,226,0,1080,1411
sp005,227,0,1148,1470
sp005,228,0,1133,1416
sp005,229,1,1286,1373
sp005,230,0,1063,1355
sp005,231,0,1153,1596
sp005,232,0,1128,1525
sp005,233,0,1034,1362
sp005,234,1,150,0
sp005,235,0,1046,1280
sp005,236,0,1148,1672
sp005,237,0,1017,1303
sp005,238,0,1101,1415
sp005,239,1,150,0
sp005,240,0,1268,1718
sp005,241,0,1060,1413
sp005,242,0,1006,1386
sp005,243,0,1101,1460
sp005,244,0,1140,1613
sp005,245,0,1123,1456
sp005,246,0,1042,1391
sp005,247,0,1115,1301
sp005,248,0,1000,1280
sp005,249,0,998,1247
sp005,250,1,1155,1285
sp005,251,0,1134,1432
sp005,252,0,1096,1367
sp005,253,1,150,0
sp005,254,0,1131,1504
sp005,255,0,995,1323
sp005,256,0,1003,1346
sp005,257,0,1002,1283
sp005,258,0,1044,1331
sp005,259,1,1081,1041
sp005,260,0,1003,1337
sp005,261,0,1327,1510
sp005,262,0,1056,1482
sp005,263,0,1068,1472
sp005,264,0,1012,1331
sp005,265,0,1111,1667
sp005,266,0,1042,1362
sp005,267,0,1026,1331
sp005,268,1,150,0
sp005,269,0,988,1460
sp005,270,0,1100,1443
sp005,271,0,1041,1537
sp005,272,0,1070,1419
sp005,273,0,1014,1279
sp005,274,0,1064,1421
sp005,275,0,1037,1458
sp005,276,0,937,1255
sp005,277,0,1024,1290
sp005,278,0,1028,1298
sp005,279,0,967,1411
sp005,280,0,1097,1392
sp005,281,0,1297,1509
sp005,282,0,1073,1272
sp005,283,1,1110,1067
sp005,284,0,1013,1381
sp005,285,0,1060,1327
sp005,286,0,1039,1459
sp005,287,0,1182,1530
sp005,288,0,1050,1428
sp005,289,0,989,1333
sp005,290,0,1082,1447
sp005,291,0,1080,1397
sp005,292,0,1031,1416
sp005,293,0,1016,1520
sp005,294,0,1101,1487
sp005,295,0,1030,1320
sp005,296,0,1035,1383
sp005,297,0,1076,1424
sp005,298,0,1054,1279
sp005,299,1,1422,1445
sp005,300,0,1099,1440
sp005,301,0,1000,1265
sp005,302,0,1122,1496
sp005,303,0,1116,1417
sp005,304,0,1079,1430
sp005,305,0,1197,1461
sp005,306,0,1109,1398
sp005,307,0,1220,1747
sp005,308,0,1097,1388
sp005,309,0,1104,1398
sp005,310,0,1047,1352
sp005,311,0,993,1298
sp005,312,0,1164,1499
sp005,313,0,1106,1268
sp005,314,0,1059,1316
sp005,315,0,1117,1326
sp005,316,0,1096,1380
sp005,317,0,1039,1507
sp005,318,1,915,812
sp005,319,0,1095,1529
sp005,320,0,965,1349
sp005,321,0,1089,1477
sp005,322,0,1100,1443
sp005,323,0,1073,1229
sp005,324,0,1012,1373
sp005,325,0,941,1382
sp005,326,0,918,1202
sp005,327,0,934,1363
sp005,328,0,968,1322
sp005,329,1,1084,1209
sp005,330,0,1046,1405
sp005,331,1,1022,1147
sp005,332,0,1047,1307
sp005,333,0,1078,1404
sp005,334,1,1170,1110
sp005,335,0,1020,1253
sp005,336,0,1003,1420
sp005,337,0,1104,1373
sp005,338,0,905,1316
sp005,339,0,1057,1487
sp005,340,0,1018,1244
sp005,341,0,1055,1451
sp005,342,0,1067,1335
sp005,343,0,1149,1562
sp005,344,0,1113,1451
sp005,345,0,1035,1331
sp005,346,0,1058,1394
sp005,347,1,1020,1107
sp005,348,0,1060,1345
sp005,349,0,1089,1449
sp005,350,0,943,1215
sp005,351,0,1094,1324
sp005,352,0,1059,1402
sp006,1,0,929,1302
sp006,2,0,957,1141
sp006,3,0,926,1183
sp006,4,0,978,1295
sp006,5,0,784,1111
sp006,6,0,728,1106
sp006,7,0,856,1255
sp006,8,0,871,1287
sp006,9,0,900,1368
sp006,10,0,890,1256
sp006,11,0,730,1096
sp006,12,0,738,1217
sp006,13,0,893,1253
sp006,14,0,853,1352
sp006,15,0,776,1153
sp006,16,0,822,1253
sp006,17,0,692,1090
sp006,18,0,934,1333
sp006,19,0,720,1352
sp006,20,0,687,1118
sp006,21,0,870,1247
sp006,22,0,916,1199
sp006,23,0,789,1263
sp006,24,0,925,1237
sp006,25,0,801,1242
sp006,26,0,1041,1604
sp006,27,0,934,1401
sp006,28,0,940,1314
sp006,29,0,835,1273
sp006,30,0,714,1231
sp006,31,0,783,1269
sp006,32,0,768,1186
sp006,33,0,799,1329
sp006,34,0,877,1391
sp006,35,0,945,1320
sp006,36,0,778,1168
sp006,37,0,928,1233
sp006,38,0,838,1259
sp006,39,0,827,1126
sp006,40,0,951,1369
sp006,41,0,879,1469
sp006,42,0,820,1245
sp006,43,0,945,1506
sp006,44,0,901,1317
sp006,45,0,789,1237
sp006,46,0,915,1341
sp006,47,0,905,1346
sp006,48,0,914,1300
sp006,49,0,938,1287
sp006,50,0,779,1173
sp006,51,0,912,1424
sp006,52,0,992,1474
sp006,53,0,870,1487
sp006,54,0,1012,1437
sp006,55,0,1057,1498
sp006,56,0,897,1349
sp006,57,0,780,1411
sp006,58,0,817,1302
sp006,59,0,755,1203
sp006,60,0,832,1458
sp006,61,0,922,1337
sp006,62,0,933,1340
sp006,63,0,913,1309
sp006,64,0,852,1313
sp006,65,0,986,1452
sp006,66,0,719,1176
sp006,67,0,960,1393
sp006,68,0,911,1301
sp006,69,0,914,1301
sp006,70,0,789,1015
sp006,71,0,800,1114
sp006,72,0,782,1158
sp006,73,0,884,1333
sp006,74,0,792,1195
sp006,75,0,906,1305
sp006,76,0,958,1386
sp006,77,0,1088,1420
sp006,78,0,765,1251
sp006,79,0,712,1295
sp006,80,0,889,1273
sp006,81,0,788,1239
sp006,82,0,914,1471
sp006,83,0,819,1249
sp006,84,0,555,1093
sp006,85,0,795,1278
sp006,86,0,817,1375
sp006,87,0,822,1355
sp006,88,0,903,1332
sp006,89,0,891,1302
sp006,90,0,794,1334
sp006,91,0,766,1166
sp006,92,0,717,1175
sp006,93,0,769,1189
sp006,94,0,766,1360
sp006,95,0,1010,1451
sp006,96,0,808,1266
sp006,97,0,853,1231
sp006,98,0,712,1197
sp006,99,0,770,1054
sp006,100,0,862,1188
sp006,101,0,945,1330
sp006,102,0,879,1244
sp006,103,0,750,1203
sp006,104,0,755,1155
sp006,105,0,949,1360
sp006,106,0,771,1131
sp006,107,0,873,1273
sp006,108,0,784,1184
sp006,109,0,916,1381
sp006,110,0,881,1323
sp006,111,0,809,1178
sp006,112,0,842,1358
sp006,113,0,852,1149
sp006,114,0,811,1312
sp006,115,0,753,1104
sp006,116,0,848,1329
sp006,117,0,728,1149
sp006,118,0,846,1146
sp006,119,0,729,1359
sp006,120,0,821,1278
sp006,121,0,772,1126
sp006,122,0,789,1236
sp006,123,0,928,1210
sp006,124,0,958,1320
sp006,125,0,739,1101
sp006,126,0,731,1135
sp006,127,0,748,1165
sp006,128,0,769,1193
sp006,129,0,772,1161
sp006,130,0,868,1238
sp006,131,0,717,1109
sp006,132,0,836,1256
sp006,133,0,881,1269
sp006,134,0,844,1316
sp006,135,0,872,1288
sp006,136,0,830,1349
sp006,137,0,783,1260
sp006,138,0,745,1147
sp006,139,0,765,1272
sp006,140,0,749,1242
sp006,141,0,914,1360
sp006,142,0,878,1316
sp006,143,0,971,1432
sp006,144,0,895,1247
sp006,145,0,824,1324
sp006,146,0,834,1380
sp006,147,0,992,1418
sp006,148,0,819,1348
sp006,149,0,899,1334
sp006,150,0,762,1275
sp006,151,0,826,1340
sp006,152,0,783,1251
sp006,153,0,873,1369
sp006,154,0,913,1348
sp006,155,0,844,1308
sp006,156,0,659,1206
sp006,157,0,926,1226
sp006,158,0,796,1154
sp006,159,0,813,1132
sp006,160,0,960,1343
sp006,161,0,829,1284
sp006,162,0,897,1441
sp006,163,0,872,1523
sp006,164,0,970,1404
sp006,165,0,864,1276
sp006,166,0,914,1357
sp006,167,0,914,1357
sp006,168,0,859,1382
sp006,169,0,1025,1392
sp006,170,0,927,1425
sp006,171,0,939,1519
sp006,172,0,746,1232
sp006,173,0,767,1426
sp006,174,0,899,1374
sp006,175,0,984,1483
sp006,176,0,845,1390
sp006,177,0,670,1395
sp006,178,0,742,1243
sp006,179,0,756,1278
sp006,180,0,773,1375
sp006,181,0,871,1348
sp006,182,0,796,1315
sp006,183,0,780,1261
sp006,184,0,803,1221
sp006,185,0,881,1355
sp006,186,0,901,1428
sp006,187,0,875,1301
sp006,188,0,943,1340
sp006,189,0,779,1250
sp006,190,0,807,1172
sp006,191,0,655,1118
sp006,192,0,747,1165
sp006,193,0,867,1466
sp006,194,0,831,1237
sp006,195,0,897,1326
sp006,196,0,733,1175
sp006,197,0,920,1308
sp006,198,0,701,1157
sp006,199,0,685,1231
sp006,200,0,857,1313
sp006,201,0,768,1262
sp006,202,0,892,1417
sp006,203,0,940,1407
sp006,204,0,702,1387
sp006,205,0,705,1243
sp006,206,0,700,1241
sp006,207,0,810,1296
sp006,208,0,861,1326
sp006,209,0,908,1348
sp006,210,0,740,1317
sp006,211,0,734,1198
sp006,212,0,698,1182
sp006,213,0,776,1279
sp006,214,0,789,1437
sp006,215,0,853,1282
sp006,216,0,781,1299
sp006,217,0,838,1282
sp006,218,0,866,1471
sp006,219,0,1007,1421
sp006,220,0,941,1347
sp006,221,0,801,1236
sp006,222,0,851,1279
sp006,223,0,742,1165
sp006,224,0,815,1178
sp006,225,0,933,1358
sp006,226,0,779,1168
sp006,227,0,911,1395
sp006,228,0,761,1144
sp006,229,0,834,1216
sp006,230,0,721,1148
sp006,231,0,833,1220
sp006,232,0,912,1373
sp006,233,0,846,1182
sp006,234,0,766,1229
sp006,235,0,913,1345
sp006,236,0,806,1208
sp006,237,0,811,1274
sp006,238,0,907,1133
sp006,239,0,763,1388
sp006,240,0,756,1322
sp006,241,0,791,1217
sp006,242,0,676,1067
sp006,243,0,871,1121
sp006,244,0,914,1283
sp006,245,0,731,1099
sp006,246,0,686,1037
sp006,247,0,785,1159
sp006,248,0,764,1186
sp006,249,0,764,1145
sp006,250,0,900,1203
sp006,251,0,768,1165
sp006,252,0,905,1343
sp006,253,0,1045,1481
sp006,254,0,816,1365
sp006,255,0,955,1310
sp006,256,0,859,1413
sp006,257,0,780,1207
sp006,258,0,693,1164
sp006,259,0,704,1327
sp006,260,0,748,1157
sp006,261,0,938,1393
sp006,262,0,863,1238
sp006,263,0,718,1401
sp006,264,0,756,1190
sp006,265,0,833,1341
sp006,266,0,854,1428
sp006,267,0,898,1390
sp006,268,0,760,1201
sp006,269,0,768,1227
sp006,270,0,676,1323
sp006,271,0,856,1373
sp006,272,0,823,1225
sp006,273,0,815,1377
sp006,274,0,910,1265
sp006,275,0,816,1222
sp006,276,0,783,1297
sp006,277,0,927,1208
sp006,278,0,758,1228
sp006,279,0,894,1259
sp006,280,0,914,1322
sp006,281,0,842,1356
sp006,282,0,766,1267
sp006,283,0,709,1390
sp006,284,0,998,1390
sp006,285,0,792,1237
sp006,286,0,826,1295
sp006,287,0,825,1351
sp006,288,0,863,1323
sp006,289,0,864,1137
sp006,290,0,677,1086
sp006,291,0,804,1298
sp006,292,0,828,1271
sp006,293,0,885,1506
sp006,294,0,921,1404
sp006,295,0,863,1280
sp006,296,0,869,1385
sp006,297,0,681,1338
sp006,298,0,906,1291
sp006,299,0,748,1196
sp006,300,0,950,1311
sp006,301,0,932,1332
sp006,302,0,849,1268
sp006,303,0,700,1163
sp006,304,0,826,1262
sp006,305,0,845,1329
sp006,306,0,669,1136
sp006,307,0,898,1288
sp006,308,0,1010,1428
sp006,309,0,744,1189
sp006,310,0,887,1265
sp006,311,0,798,1246
sp006,312,0,867,1261
sp006,313,0,820,1319
sp006,314,0,862,1342
sp006,315,0,889,1340
sp006,316,0,903,1349
sp006,317,0,988,1341
sp006,318,0,718,1121
sp006,319,0,732,1305
sp006,320,0,878,1209
sp006,321,0,815,1389
sp006,322,0,893,1424
sp006,323,0,974,1415
sp006,324,0,697,1317
sp006,325,0,749,1271
sp006,326,0,817,1321
sp006,327,0,906,1347
sp006,328,0,910,1323
sp006,329,0,941,1331
sp006,330,0,628,1298
sp006,331,0,648,1100
sp006,332,0,696,1279
sp006,333,0,833,1229
sp006,334,0,791,1488
sp006,335,0,883,1348
sp006,336,0,800,1255
sp006,337,0,814,1273
sp006,338,0,939,1354
sp006,339,0,865,1219
sp006,340,0,951,1361
sp006,341,0,888,1345
sp006,342,0,758,1140
sp006,343,0,654,1094
sp006,344,0,724,1171
sp006,345,0,867,1280
sp006,346,0,826,1223
sp006,347,0,943,1371
sp006,348,0,977,1308
sp006,349,0,750,1134
sp006,350,0,752,1097
sp006,351,0,821,1224
sp006,352,0,933,1459
sp006,353,0,934,1239
sp006,354,0,754,1279
sp006,355,0,785,1199
sp006,356,0,756,1196
sp006,357,0,754,1175
sp006,358,0,898,1183
sp006,359,0,783,1513
sp006,360,0,862,1242
sp007,1,0,754,1190
sp007,2,0,720,1083
sp007,3,0,624,1198
sp007,4,0,685,1169
sp007,5,0,750,1156
sp007,6,0,738,1103
sp007,7,0,772,1034
sp007,8,0,720,1041
sp007,9,0,823,1210
sp007,10,0,701,974
sp007,11,0,601,945
sp007,12,0,684,1050
sp007,13,0,672,970
sp007,14,0,669,998
sp007,15,0,670,974
sp007,16,0,925,1241
sp007,17,0,675,991
sp007,18,0,657,989
sp007,19,0,737,1311
sp007,20,0,813,1065
sp007,21,0,789,1020
sp007,22,0,649,1029
sp007,23,0,566,946
sp007,24,0,553,895
sp007,25,0,681,1009
sp007,26,0,686,999
sp007,27,0,724,981
sp007,28,0,699,920
sp007,29,0,693,1019
sp007,30,0,707,1114
sp007,31,0,706,995
sp007,32,0,716,913
sp007,33,0,747,932
sp007,34,0,667,982
sp007,35,0,682,976
sp007,36,0,1239,1568
sp007,37,0,589,935
sp007,38,0,918,1166
sp007,39,1,1316,1526
sp007,40,0,628,988
sp007,41,0,811,1083
sp007,42,0,672,1084
sp007,43,0,620,909
sp007,44,0,682,936
sp007,45,0,722,1088
sp007,46,0,743,903
sp007,47,0,820,1010
sp007,48,0,676,961
sp007,49,0,644,874
sp007,50,0,682,1020
sp007,51,0,907,1268
sp007,52,0,710,1015
sp007,53,0,858,1128
sp007,54,0,866,1180
sp007,55,0,779,996
sp007,56,0,527,936
sp007,57,0,661,881
sp007,58,0,832,987
sp007,59,0,728,1055
sp007,60,0,714,1018
sp007,61,0,686,1091
sp007,62,0,652,970
sp007,63,0,476,845
sp007,64,0,628,916
sp007,65,0,539,950
sp007,66,0,734,1028
sp007,67,0,717,1024
sp007,68,0,756,1054
sp007,69,0,588,886
sp007,70,0,750,972
sp007,71,0,833,1104
sp007,72,0,528,814
sp007,73,0,600,880
sp007,74,0,707,944
sp007,75,0,555,1004
sp007,76,0,344,693
sp007,77,1,557,627
sp007,78,1,150,0
sp007,79,0,728,1011
sp007,80,0,581,1028
sp007,81,0,662,988
sp007,82,1,150,0
sp007,83,0,1417,1677
sp007,84,0,700,854
sp007,85,0,559,718
sp007,86,0,567,814
sp007,87,0,614,891
sp007,88,0,768,995
sp007,89,1,766,913
sp007,90,0,657,927
sp007,91,0,617,959
sp007,92,1,735,791
sp007,93,0,698,986
sp007,94,0,895,1159
sp007,95,0,660,930
sp007,96,0,688,996
sp007,97,1,150,0
sp007,98,0,719,992
sp007,99,0,650,941
sp007,100,0,586,993
sp007,101,0,561,1151
sp007,102,0,714,959
sp007,103,0,709,991
sp007,104,0,557,1070
sp007,105,0,680,1010
sp007,106,0,650,1093
sp007,107,0,570,942
sp007,108,0,592,961
sp007,109,0,842,1136
sp007,110,0,700,967
sp007,111,0,791,1029
sp007,112,0,607,869
sp007,113,0,611,884
sp007,114,0,902,1202
sp007,115,1,1101,994
sp007,116,0,820,1069
sp007,117,0,733,950
sp007,118,0,645,898
sp007,119,0,692,905
sp007,120,0,992,1173
sp007,121,0,650,953
sp007,122,0,694,949
sp007,123,0,712,1213
sp007,124,0,638,1030
sp007,125,0,870,1042
sp007,126,0,715,963
sp007,127,0,669,962
sp007,128,0,686,958
sp007,129,0,1033,1261
sp007,130,0,736,1031
sp007,131,1,150,0
sp007,132,0,678,975
sp007,133,0,644,947
sp007,134,0,692,847
sp007,135,0,691,1035
sp007,136,0,670,875
sp007,137,0,719,1027
sp007,138,0,816,979
sp007,139,0,742,1254
sp007,140,0,678,954
sp007,141,0,841,1114
sp007,142,0,703,991
sp007,143,0,570,966
sp007,144,0,640,1012
sp007,145,0,703,952
sp007,146,0,649,900
sp007,147,0,679,936
sp007,148,0,736,997
sp007,149,0,610,965
sp007,150,0,573,1030
sp007,151,0,678,970
sp007,152,0,586,848
sp007,153,0,626,870
sp007,154,0,668,1026
sp007,155,0,684,917
sp007,156,0,668,873
sp007,157,0,707,1032
sp007,158,0,672,894
sp007,159,0,680,998
sp007,160,0,618,977
sp007,161,1,935,815
sp007,162,0,870,1165
sp007,163,0,719,940
sp007,164,0,662,899
sp007,165,0,622,889
sp007,166,0,1130,1348
sp007,167,0,735,940
sp007,168,0,679,931
sp007,169,0,669,917
sp007,170,0,655,938
sp007,171,0,642,932
sp007,172,0,692,947
sp007,173,1,522,597
sp007,174,0,627,904
sp007,175,1,1271,1149
sp007,176,0,557,903
sp007,177,0,664,813
sp007,178,0,698,934
sp007,179,0,672,991
sp007,180,0,752,1019
sp007,181,0,608,867
sp007,182,0,649,916
sp007,183,0,676,893
sp007,184,0,710,933
sp007,185,0,480,773
sp007,186,1,150,0
sp007,187,1,701,766
sp007,188,0,761,913
sp007,189,0,744,1040
sp007,190,0,719,947
sp007,191,0,700,936
sp007,192,0,463,700
sp007,193,0,646,934
sp007,194,0,602,826
sp007,195,0,640,905
sp007,196,0,669,837
sp007,197,0,639,850
sp007,198,1,150,0
sp007,199,0,635,925
sp007,200,1,480,519
sp007,201,1,1008,1021
sp007,202,0,664,950
sp007,203,0,658,924
sp007,204,0,693,1022
sp007,205,0,710,885
sp007,206,0,625,891
sp007,207,0,557,796
sp007,208,0,712,916
sp007,209,0,687,840
sp007,210,0,593,843
sp007,211,0,570,795
sp007,212,0,756,924
sp007,213,0,646,852
sp007,214,0,728,1028
sp007,215,0,649,936
sp007,216,1,753,841
sp007,217,0,686,986
sp007,218,0,1018,1313
sp007,219,0,727,1070
sp007,220,0,529,828
sp007,221,0,631,1059
sp007,222,1,857,961
sp007,223,0,562,826
sp007,224,0,609,1149
sp007,225,0,594,889
sp007,226,0,598,921
sp007,227,0,577,906
sp007,228,0,593,844
sp007,229,0,655,860
sp007,230,1,666,804
sp007,231,1,446,312
sp007,232,0,794,984
sp007,233,1,760,882
sp007,234,0,686,938
sp007,235,0,657,865
sp007,236,0,775,969
sp007,237,0,695,887
sp007,238,0,715,923
sp007,239,0,654,847
sp007,240,1,682,673
sp007,241,1,593,671
sp007,242,1,719,806
sp007,243,0,569,982
sp007,244,0,721,941
sp007,245,0,828,1085
sp007,246,1,653,790
sp007,247,0,749,1016
sp007,248,0,520,785
sp007,249,0,659,895
sp007,250,0,503,822
sp007,251,0,846,1102
sp007,252,1,927,880
sp007,253,0,644,934
sp007,254,1,821,748
sp007,255,0,697,1088
sp007,256,0,812,1043
sp007,257,0,649,957
sp007,258,1,632,673
sp007,259,0,1234,1543
sp007,260,0,676,924
sp007,261,0,657,906
sp007,262,0,1134,1355
sp007,263,0,353,731
sp007,264,0,532,874
sp007,265,0,612,864
sp007,266,0,717,934
sp007,267,0,678,977
sp007,268,0,1082,1254
sp007,269,0,297,614
sp007,270,0,643,1012
sp007,271,0,642,885
sp007,272,0,679,848
sp007,273,1,639,739
sp007,274,0,687,1009
sp007,275,0,616,887
sp007,276,1,1062,1149
sp007,277,1,721,837
sp007,278,1,661,550
sp007,279,0,669,981
sp007,280,1,1086,1076
sp007,281,1,677,804
sp007,282,0,1537,1706
sp007,283,0,634,879
sp007,284,0,1034,1206
sp007,285,0,627,1000
sp007,286,1,624,745
sp007,287,0,782,1051
sp007,288,0,676,963
sp007,289,1,458,431
sp007,290,1,1001,878
sp007,291,0,609,1006
sp007,292,0,699,982
sp007,293,0,689,898
sp007,294,0,538,815
sp007,295,0,565,725
sp007,296,0,600,982
sp007,297,1,678,818
sp007,298,0,659,942
sp007,299,1,799,838
sp007,300,0,668,990
sp007,301,0,547,915
sp007,302,0,656,971
sp007,303,0,497,827
sp007,304,0,585,891
sp007,305,0,446,824
sp007,306,0,632,876
sp007,307,0,1015,1323
sp007,308,0,691,948
sp007,309,0,747,1049
sp007,310,0,562,755
sp007,311,0,579,885
sp007,312,0,605,876
sp007,313,0,579,899
sp007,314,0,632,867
sp007,315,0,693,988
sp007,316,0,627,893
sp007,317,0,713,934
sp007,318,1,150,0
sp007,319,0,568,913
sp007,320,0,545,922
sp007,321,0,594,913
sp007,322,0,692,901
sp007,323,0,836,1053
sp007,324,0,658,992
sp007,325,1,724,833
sp007,326,0,702,952
sp007,327,1,553,607
sp007,328,0,782,990
sp007,329,1,644,766
sp007,330,0,648,892
sp007,331,0,646,914
sp007,332,0,658,995
sp007,333,0,602,869
sp007,334,0,611,877
sp007,335,0,604,910
sp007,336,0,660,955
sp007,337,0,594,879
sp007,338,0,623,960
sp007,339,0,702,1015
sp007,340,0,558,912
sp007,341,0,385,798
sp007,342,0,600,896
sp007,343,0,336,601
sp007,344,0,534,963
sp007,345,0,654,952
sp007,346,0,671,972
sp007,347,0,814,998
sp007,348,0,761,1030
sp007,349,0,1285,1434
sp007,350,0,556,757
sp007,351,0,724,938
sp007,352,0,710,966
sp007,353,0,619,868
sp007,354,0,652,876
sp007,355,0,644,843
sp007,356,0,749,956
sp007,357,0,735,941
sp007,358,0,628,867
sp007,359,0,638,884
sp007,360,1,1329,1205
sp008,1,0,853,1044
sp008,2,0,778,1275
sp008,3,0,869,1161
sp008,4,0,702,926
sp008,5,0,770,1077
sp008,6,0,839,1140
sp008,7,0,768,1224
sp008,8,0,818,1128
sp008,9,0,739,1201
sp008,10,0,731,987
sp008,11,0,904,1264
sp008,12,1,1149,1073
sp008,13,0,893,1260
sp008,14,0,620,952
sp008,15,0,785,1091
sp008,16,1,617,703
sp008,17,0,845,1215
sp008,18,0,915,1221
sp008,19,1,150,0
sp008,20,0,769,1169
sp008,21,0,815,1206
sp008,22,0,577,1172
sp008,23,0,807,1194
sp008,24,0,688,982
sp008,25,0,708,1108
sp008,26,0,713,1010
sp008,27,0,766,1189
sp008,28,0,581,1077
sp008,29,0,754,1118
sp008,30,0,606,1066
sp008,31,0,789,949
sp008,32,0,690,1110
sp008,33,0,640,1179
sp008,34,0,568,937
sp008,35,0,826,1118
sp008,36,0,648,981
sp008,37,0,951,1153
sp008,38,0,860,1110
sp008,39,0,794,1131
sp008,40,1,1371,1376
sp008,41,0,611,1103
sp008,42,0,543,1072
sp008,43,0,755,1109
sp008,44,0,720,1102
sp008,45,0,735,1168
sp008,46,0,736,1028
sp008,47,0,737,1069
sp008,48,0,622,1170
sp008,49,0,557,1134
sp008,50,0,537,1132
sp008,51,0,685,948
sp008,52,0,667,1039
sp008,53,0,683,1225
sp008,54,0,537,1078
sp008,55,0,661,858
sp008,56,0,582,1212
sp008,57,0,628,1255
sp008,58,0,729,1224
sp008,59,0,854,1289
sp008,60,0,553,1114
sp008,61,0,624,1348
sp008,62,0,711,1186
sp008,63,0,700,1163
sp008,64,0,645,976
sp008,65,0,727,921
sp008,66,0,748,1007
sp008,67,0,519,1070
sp008,68,0,580,1248
sp008,69,0,548,1147
sp008,70,0,699,987
sp008,71,0,1137,1343
sp008,72,0,714,1261
sp008,73,0,844,1302
sp008,74,0,759,1022
sp008,75,0,671,1143
sp008,76,0,723,1251
sp008,77,0,565,961
sp008,78,0,691,1119
sp008,79,0,398,838
sp008,80,0,693,1257
sp008,81,1,721,863
sp008,82,1,1107,1213
sp008,83,0,787,1163
sp008,84,0,888,1294
sp008,85,1,908,855
sp008,86,0,728,1068
sp008,87,0,752,1159
sp008,88,0,847,1086
sp008,89,1,800,889
sp008,90,0,682,1020
sp008,91,0,562,1165
sp008,92,0,845,1189
sp008,93,0,723,1276
sp008,94,0,680,1045
sp008,95,0,712,1101
sp008,96,0,532,1135
sp008,97,0,606,1002
sp008,98,0,562,1221
sp008,99,0,692,1158
sp008,100,0,591,1131
sp008,101,0,422,1142
sp008,102,0,689,1170
sp008,103,0,873,1181
sp008,104,0,581,1352
sp008,105,0,786,1274
sp008,106,0,672,1091
sp008,107,0,693,1078
sp008,108,0,914,1348
sp008,109,0,646,1117
sp008,110,0,728,1203
sp008,111,0,471,1092
sp008,112,0,681,1083
sp008,113,0,565,1205
sp008,114,0,723,1208
sp008,115,0,771,1177
sp008,116,0,645,1178
sp008,117,0,708,1221
sp008,118,0,660,1265
sp008,119,0,775,1200
sp008,120,0,764,1387
sp008,121,0,802,1268
sp008,122,0,598,1164
sp008,123,0,773,1223
sp008,124,0,690,1114
sp008,125,0,685,1142
sp008,126,0,717,1257
sp008,127,0,740,1285
sp008,128,0,595,1067
sp008,129,0,571,1083
sp008,130,0,561,1022
sp008,131,0,775,1286
sp008,132,0,797,1311
sp008,133,0,645,1181
sp008,134,0,724,1174
sp008,135,0,752,1148
sp008,136,0,506,1118
sp008,137,0,728,1288
sp008,138,0,791,1269
sp008,139,0,631,1093
sp008,140,0,619,1321
sp008,141,0,722,1102
sp008,142,0,528,1025
sp008,143,0,710,1131
sp008,144,0,614,1337
sp008,145,0,753,1208
sp008,146,0,624,1088
sp008,147,0,595,1044
sp008,148,0,702,1355
sp008,149,0,750,1149
sp008,150,0,819,1522
sp008,151,0,759,1141
sp008,152,0,664,1225
sp008,153,0,587,1262
sp008,154,0,573,1290
sp008,155,0,841,1177
sp008,156,0,716,1124
sp008,157,0,756,906
sp008,158,0,877,1211
sp008,159,0,644,1089
sp008,160,0,780,1177
sp008,161,0,632,1263
sp008,162,0,684,1375
sp008,163,0,759,1185
sp008,164,0,681,1083
sp008,165,0,708,1265
sp008,166,0,886,1356
sp008,167,0,634,1112
sp008,168,0,1001,1204
sp008,169,0,505,1063
sp008,170,0,620,1249
sp008,171,0,768,1151
sp008,172,0,728,1150
sp008,173,0,648,1287
sp008,174,0,606,1117
sp008,175,0,637,1034
sp008,176,0,582,1145
sp008,177,0,664,1288
sp008,178,0,817,1301
sp008,179,0,778,1199
sp008,180,0,612,1170
sp008,181,0,508,1111
sp008,182,0,511,888
sp008,183,0,560,1064
sp008,184,0,684,1237
sp008,185,0,632,962
sp008,186,0,686,1081
sp008,187,0,551,1153
sp008,188,0,465,1070
sp008,189,0,552,1098
sp008,190,0,819,1232
sp008,191,0,721,1010
sp008,192,0,511,1085
sp008,193,0,756,1249
sp008,194,0,805,1098
sp008,195,0,717,1199
sp008,196,0,900,1447
sp008,197,0,670,1176
sp008,198,0,702,1092
sp008,199,0,769,1258
sp008,200,0,636,1282
sp008,201,0,758,1053
sp008,202,0,742,1292
sp008,203,0,803,1085
sp008,204,0,755,1252
sp008,205,0,843,1202
sp008,206,0,712,1063
sp008,207,0,784,1168
sp008,208,0,814,1194
sp008,209,0,935,1096
sp008,210,0,700,1044
sp008,211,0,628,1261
sp008,212,0,801,1284
sp008,213,0,648,1135
sp008,214,0,658,1290
sp008,215,0,751,1309
sp008,216,0,584,1216
sp008,217,0,676,1087
sp008,218,0,510,1277
sp008,219,0,657,1078
sp008,220,0,759,1202
sp008,221,0,607,1148
sp008,222,0,618,1044
sp008,223,0,762,1063
sp008,224,0,552,1202
sp008,225,0,696,1139
sp008,226,0,782,1303
sp008,227,0,608,947
sp008,228,0,602,1245
sp008,229,0,589,1113
sp008,230,0,699,1111
sp008,231,0,558,1160
sp008,232,0,628,1006
sp008,233,0,561,1423
sp008,234,0,688,1201
sp008,235,0,708,1149
sp008,236,0,571,1121
sp008,237,0,738,1254
sp008,238,0,620,996
sp008,239,0,855,1326
sp008,240,1,666,801
sp008,241,0,772,1191
sp008,242,0,683,1196
sp008,243,0,919,1239
sp008,244,0,854,1148
sp008,245,0,756,1173
sp008,246,0,684,1136
sp008,247,0,520,1191
sp008,248,0,690,1108
sp008,249,0,639,1236
sp008,250,0,754,1179
sp008,251,0,693,1172
sp008,252,0,786,1197
sp008,253,0,607,1024
sp008,254,0,787,1207
sp008,255,0,645,1062
sp008,256,0,598,1143
sp008,257,0,589,1135
sp008,258,0,749,1235
sp008,259,0,788,1405
sp008,260,0,674,1281
sp008,261,0,784,1128
sp008,262,0,532,1079
sp008,263,0,707,1146
sp008,264,0,461,1112
sp008,265,0,639,1173
sp008,266,0,726,1385
sp008,267,0,724,1228
sp008,268,0,654,1377
sp008,269,0,755,1337
sp008,270,0,655,1345
sp008,271,0,698,1232
sp008,272,0,745,1418
sp008,273,0,680,1380
sp008,274,0,639,1246
sp008,275,0,891,1452
sp008,276,0,682,1283
sp008,277,0,965,1457
sp008,278,0,758,1296
sp008,279,0,749,1132
sp008,280,0,760,1225
sp008,281,0,593,1403
sp008,282,0,685,1433
sp008,283,0,672,1241
sp008,284,0,725,1171
sp008,285,0,707,1219
sp008,286,0,745,1230
sp008,287,0,625,1223
sp008,288,0,671,1329
sp008,289,0,503,1121
sp008,290,0,586,1316
sp008,291,0,671,1062
sp008,292,0,671,1136
sp008,293,0,665,1242
sp008,294,0,522,1119
sp008,295,0,740,1099
sp008,296,0,917,1271
sp008,297,0,521,1086
sp008,298,0,726,1352
sp008,299,0,499,937
sp008,300,0,710,1327
sp008,301,0,676,1339
sp008,302,0,727,1296
sp008,303,0,766,1358
sp008,304,0,717,1206
sp008,305,0,617,903
sp008,306,0,728,1253
sp008,307,0,567,1295
sp008,308,0,660,1336
sp008,309,0,725,1357
sp008,310,0,766,1299
sp008,311,0,760,1116
sp008,312,0,652,1335
sp008,313,0,941,1388
sp008,314,0,890,1174
sp008,315,0,688,1225
sp008,316,0,812,1307
sp008,317,0,671,1261
sp008,318,0,688,1218
sp008,319,0,653,1226
sp008,320,0,536,1161
sp008,321,0,674,1074
sp008,322,0,721,1245
sp008,323,0,902,1164
sp008,324,0,722,1203
sp008,325,0,931,1316
sp008,326,0,768,1022
sp008,327,0,687,1154
sp008,328,0,686,1143
sp008,329,0,811,1078
sp008,330,0,709,1188
sp008,331,0,631,1206
sp008,332,0,751,1223
sp008,333,0,923,1403
sp008,334,0,532,1108
sp008,335,0,748,1143
sp008,336,0,530,1033
sp008,337,0,735,1157
sp008,338,0,614,1274
sp008,339,0,799,1197
sp008,340,0,662,1078
sp008,341,0,713,1162
sp008,342,0,715,1134
sp008,343,0,771,1077
sp008,344,0,569,1216
sp008,345,0,703,1147
sp008,346,0,734,1215
sp008,347,0,676,1102
sp008,348,0,874,1476
sp008,349,0,714,1166
sp008,350,0,777,1232
sp008,351,0,541,1218
sp008,352,0,658,1164
sp008,353,0,614,1303
sp008,354,0,780,1348
sp008,355,0,794,1270
sp008,356,0,783,1181
sp008,357,0,828,1302
sp008,358,0,581,1306
sp008,359,0,766,1172
sp008,360,0,752,1404
sp009,1,0,1053,1248
sp009,2,0,1039,1287
sp009,3,0,962,1355
sp009,4,0,1069,1283
sp009,5,0,1072,1379
sp009,6,0,1060,1286
sp009,7,0,1050,1372
sp009,8,0,1051,1335
sp009,9,0,994,1328
sp009,10,0,956,1223
sp009,11,0,867,1220
sp009,12,0,860,1232
sp009,13,1,930,1285
sp009,14,0,908,1284
sp009,15,0,983,1320
sp009,16,0,892,1239
sp009,17,0,1008,1301
sp009,18,0,975,1248
sp009,19,0,1042,1340
sp009,20,0,989,1269
sp009,21,0,847,1075
sp009,22,0,1061,1270
sp009,23,0,1003,1216
sp009,24,0,916,1200
sp009,25,0,1034,1274
sp009,26,0,887,1061
sp009,27,0,1039,1309
sp009,28,0,1012,1293
sp009,29,0,1013,1345
sp009,30,0,977,1306
sp009,31,0,978,1257
sp009,32,0,946,1294
sp009,33,0,1097,1339
sp009,34,1,949,1064
sp009,35,0,1038,1316
sp009,36,0,859,1258
sp009,37,0,1018,1461
sp009,38,0,916,1253
sp009,39,0,1031,1284
sp009,40,0,1026,1231
sp009,41,0,789,1224
sp009,42,0,957,1338
sp009,43,0,1040,1309
sp009,44,0,968,1343
sp009,45,0,998,1348
sp009,46,0,1016,1329
sp009,47,0,972,1291
sp009,48,0,992,1185
sp009,49,0,963,1265
sp009,50,0,982,1293
sp009,51,0,703,1000
sp009,52,0,807,1248
sp009,53,0,908,1204
sp009,54,0,828,1280
sp009,55,0,818,1187
sp009,56,0,821,1263
sp009,57,0,904,1298
sp009,58,0,940,1268
sp009,59,0,806,1141
sp009,60,0,851,1286
sp009,61,0,939,1453
sp009,62,0,872,1332
sp009,63,0,886,1257
sp009,64,0,982,1300
sp009,65,0,840,1245
sp009,66,0,736,1243
sp009,67,0,897,1280
sp009,68,0,915,1269
sp009,69,0,996,1355
sp009,70,0,922,1250
sp009,71,0,971,1240
sp009,72,0,1041,1340
sp009,73,0,962,1201
sp009,74,0,885,1323
sp009,75,0,859,1268
sp009,76,0,882,1260
sp009,77,0,883,1335
sp009,78,0,965,1237
sp009,79,0,1070,1273
sp009,80,0,952,1308
sp009,81,0,985,1268
sp009,82,0,938,1227
sp009,83,0,1018,1211
sp009,84,0,1038,1367
sp009,85,0,958,1284
sp009,86,0,933,1179
sp009,87,0,1018,1424
sp009,88,0,946,1312
sp009,89,0,892,1410
sp009,90,0,965,1264
sp009,91,0,977,1199
sp009,92,0,854,1244
sp009,93,0,888,1286
sp009,94,0,898,1338
sp009,95,0,1047,1390
sp009,96,0,967,1416
sp009,97,0,987,1385
sp009,98,0,898,1262
sp009,99,0,901,1316
sp009,100,0,1000,1412
sp009,101,0,967,1355
sp009,102,0,874,1224
sp009,103,0,1084,1394
sp009,104,0,867,1208
sp009,105,0,1011,1378
sp009,106,0,880,1233
sp009,107,0,1004,1262
sp009,108,0,1054,1381
sp009,109,0,839,1341
sp009,110,0,932,1287
sp009,111,0,798,1162
sp009,112,0,829,1184
sp009,113,0,906,1173
sp009,114,0,814,1205
sp009,115,0,935,1299
sp009,116,0,803,1283
sp009,117,0,965,1394
sp009,118,0,918,1216
sp009,119,0,813,1078
sp009,120,0,828,1155
sp009,121,0,1022,1275
sp009,122,0,891,1217
sp009,123,0,782,1221
sp009,124,0,881,1206
sp009,125,0,943,1263
sp009,126,0,1113,1413
sp009,127,0,894,1265
sp009,128,0,927,1266
sp009,129,0,920,1328
sp009,130,0,847,1222
sp009,131,0,791,1221
sp009,132,0,735,1142
sp009,133,0,796,1131
sp009,134,0,1017,1353
sp009,135,0,895,1249
sp009,136,0,848,1245
sp009,137,0,971,1236
sp009,138,0,801,1146
sp009,139,0,966,1363
sp009,140,0,902,1187
sp009,141,0,872,1203
sp009,142,0,987,1284
sp009,143,0,897,1258
sp009,144,0,893,1239
sp009,145,0,977,1196
sp009,146,0,869,1194
sp009,147,0,982,1329
sp009,148,0,914,1189
sp009,149,0,986,1372
sp009,150,0,957,1281
sp009,151,0,902,1195
sp009,152,0,854,1233
sp009,153,0,975,1207
sp009,154,0,887,1191
sp009,155,0,954,1287
sp009,156,0,842,1237
sp009,157,0,861,1206
sp009,158,0,893,1277
sp009,159,0,1008,1271
sp009,160,0,962,1218
sp009,161,0,723,1258
sp009,162,0,796,1214
sp009,163,0,816,1109
sp009,164,0,789,1236
sp009,165,0,746,1231
sp009,166,0,897,1233
sp009,167,0,834,1176
sp009,168,0,869,1134
sp009,169,0,969,1270
sp009,170,0,883,1182
sp009,171,0,739,1085
sp009,172,0,918,1275
sp009,173,0,952,1199
sp009,174,0,837,1129
sp009,175,0,827,1201
sp009,176,0,843,1248
sp009,177,0,955,1226
sp009,178,0,695,1037
sp009,179,0,762,1185
sp009,180,0,839,1307
sp009,181,0,891,1375
sp009,182,0,866,1364
sp009,183,0,893,1300
sp009,184,0,862,1151
sp009,185,0,921,1332
sp009,186,0,799,1284
sp009,187,0,869,1305
sp009,188,0,1000,1382
sp009,189,0,971,1399
sp009,190,0,841,1204
sp009,191,0,967,1211
sp009,192,0,934,1299
sp009,193,0,930,1237
sp009,194,0,771,1170
sp009,195,0,920,1341
sp009,196,0,641,1117
sp009,197,0,922,1407
sp009,198,0,928,1195
sp009,199,0,859,1165
sp009,200,0,846,1245
sp009,201,0,869,1335
sp009,202,0,940,1333
sp009,203,0,869,1145
sp009,204,0,960,1385
sp009,205,0,923,1293
sp009,206,0,955,1242
sp009,207,0,889,1279
sp009,208,0,828,1261
sp009,209,0,926,1522
sp009,210,0,1051,1345
sp009,211,0,988,1228
sp009,212,0,938,1385
sp009,213,0,925,1373
sp009,214,0,815,1285
sp009,215,0,991,1349
sp009,216,0,935,1321
sp009,217,0,1001,1388
sp009,218,0,1009,1444
sp009,219,0,896,1335
sp009,220,0,919,1352
sp009,221,0,970,1462
sp009,222,0,904,1197
sp009,223,0,970,1305
sp009,224,0,907,1264
sp009,225,0,1053,1379
sp009,226,0,867,1221
sp009,227,0,987,1266
sp009,228,0,971,1331
sp009,229,0,978,1472
sp009,230,0,968,1300
sp009,231,0,924,1255
sp009,232,0,906,1297
sp009,233,0,951,1288
sp009,234,0,763,1197
sp009,235,0,913,1336
sp009,236,0,857,1357
sp009,237,0,928,1356
sp009,238,0,931,1242
sp009,239,0,1053,1320
sp009,240,0,827,1212
sp009,241,0,947,1202
sp009,242,0,944,1243
sp009,243,0,923,1480
sp009,244,0,886,1184
sp009,245,0,978,1370
sp009,246,0,1027,1372
sp009,247,0,921,1274
sp009,248,0,910,1275
sp009,249,0,877,1299
sp009,250,0,993,1328
sp009,251,0,656,1027
sp009,252,0,815,1256
sp009,253,0,902,1329
sp009,254,0,1077,1485
sp009,255,0,1055,1516
sp009,256,0,932,1364
sp009,257,0,977,1318
sp009,258,0,920,1289
sp009,259,0,1021,1367
sp009,260,0,1019,1235
sp009,261,0,831,1097
sp009,262,0,958,1212
sp009,263,0,1000,1204
sp009,264,0,957,1294
sp009,265,0,1004,1267
sp009,266,0,872,1170
sp009,267,0,1060,1391
sp009,268,0,961,1191
sp009,269,0,1005,1334
sp009,270,0,1060,1386
sp009,271,0,867,1184
sp009,272,0,897,1227
sp009,273,0,919,1140
sp009,274,0,894,1151
sp009,275,0,1058,1444
sp009,276,0,976,1520
sp009,277,0,940,1365
sp009,278,0,906,1259
sp009,279,0,956,1213
sp009,280,0,1111,1313
sp009,281,0,918,1388
sp009,282,0,1088,1477
sp009,283,0,1027,1290
sp009,284,0,953,1253
sp009,285,0,935,1259
sp009,286,0,944,1212
sp009,287,0,914,1256
sp009,288,0,955,1161
sp009,289,0,996,1324
sp009,290,0,987,1354
sp009,291,0,793,1053
sp009,292,0,948,1259
sp009,293,0,967,1222
sp009,294,0,875,1236
sp009,295,0,868,1258
sp009,296,0,923,1281
sp009,297,0,1005,1231
sp009,298,0,951,1208
sp009,299,0,1066,1387
sp009,300,0,821,1231
sp009,301,0,910,1339
sp009,302,0,853,1301
sp009,303,0,894,1303
sp009,304,0,885,1163
sp009,305,0,972,1342
sp009,306,0,974,1397
sp009,307,0,907,1234
sp009,308,0,933,1293
sp009,309,0,982,1318
sp009,310,0,887,1213
sp009,311,0,952,1160
sp009,312,0,972,1340
sp009,313,0,997,1209
sp009,314,0,856,1287
sp009,315,0,932,1359
sp009,316,0,821,1201
sp009,317,0,819,1232
sp009,318,0,987,1286
sp009,319,0,935,1179
sp009,320,0,1018,1346
sp009,321,0,905,1259
sp009,322,0,979,1324
sp009,323,0,946,1209
sp009,324,0,974,1252
sp009,325,0,954,1232
sp009,326,0,941,1123
sp009,327,0,1007,1398
sp009,328,0,780,1133
sp009,329,0,798,1329
sp009,330,0,969,1247
sp009,331,0,885,1219
sp009,332,0,1019,1400
sp009,333,0,916,1302
sp009,334,0,863,1281
sp009,335,0,1035,1415
sp009,336,0,780,1156
sp009,337,0,911,1376
sp009,338,0,954,1321
sp009,339,0,798,1242
sp009,340,0,972,1377
sp009,341,0,1022,1393
sp009,342,0,934,1255
sp009,343,0,940,1354
sp009,344,0,946,1358
sp009,345,0,1062,1469
sp009,346,0,907,1230
sp009,347,0,1021,1354
sp009,348,0,959,1345
sp009,349,0,966,1408
sp009,350,0,961,1305
sp009,351,0,1019,1405
sp009,352,0,917,1321
sp009,353,0,1029,1421
sp009,354,0,983,1379
sp009,355,0,978,1414
sp009,356,0,936,1349
sp009,357,0,1019,1446
sp009,358,0,993,1327
sp009,359,0,957,1220
sp009,360,0,702,1099
sp010,1,0,715,1234
sp010,2,0,677,1185
sp010,3,0,813,1166
sp010,4,0,779,1243
sp010,5,0,717,1094
sp010,6,0,794,1254
sp010,7,0,870,1253
sp010,8,0,825,1230
sp010,9,0,783,1172
sp010,10,0,734,1209
sp010,11,0,849,1226
sp010,12,0,884,1260
sp010,13,0,708,1198
sp010,14,0,871,1252
sp010,15,0,829,1279
sp010,16,0,699,1091
sp010,17,0,826,1206
sp010,18,0,801,1175
sp010,19,0,621,1057
sp010,20,0,679,1257
sp010,21,0,867,1237
sp010,22,0,717,1258
sp010,23,0,896,1278
sp010,24,0,786,1428
sp010,25,0,813,1245
sp010,26,0,1083,1349
sp010,27,0,773,1150
sp010,28,0,914,1231
sp010,29,0,826,1263
sp010,30,0,703,1166
sp010,31,0,842,1357
sp010,32,0,870,1336
sp010,33,0,894,1338
sp010,34,0,917,1316
sp010,35,0,843,1358
sp010,36,0,754,1110
sp010,37,0,782,1286
sp010,38,0,901,1339
sp010,39,0,727,1189
sp010,40,0,924,1326
sp010,41,0,784,1316
sp010,42,0,781,1262
sp010,43,0,971,1207
sp010,44,0,950,1143
sp010,45,0,950,1181
sp010,46,0,946,1255
sp010,47,0,743,1182
sp010,48,0,878,1285
sp010,49,0,1062,1297
sp010,50,0,1248,1537
sp010,51,0,1038,1545
sp010,52,0,821,1163
sp010,53,0,926,1280
sp010,54,0,952,1370
sp010,55,0,773,1100
sp010,56,0,918,1428
sp010,57,0,821,1176
sp010,58,0,964,1424
sp010,59,0,695,1118
sp010,60,0,967,1417
sp010,61,0,968,1395
sp010,62,0,832,1340
sp010,63,0,176,393
sp010,64,0,863,1245
sp010,65,0,833,1210
sp010,66,0,986,1560
sp010,67,0,741,1245
sp010,68,0,866,1427
sp010,69,0,825,1341
sp010,70,0,824,1251
sp010,71,0,915,1182
sp010,72,0,1107,1515
sp010,73,0,1007,1332
sp010,74,0,1146,1480
sp010,75,0,988,1374
sp010,76,0,848,1167
sp010,77,0,866,1410
sp010,78,0,896,1413
sp010,79,0,816,1325
sp010,80,0,906,1407
sp010,81,0,1077,1538
sp010,82,0,879,1529
sp010,83,0,1045,1509
sp010,84,0,856,1363
sp010,85,0,930,1486
sp010,86,0,929,1471
sp010,87,0,976,1316
sp010,88,0,830,1334
sp010,89,0,831,1326
sp010,90,0,885,1439
sp010,91,0,842,1449
sp010,92,0,790,1256
sp010,93,0,918,1455
sp010,94,0,873,1433
sp010,95,0,710,1148
sp010,96,0,956,1406
sp010,97,0,903,1373
sp010,98,0,917,1281
sp010,99,0,859,1395
sp010,100,0,902,1444
sp010,101,0,756,1296
sp010,102,0,1014,1457
sp010,103,0,816,1404
sp010,104,0,847,1292
sp010,105,0,914,1472
sp010,106,0,1056,1445
sp010,107,0,918,1369
sp010,108,0,902,1286
sp010,109,0,899,1275
sp010,110,0,962,1494
sp010,111,0,1000,1316
sp010,112,0,921,1505
sp010,113,0,900,1310
sp010,114,0,963,1262
sp010,115,0,838,1289
sp010,116,0,742,1182
sp010,117,0,761,1287
sp010,118,0,818,1361
sp010,119,0,791,1269
sp010,120,0,894,1394
sp010,121,0,935,1444
sp010,122,0,796,1360
sp010,123,0,787,1291
sp010,124,0,880,1353
sp010,125,0,727,1151
sp010,126,0,828,1325
sp010,127,0,835,1266
sp010,128,0,1020,1480
sp010,129,0,981,1477
sp010,130,0,1085,1646
sp010,131,0,875,1397
sp010,132,0,933,1234
sp010,133,0,835,1439
sp010,134,0,1036,1411
sp010,135,1,1611,1749
sp010,136,0,1442,1749
sp010,137,0,732,1186
sp010,138,0,752,1095
sp010,139,0,813,1272
sp010,140,0,651,1218
sp010,141,0,792,1222
sp010,142,0,690,1412
sp010,143,0,1335,1627
sp010,144,0,644,1161
sp010,145,0,988,1376
sp010,146,0,853,1195
sp010,147,0,827,1224
sp010,148,0,962,1198
sp010,149,0,838,1210
sp010,150,0,702,1116
sp010,151,0,1033,1484
sp010,152,0,911,1337
sp010,153,0,853,1261
sp010,154,0,893,1264
sp010,155,0,910,1342
sp010,156,0,935,1299
sp010,157,0,875,1332
sp010,158,0,810,1380
sp010,159,0,824,1299
sp010,160,0,765,1229
sp010,161,0,939,1447
sp010,162,0,564,1015
sp010,163,0,964,1225
sp010,164,0,822,1098
sp010,165,0,961,1299
sp010,166,0,994,1529
sp010,167,0,825,1280
sp010,168,0,766,946
sp010,169,0,1125,1345
sp010,170,0,847,1157
sp010,171,0,727,1310
sp010,172,0,932,1243
sp010,173,0,1004,1379
sp010,174,0,1091,1492
sp010,175,0,1007,1326
sp010,176,0,827,1371
sp010,177,0,902,1231
sp010,178,0,963,1444
sp010,179,0,925,1405
sp010,180,0,864,1253
sp010,181,0,686,979
sp010,182,0,896,1359
sp010,183,0,888,1300
sp010,184,0,895,1361
sp010,185,0,1038,1521
sp010,186,0,952,1362
sp010,187,0,827,1278
sp010,188,0,1046,1383
sp010,189,0,1013,1478
sp010,190,0,1010,1401
sp010,191,0,977,1304
sp010,192,0,885,1216
sp010,193,0,1012,1345
sp010,194,0,1046,1270
sp010,195,0,1253,1584
sp010,196,0,968,1249
sp010,197,0,859,1389
sp010,198,0,1052,1579
sp010,199,0,978,1321
sp010,200,0,910,1359
sp010,201,0,899,1217
sp010,202,0,701,1242
sp010,203,0,911,1411
sp010,204,0,866,1397
sp010,205,0,872,1408
sp010,206,0,946,1464
sp010,207,0,868,1248
sp010,208,0,868,1341
sp010,209,0,757,1219
sp010,210,0,824,1379
sp010,211,0,806,1209
sp010,212,0,806,1290
sp010,213,0,902,1361
sp010,214,1,950,1057
sp010,215,0,675,1067
sp010,216,0,904,1276
sp010,217,0,840,1282
sp010,218,0,923,1288
sp010,219,0,855,1269
sp010,220,0,936,1385
sp010,221,0,1080,1491
sp010,222,0,967,1347
sp010,223,0,993,1616
sp010,224,0,810,1248
sp010,225,0,980,1392
sp010,226,0,975,1350
sp010,227,0,807,1352
sp010,228,0,847,1255
sp010,229,0,908,1294
sp010,230,0,942,1325
sp010,231,0,999,1244
sp010,232,0,918,1384
sp010,233,0,1141,1441
sp010,234,0,1026,1402
sp010,235,0,845,1291
sp010,236,0,874,1247
sp010,237,0,751,1260
sp010,238,0,813,1289
sp010,239,0,812,1315
sp010,240,0,764,1188
sp010,241,0,705,1081
sp010,242,0,891,1321
sp010,243,0,723,1169
sp010,244,0,770,1134
sp010,245,0,835,1212
sp010,246,0,823,1285
sp010,247,0,833,1198
sp010,248,0,898,1193
sp010,249,0,743,1136
sp010,250,0,820,1285
sp010,251,0,792,1284
sp010,252,0,930,1378
sp010,253,0,793,1197
sp010,254,0,1046,1452
sp010,255,0,778,1051
sp010,256,0,935,1231
sp010,257,0,819,1248
sp010,258,0,833,1211
sp010,259,0,825,1223
sp010,260,0,777,1347
sp010,261,0,932,1365
sp010,262,0,839,1320
sp010,263,0,854,1354
sp010,264,0,887,1442
sp010,265,0,831,1284
sp010,266,0,774,1233
sp010,267,0,866,1330
sp010,268,0,881,1199
sp010,269,0,924,1277
sp010,270,0,819,1291
sp010,271,0,913,1304
sp010,272,0,883,1327
sp010,273,0,869,1364
sp010,274,0,863,1271
sp010,275,0,926,1348
sp010,276,0,895,1292
sp010,277,0,881,1335
sp010,278,0,945,1501
sp010,279,0,896,1111
sp010,280,0,1027,1426
sp010,281,0,958,1426
sp010,282,0,875,1266
sp010,283,0,994,1164
sp010,284,0,905,1279
sp010,285,0,948,1277
sp010,286,0,862,1164
sp010,287,0,746,1178
sp010,288,0,824,1210
sp010,289,0,1032,1243
sp010,290,0,948,1250
sp010,291,0,706,1249
sp010,292,0,1024,1460
sp010,293,0,812,1235
sp010,294,0,807,1205
sp010,295,0,850,1298
sp010,296,0,924,1453
sp010,297,0,1026,1500
sp010,298,0,836,1304
sp010,299,0,929,1473
sp010,300,0,919,1357
sp010,301,1,936,974
sp010,302,0,784,1257
sp010,303,0,833,1229
sp010,304,0,837,1257
sp010,305,0,936,1385
sp010,306,0,814,1320
sp010,307,0,838,1349
sp010,308,0,895,1390
sp010,309,0,1058,1525
sp010,310,0,1046,1450
sp010,311,0,1031,1265
sp010,312,0,915,1370
sp010,313,0,882,1193
sp010,314,0,907,1294
sp010,315,0,1048,1423
sp010,316,0,860,1192
sp010,317,0,897,1539
sp010,318,0,756,1333
sp010,319,0,930,1327
sp010,320,0,825,1372
sp010,321,0,996,1473
sp010,322,0,866,1433
sp010,323,0,852,1246
sp010,324,0,1230,1749
sp010,325,0,944,1550
sp010,326,0,989,1439
sp010,327,0,942,1293
sp010,328,0,1037,1484
sp010,329,0,894,1314
sp010,330,0,939,1355
sp010,331,0,1117,1492
sp010,332,0,709,1131
sp010,333,0,910,1339
sp010,334,0,971,1404
sp010,335,0,887,1280
sp010,336,0,1128,1613
sp010,337,0,906,1360
sp010,338,0,922,1361
sp010,339,0,883,1313
sp010,340,0,804,1299
sp010,341,0,811,1241
sp010,342,0,1036,1407
sp010,343,0,835,1361
sp010,344,0,851,1255
sp010,345,0,823,1221
sp010,346,0,840,1278
sp010,347,0,778,1329
sp010,348,0,842,1251
sp010,349,0,804,1323
sp010,350,0,845,1255
sp010,351,0,987,1340
sp010,352,0,977,1452
sp010,353,0,930,1209
sp010,354,0,928,1282
sp010,355,0,779,1325
sp010,356,0,834,1162
sp010,357,0,771,1182
sp010,358,0,902,1388
sp010,359,0,743,1174
sp010,360,0,994,1466
sp011,1,0,942,1543
sp011,2,0,1090,1463
sp011,3,0,912,1336
sp011,4,0,943,1407
sp011,5,0,842,1327
sp011,6,0,852,1362
sp011,7,0,954,1344
sp011,8,0,859,1346
sp011,9,0,966,1306
sp011,10,0,870,1285
sp011,11,0,949,1254
sp011,12,0,875,1254
sp011,13,0,845,1425
sp011,14,0,932,1345
sp011,15,0,920,1358
sp011,16,0,910,1357
sp011,17,0,948,1430
sp011,18,0,858,1326
sp011,19,0,817,1337
sp011,20,0,989,1440
sp011,21,0,985,1518
sp011,22,0,1020,1426
sp011,23,0,931,1390
sp011,24,0,940,1410
sp011,25,0,864,1451
sp011,26,0,892,1287
sp011,27,0,879,1428
sp011,28,0,986,1436
sp011,29,0,895,1313
sp011,30,0,959,1297
sp011,31,0,988,1414
sp011,32,0,940,1383
sp011,33,0,847,1299
sp011,34,0,920,1347
sp011,35,1,1216,1291
sp011,36,0,1201,1460
sp011,37,0,955,1394
sp011,38,0,920,1339
sp011,39,0,905,1271
sp011,40,0,854,1336
sp011,41,0,904,1365
sp011,42,0,828,1393
sp011,43,0,1010,1358
sp011,44,0,954,1237
sp011,45,0,943,1404
sp011,46,0,1013,1411
sp011,47,0,940,1400
sp011,48,1,1448,1510
sp011,49,0,878,1434
sp011,50,0,994,1446
sp011,51,0,1097,1253
sp011,52,0,995,1504
sp011,53,0,901,1461
sp011,54,0,978,1491
sp011,55,0,874,1421
sp011,56,0,909,1422
sp011,57,0,907,1348
sp011,58,0,796,1299
sp011,59,0,898,1469
sp011,60,0,1043,1540
sp011,61,0,956,1484
sp011,62,0,907,1418
sp011,63,0,870,1330
sp011,64,0,1018,1486
sp011,65,1,1386,1383
sp011,66,0,1019,1429
sp011,67,0,865,1250
sp011,68,1,1147,1178
sp011,69,1,915,875
sp011,70,0,791,1181
sp011,71,0,1012,1464
sp011,72,0,934,1380
sp011,73,0,869,1291
sp011,74,0,892,1336
sp011,75,0,1003,1435
sp011,76,0,983,1467
sp011,77,0,918,1331
sp011,78,0,892,1340
sp011,79,0,897,1381
sp011,80,0,909,1356
sp011,81,0,827,1326
sp011,82,0,946,1351
sp011,83,0,791,1374
sp011,84,0,996,1460
sp011,85,0,994,1482
sp011,86,0,867,1357
sp011,87,0,966,1407
sp011,88,0,978,1404
sp011,89,0,955,1443
sp011,90,0,913,1362
sp011,91,0,974,1429
sp011,92,0,835,1310
sp011,93,0,748,1242
sp011,94,0,1006,1413
sp011,95,0,1068,1537
sp011,96,0,941,1395
sp011,97,0,885,1335
sp011,98,0,891,1396
sp011,99,0,891,1285
sp011,100,0,951,1420
sp011,101,0,924,1456
sp011,102,0,980,1559
sp011,103,0,900,1415
sp011,104,0,927,1391
sp011,105,0,924,1512
sp011,106,0,974,1483
sp011,107,0,969,1413
sp011,108,0,993,1386
sp011,109,0,936,1468
sp011,110,0,998,1425
sp011,111,0,882,1472
sp011,112,0,881,1474
sp011,113,0,995,1417
sp011,114,0,1180,1485
sp011,115,0,1022,1432
sp011,116,0,916,1437
sp011,117,0,1019,1489
sp011,118,0,839,1469
sp011,119,0,1065,1540
sp011,120,0,828,1354
sp011,121,0,961,1576
sp011,122,0,1357,1591
sp011,123,0,916,1387
sp011,124,0,996,1546
sp011,125,0,923,1417
sp011,126,0,974,1479
sp011,127,0,875,1401
sp011,128,0,912,1438
sp011,129,0,991,1435
sp011,130,0,936,1482
sp011,131,0,1010,1479
sp011,132,0,1011,1445
sp011,133,0,964,1488
sp011,134,0,1039,1418
sp011,135,0,1156,1607
sp011,136,0,1046,1514
sp011,137,0,1082,1547
sp011,138,0,1066,1423
sp011,139,0,981,1465
sp011,140,0,1076,1553
sp011,141,0,1065,1530
sp011,142,0,990,1402
sp011,143,0,919,1383
sp011,144,0,1027,1459
sp011,145,0,858,1411
sp011,146,0,891,1344
sp011,147,0,962,1528
sp011,148,0,1092,1550
sp011,149,0,953,1335
sp011,150,0,1000,1392
sp011,151,0,1011,1426
sp011,152,0,963,1388
sp011,153,0,980,1398
sp011,154,0,906,1326
sp011,155,1,1289,1297
sp011,156,0,1174,1578
sp011,157,0,935,1400
sp011,158,0,1012,1335
sp011,159,0,923,1319
sp011,160,0,1113,1562
sp011,161,0,920,1391
sp011,162,0,923,1373
sp011,163,0,1031,1386
sp011,164,0,1003,1481
sp011,165,0,970,1385
sp011,166,0,1045,1394
sp011,167,0,934,1376
sp011,168,1,1343,1423
sp011,169,0,889,1371
sp011,170,0,1056,1488
sp011,171,1,1383,1336
sp011,172,0,1032,1458
sp011,173,0,885,1372
sp011,174,0,836,1358
sp011,175,0,880,1455
sp011,176,0,976,1484
sp011,177,0,799,1254
sp011,178,0,958,1458
sp011,179,0,815,1390
sp011,180,0,1038,1550
sp011,181,0,893,1381
sp011,182,0,877,1347
sp011,183,0,993,1452
sp011,184,0,1096,1482
sp011,185,1,1389,1410
sp011,186,0,990,1498
sp011,187,0,944,1473
sp011,188,0,931,1372
sp011,189,0,994,1159
sp011,190,0,817,1299
sp011,191,0,987,1473
sp011,192,0,1067,1562
sp011,193,0,895,1356
sp011,194,0,930,1370
sp011,195,0,988,1435
sp011,196,0,1055,1483
sp011,197,0,918,1341
sp011,198,0,1044,1440
sp011,199,0,995,1432
sp011,200,0,920,1374
sp011,201,0,918,1503
sp011,202,0,1097,1548
sp011,203,0,1027,1573
sp011,204,0,1148,1601
sp011,205,0,1019,1480
sp011,206,0,889,1346
sp011,207,0,836,1297
sp011,208,0,964,1302
sp011,209,0,1106,1493
sp011,210,0,1059,1491
sp011,211,0,1023,1422
sp011,212,0,910,1333
sp011,213,0,929,1315
sp011,214,0,1104,1412
sp011,215,0,1061,1456
sp011,216,0,926,1340
sp011,217,0,924,1285
sp011,218,0,917,1397
sp011,219,0,1006,1415
sp011,220,0,998,1417
sp011,221,0,1075,1526
sp011,222,0,1037,1520
sp011,223,0,908,1304
sp011,224,0,995,1404
sp011,225,0,912,1378
sp011,226,0,1000,1418
sp011,227,0,976,1321
sp011,228,0,985,1367
sp011,229,0,968,1428
sp011,230,0,997,1193
sp011,231,0,846,1407
sp011,232,0,837,1388
sp011,233,0,952,1363
sp011,234,0,984,1396
sp011,235,0,1011,1433
sp011,236,0,876,1410
sp011,237,0,974,1466
sp011,238,0,788,1379
sp011,239,0,975,1428
sp011,240,0,839,1246
sp011,241,0,855,1394
sp011,242,0,1047,1577
sp011,243,0,903,1400
sp011,244,0,954,1386
sp011,245,0,895,1281
sp011,246,0,1228,1483
sp011,247,0,893,1359
sp011,248,0,872,1429
sp011,249,0,981,1279
sp011,250,0,944,1356
sp011,251,0,1143,1452
sp011,252,0,1065,1410
sp011,253,0,895,1464
sp011,254,0,1092,1518
sp011,255,0,1067,1438
sp011,256,0,1014,1379
sp011,257,0,1024,1454
sp011,258,0,1080,1459
sp011,259,0,844,1350
sp011,260,0,998,1387
sp011,261,0,1065,1492
sp011,262,0,945,1365
sp011,263,0,952,1399
sp011,264,0,1000,1422
sp011,265,0,914,1466
sp011,266,0,928,1328
sp011,267,0,983,1418
sp011,268,0,1027,1382
sp011,269,0,847,1225
sp011,270,0,954,1402
sp011,271,0,1164,1572
sp011,272,0,897,1266
sp011,273,0,1069,1441
sp011,274,0,1083,1521
sp011,275,1,978,1049
sp011,276,0,1068,1516
sp011,277,0,927,1331
sp011,278,0,985,1318
sp011,279,0,968,1389
sp011,280,0,955,1364
sp011,281,0,921,1377
sp011,282,0,889,1419
sp011,283,0,1014,1398
sp011,284,0,958,1319
sp011,285,0,904,1307
sp011,286,0,1124,1413
sp011,287,0,955,1322
sp011,288,1,1431,1307
sp011,289,0,931,1252
sp011,290,0,1077,1476
sp011,291,1,1674,1633
sp011,292,0,967,1450
sp011,293,0,866,1369
sp011,294,0,938,1393
sp011,295,0,898,1403
sp011,296,0,1006,1478
sp011,297,0,866,1422
sp011,298,0,887,1324
sp011,299,0,871,1401
sp011,300,0,1090,1569
sp011,301,0,944,1290
sp011,302,0,854,1359
sp011,303,0,917,1322
sp011,304,0,994,1476
sp011,305,0,1165,1373
sp011,306,0,983,1459
sp011,307,0,940,1376
sp011,308,0,1013,1498
sp011,309,1,1448,1396
sp011,310,0,942,1368
sp011,311,0,1023,1498
sp011,312,0,1009,1403
sp011,313,0,894,1339
sp011,314,0,895,1342
sp011,315,0,1094,1466
sp011,316,0,970,1444
sp011,317,0,877,1317
sp011,318,1,1186,1213
sp011,319,0,856,1241
sp011,320,0,977,1404
sp011,321,0,1262,1460
sp011,322,0,1057,1500
sp011,323,0,910,1376
sp011,324,0,933,1289
sp011,325,0,1001,1453
sp011,326,0,926,1348
sp011,327,0,946,1371
sp011,328,0,917,1224
sp011,329,0,1023,1407
sp011,330,0,1009,1405
sp011,331,0,1004,1489
sp011,332,0,958,1386
sp011,333,0,901,1322
sp011,334,1,1020,1146
sp011,335,0,940,1344
sp011,336,0,1002,1396
sp011,337,0,961,1393
sp011,338,0,922,1447
sp011,339,0,972,1432
sp011,340,0,955,1421
sp011,341,0,910,1434
sp011,342,0,1103,1582
sp011,343,0,907,1347
sp011,344,0,965,1271
sp011,345,0,1092,1452
sp011,346,0,925,1445
sp011,347,0,1015,1418
sp011,348,0,996,1430
sp011,349,0,907,1393
sp011,350,0,1022,1346
sp011,351,0,876,1453
sp011,352,0,956,1631
sp011,353,0,983,1470
sp011,354,1,1121,1196
sp011,355,0,1014,1545
sp011,356,0,1001,1438
sp011,357,0,1006,1526
sp011,358,0,846,1389
sp011,359,0,984,1402
sp011,360,0,1016,1592
sp012,1,0,990,1458
sp012,2,0,934,1328
sp012,3,0,899,1256
sp012,4,0,907,1412
sp012,5,0,890,1333
sp012,6,0,904,1288
sp012,7,0,966,1303
sp012,8,0,863,1202
sp012,9,0,941,1370
sp012,10,0,794,1188
sp012,11,0,909,1184
sp012,12,0,923,1337
sp012,13,0,857,1228
sp012,14,0,768,1019
sp012,15,0,836,1178
sp012,16,0,881,1230
sp012,17,0,917,1384
sp012,18,0,850,1101
sp012,19,0,990,1371
sp012,20,0,798,1174
sp012,21,1,1418,1529
sp012,22,0,840,1194
sp012,23,0,955,1309
sp012,24,0,917,1323
sp012,25,0,801,1421
sp012,26,0,857,1416
sp012,27,0,953,1196
sp012,28,0,837,1196
sp012,29,0,940,1400
sp012,30,0,959,1294
sp012,31,0,892,1255
sp012,32,0,873,1215
sp012,33,0,958,1347
sp012,34,0,892,1383
sp012,35,0,993,1267
sp012,36,0,903,1330
sp012,37,0,933,1271
sp012,38,0,864,1208
sp012,39,0,865,1289
sp012,40,0,847,1199
sp012,41,0,931,1347
sp012,42,0,973,1377
sp012,43,0,946,1286
sp012,44,0,892,1195
sp012,45,0,875,1314
sp012,46,0,946,1351
sp012,47,0,844,1122
sp012,48,0,1072,1353
sp012,49,0,970,1318
sp012,50,0,924,1245
sp012,51,0,812,1267
sp012,52,0,948,1459
sp012,53,0,837,1198
sp012,54,0,992,1446
sp012,55,0,924,1629
sp012,56,0,857,1307
sp012,57,0,983,1394
sp012,58,0,1063,1368
sp012,59,0,1046,1421
sp012,60,0,958,1217
sp012,61,0,1005,1372
sp012,62,0,934,1305
sp012,63,0,1030,1391
sp012,64,0,976,1384
sp012,65,0,956,1365
sp012,66,0,878,1389
sp012,67,0,968,1275
sp012,68,0,875,1376
sp012,69,0,917,1304
sp012,70,0,846,1255
sp012,71,0,847,1326
sp012,72,0,833,1368
sp012,73,0,980,1449
sp012,74,0,971,1565
sp012,75,0,1030,1426
sp012,76,0,884,1508
sp012,77,0,964,1414
sp012,78,0,905,1353
sp012,79,0,925,1494
sp012,80,0,965,1515
sp012,81,0,924,1154
sp012,82,0,922,1269
sp012,83,0,887,1295
sp012,84,0,891,1255
sp012,85,0,977,1402
sp012,86,0,932,1395
sp012,87,0,914,1372
sp012,88,0,912,1249
sp012,89,0,1024,1517
sp012,90,0,953,1543
sp012,91,0,1161,1469
sp012,92,0,987,1528
sp012,93,0,903,1320
sp012,94,0,1070,1434
sp012,95,0,884,1381
sp012,96,0,965,1281
sp012,97,0,917,1563
sp012,98,0,881,1263
sp012,99,0,863,1204
sp012,100,0,877,1269
sp012,101,0,848,1181
sp012,102,0,922,1385
sp012,103,0,975,1372
sp012,104,0,867,1322
sp012,105,0,821,1328
sp012,106,0,857,1242
sp012,107,0,912,1300
sp012,108,0,952,1270
sp012,109,0,833,1262
sp012,110,0,826,1197
sp012,111,0,882,1306
sp012,112,0,893,1241
sp012,113,0,954,1270
sp012,114,0,946,1380
sp012,115,0,787,1201
sp012,116,0,939,1278
sp012,117,0,816,1173
sp012,118,0,862,1204
sp012,119,0,989,1314
sp012,120,0,814,1250
sp012,121,0,924,1453
sp012,122,0,958,1390
sp012,123,0,865,1279
sp012,124,0,970,1510
sp012,125,0,945,1393
sp012,126,0,811,1212
sp012,127,0,876,1228
sp012,128,0,920,1423
sp012,129,0,889,1362
sp012,130,0,896,1239
sp012,131,0,920,1276
sp012,132,0,994,1420
sp012,133,0,845,1199
sp012,134,0,876,1240
sp012,135,0,919,1359
sp012,136,0,879,1311
sp012,137,0,993,1498
sp012,138,0,1056,1394
sp012,139,0,998,1397
sp012,140,0,936,1260
sp012,141,0,996,1394
sp012,142,0,869,1309
sp012,143,0,1039,1394
sp012,144,0,955,1407
sp012,145,0,940,1487
sp012,146,0,870,1456
sp012,147,0,825,1230
sp012,148,0,877,1299
sp012,149,0,897,1452
sp012,150,0,955,1349
sp012,151,0,913,1338
sp012,152,0,892,1291
sp012,153,0,917,1325
sp012,154,0,844,1420
sp012,155,0,960,1266
sp012,156,0,883,1365
sp012,157,0,992,1441
sp012,158,0,890,1224
sp012,159,0,972,1344
sp012,160,0,900,1394
sp012,161,0,858,1444
sp012,162,0,940,1397
sp012,163,0,974,1362
sp012,164,0,882,1283
sp012,165,0,807,1156
sp012,166,0,943,1309
sp012,167,0,917,1243
sp012,168,0,808,1036
sp012,169,1,1173,1197
sp012,170,0,925,1295
sp012,171,0,805,1174
sp012,172,0,865,1318
sp012,173,0,763,1147
sp012,174,0,913,1327
sp012,175,0,840,1414
sp012,176,0,906,1373
sp012,177,0,860,1361
sp012,178,0,837,1209
sp012,179,0,877,1283
sp012,180,0,814,1134
sp012,181,0,784,1311
sp012,182,0,946,1291
sp012,183,0,973,1194
sp012,184,0,950,1278
sp012,185,0,919,1262
sp012,186,0,906,1494
sp012,187,0,893,1337
sp012,188,0,952,1451
sp012,189,0,1040,1453
sp012,190,0,873,1352
sp012,191,0,954,1488
sp012,192,0,846,1543
sp012,193,0,979,1480
sp012,194,0,871,1520
sp012,195,0,998,1403
sp012,196,0,849,1477
sp012,197,0,850,1295
sp012,198,0,945,1365
sp012,199,0,820,1455
sp012,200,0,946,1525
sp012,201,0,922,1275
sp012,202,0,830,1212
sp012,203,0,938,1380
sp012,204,0,935,1392
sp012,205,0,1030,1395
sp012,206,0,979,1301
sp012,207,0,919,1344
sp012,208,0,946,1348
sp012,209,0,980,1537
sp012,210,0,873,1467
sp012,211,0,1005,1545
sp012,212,0,870,1429
sp012,213,0,993,1469
sp012,214,0,802,1174
sp012,215,0,951,1268
sp012,216,0,894,1260
sp012,217,0,949,1660
sp012,218,0,768,1246
sp012,219,0,1014,1404
sp012,220,0,864,1249
sp012,221,0,942,1324
sp012,222,0,915,1334
sp012,223,0,807,1232
sp012,224,0,840,1390
sp012,225,0,947,1443
sp012,226,0,788,1153
sp012,227,0,731,1173
sp012,228,0,874,1155
sp012,229,0,955,1484
sp012,230,0,928,1341
sp012,231,0,962,1509
sp012,232,0,1010,1509
sp012,233,0,988,1457
sp012,234,0,957,1444
sp012,235,0,1009,1524
sp012,236,0,1302,1648
sp012,237,0,1054,1483
sp012,238,1,150,0
sp012,239,0,844,1344
sp012,240,0,786,1227
sp012,241,0,916,1431
sp012,242,0,982,1421
sp012,243,0,860,1249
sp012,244,0,889,1338
sp012,245,0,922,1435
sp012,246,0,794,1197
sp012,247,0,913,1353
sp012,248,0,997,1320
sp012,249,0,819,1301
sp012,250,0,749,1129
sp012,251,0,842,1127
sp012,252,0,998,1536
sp012,253,0,895,1318
sp012,254,0,974,1272
sp012,255,0,764,1263
sp012,256,0,897,1354
sp012,257,0,1004,1557
sp012,258,0,1052,1380
sp012,259,0,942,1443
sp012,260,0,1017,1465
sp012,261,1,150,0
sp012,262,0,846,1315
sp012,263,0,943,1321
sp012,264,0,915,1368
sp012,265,0,840,1473
sp012,266,0,915,1487
sp012,267,0,978,1362
sp012,268,0,785,1187
sp012,269,0,758,1218
sp012,270,0,815,1160
sp012,271,0,868,1193
sp012,272,0,883,1359
sp012,273,0,938,1337
sp012,274,0,903,1413
sp012,275,0,970,1266
sp012,276,0,964,1477
sp012,277,0,949,1333
sp012,278,0,877,1291
sp012,279,0,935,1320
sp012,280,0,985,1447
sp012,281,0,893,1511
sp012,282,0,1307,1681
sp012,283,0,815,1223
sp012,284,0,881,1258
sp012,285,0,822,1232
sp012,286,0,894,1319
sp012,287,0,898,1378
sp012,288,1,150,0
sp012,289,0,877,1244
sp012,290,0,914,1301
sp012,291,0,874,1300
sp012,292,0,992,1433
sp012,293,0,970,1331
sp012,294,0,861,1182
sp012,295,0,807,1422
sp012,296,0,1015,1366
sp012,297,0,864,1264
sp012,298,0,1203,1486
sp012,299,0,1233,1709
sp012,300,1,1531,1612
sp012,301,0,848,1185
sp012,302,0,935,1319
sp012,303,0,986,1414
sp012,304,0,847,1269
sp012,305,0,973,1402
sp012,306,0,1097,1559
sp012,307,0,1203,1679
sp012,308,1,150,0
sp012,309,0,911,1287
sp012,310,0,985,1413
sp012,311,0,933,1448
sp012,312,0,1117,1622
sp012,313,1,150,0
sp012,314,0,906,1461
sp012,315,0,1285,1685
sp012,316,0,1111,1587
sp012,317,0,1097,1477
sp012,318,1,1777,1749
sp012,319,0,917,1529
sp012,320,1,150,0
sp012,321,0,953,1256
sp012,322,0,802,1163
sp012,323,0,942,1296
sp012,324,0,840,1199
sp012,325,0,1051,1479
sp012,326,0,1042,1440
sp012,327,0,1019,1511
sp012,328,0,983,1458
sp012,329,0,690,958
sp012,330,0,928,1409
sp012,331,1,1102,1042
sp012,332,0,1260,1719
sp012,333,0,1006,1444
sp012,334,1,150,0
sp012,335,0,908,1280
sp012,336,0,799,1094
sp012,337,0,886,1446
sp012,338,0,721,1114
sp012,339,0,940,1278
sp012,340,0,793,1170
sp012,341,0,854,1144
sp012,342,0,865,1276
sp012,343,0,922,1291
sp012,344,0,901,1277
sp012,345,0,1024,1435
sp012,346,1,974,868
sp012,347,0,830,1201
sp012,348,0,825,1185
sp012,349,0,844,1320
sp012,350,0,940,1246
sp012,351,1,960,938
sp012,352,0,1053,1418
sp012,353,0,994,1320
sp012,354,0,1046,1475
sp012,355,0,1127,1465
sp012,356,0,995,1316
sp012,357,0,896,1307
sp012,358,0,909,1322
sp012,359,0,935,1338
sp012,360,0,909,1197
sp013,1,0,921,1255
sp013,2,0,861,1241
sp013,3,0,789,1092
sp013,4,0,803,1117
sp013,5,0,560,897
sp013,6,0,749,1054
sp013,7,0,761,1092
sp013,8,0,785,985
sp013,9,0,586,1005
sp013,10,0,815,1024
sp013,11,0,777,1068
sp013,12,0,791,1085
sp013,13,0,627,960
sp013,14,0,867,1253
sp013,15,0,745,1011
sp013,16,0,802,1025
sp013,17,0,632,1055
sp013,18,0,840,1180
sp013,19,0,953,1356
sp013,20,0,706,1278
sp013,21,0,671,940
sp013,22,0,860,1323
sp013,23,0,784,1017
sp013,24,0,936,1226
sp013,25,0,691,1186
sp013,26,0,721,1015
sp013,27,0,902,1320
sp013,28,0,778,1063
sp013,29,0,764,1048
sp013,30,0,846,1244
sp013,31,0,789,1180
sp013,32,0,834,1201
sp013,33,0,918,1398
sp013,34,0,853,1221
sp013,35,0,855,1199
sp013,36,0,791,1346
sp013,37,0,703,1025
sp013,38,0,793,1086
sp013,39,0,900,1156
sp013,40,0,826,1153
sp013,41,0,830,1285
sp013,42,0,763,1125
sp013,43,0,680,1064
sp013,44,0,835,1199
sp013,45,0,696,968
sp013,46,0,731,1045
sp013,47,0,705,1081
sp013,48,0,715,1082
sp013,49,0,814,1205
sp013,50,0,817,1067
sp013,51,0,764,1151
sp013,52,0,791,1063
sp013,53,0,604,987
sp013,54,0,806,1069
sp013,55,0,889,1141
sp013,56,0,618,938
sp013,57,0,1430,1651
sp013,58,0,760,1023
sp013,59,0,706,910
sp013,60,1,850,976
sp013,61,0,727,1023
sp013,62,0,813,1028
sp013,63,0,859,1122
sp013,64,0,704,941
sp013,65,0,808,1148
sp013,66,0,866,1141
sp013,67,0,800,1229
sp013,68,0,521,924
sp013,69,0,841,1124
sp013,70,0,980,1353
sp013,71,0,759,1077
sp013,72,0,759,1127
sp013,73,0,727,1234
sp013,74,0,652,963
sp013,75,0,864,1221
sp013,76,0,762,1087
sp013,77,0,685,1027
sp013,78,0,857,1261
sp013,79,0,1036,1334
sp013,80,1,931,1074
sp013,81,0,666,1036
sp013,82,0,797,1154
sp013,83,0,746,1074
sp013,84,0,832,1077
sp013,85,0,772,1086
sp013,86,0,564,935
sp013,87,0,898,1178
sp013,88,0,693,992
sp013,89,0,963,1373
sp013,90,0,800,1161
sp013,91,0,918,1284
sp013,92,1,851,1236
sp013,93,0,659,945
sp013,94,0,874,1223
sp013,95,0,953,1301
sp013,96,0,703,1114
sp013,97,0,882,1321
sp013,98,0,875,1350
sp013,99,0,853,1177
sp013,100,0,908,1339
sp013,101,0,785,1072
sp013,102,0,722,1070
sp013,103,0,733,1021
sp013,104,0,601,885
sp013,105,0,917,1399
sp013,106,0,789,1188
sp013,107,0,709,1041
sp013,108,0,813,1262
sp013,109,1,763,909
sp013,110,0,972,1308
sp013,111,1,956,1104
sp013,112,0,736,1190
sp013,113,0,892,1315
sp013,114,0,799,1320
sp013,115,0,767,1233
sp013,116,1,877,1007
sp013,117,0,772,991
sp013,118,0,763,1046
sp013,119,0,834,1098
sp013,120,0,879,1180
sp013,121,0,855,1192
sp013,122,0,782,1081
sp013,123,0,733,999
sp013,124,0,732,1028
sp013,125,0,627,948
sp013,126,0,622,995
sp013,127,0,801,1193
sp013,128,0,760,982
sp013,129,0,538,1003
sp013,130,1,790,878
sp013,131,0,705,1023
sp013,132,0,823,1052
sp013,133,0,596,964
sp013,134,0,800,1146
sp013,135,0,789,1028
sp013,136,1,802,946
sp013,137,0,675,1094
sp013,138,0,762,1077
sp013,139,0,876,1209
sp013,140,0,829,1273
sp013,141,0,804,1236
sp013,142,0,1059,1390
sp013,143,0,690,1037
sp013,144,0,781,1159
sp013,145,0,641,1093
sp013,146,1,750,884
sp013,147,0,810,1224
sp013,148,0,665,898
sp013,149,1,1526,1385
sp013,150,0,910,1145
sp013,151,0,816,1144
sp013,152,0,622,917
sp013,153,0,754,1183
sp013,154,0,822,1283
sp013,155,0,756,1051
sp013,156,0,898,1459
sp013,157,0,755,1035
sp013,158,0,917,1164
sp013,159,0,890,1194
sp013,160,0,654,1060
sp013,161,0,733,1107
sp013,162,0,957,1360
sp013,163,0,811,1238
sp013,164,0,916,1225
sp013,165,1,962,1065
sp013,166,0,772,1049
sp013,167,0,667,1008
sp013,168,0,748,1152
sp013,169,0,916,1231
sp013,170,0,710,967
sp013,171,0,621,1080
sp013,172,0,880,1116
sp013,173,1,1668,1564
sp013,174,0,645,889
sp013,175,0,902,1171
sp013,176,1,150,0
sp013,177,0,767,1000
sp013,178,0,663,1105
sp013,179,1,772,907
sp013,180,1,706,784
sp013,181,0,621,946
sp013,182,0,797,953
sp013,183,0,830,1120
sp013,184,0,860,1030
sp013,185,0,750,971
sp013,186,0,768,981
sp013,187,0,855,1201
sp013,188,0,818,1117
sp013,189,0,913,1238
sp013,190,0,1014,1380
sp013,191,0,798,1084
sp013,192,0,810,1234
sp013,193,0,876,1234
sp013,194,0,738,1222
sp013,195,0,879,1431
sp013,196,0,785,1258
sp013,197,0,807,1332
sp013,198,0,897,1345
sp013,199,0,781,1158
sp013,200,1,865,1011
sp013,201,0,715,1123
sp013,202,0,703,1092
sp013,203,0,827,1192
sp013,204,0,988,1219
sp013,205,0,844,1275
sp013,206,0,842,1407
sp013,207,0,731,1003
sp013,208,0,1059,1440
sp013,209,0,874,1305
sp013,210,0,842,1275
sp013,211,0,904,1186
sp013,212,0,966,1391
sp013,213,0,566,991
sp013,214,0,890,1237
sp013,215,0,930,1310
sp013,216,0,805,1338
sp013,217,0,996,1439
sp013,218,0,934,1544
sp013,219,0,996,1390
sp013,220,0,1002,1362
sp013,221,0,935,1284
sp013,222,0,854,1240
sp013,223,0,823,1055
sp013,224,0,825,1129
sp013,225,0,988,1371
sp013,226,0,841,1310
sp013,227,0,923,1215
sp013,228,0,912,1349
sp013,229,1,659,779
sp013,230,0,916,1265
sp013,231,1,699,814
sp013,232,0,814,1336
sp013,233,0,807,1263
sp013,234,0,977,1320
sp013,235,0,870,1426
sp013,236,0,713,941
sp013,237,0,794,973
sp013,238,0,814,1183
sp013,239,0,735,914
sp013,240,0,878,1193
sp013,241,0,939,1181
sp013,242,0,746,1011
sp013,243,0,738,1048
sp013,244,0,730,996
sp013,245,0,660,940
sp013,246,0,791,1120
sp013,247,0,807,1049
sp013,248,0,788,1008
sp013,249,0,748,1285
sp013,250,0,739,940
sp013,251,0,843,1150
sp013,252,0,862,1090
sp013,253,0,799,1127
sp013,254,0,820,1256
sp013,255,0,646,869
sp013,256,0,805,958
sp013,257,0,744,1215
sp013,258,0,857,1239
sp013,259,0,827,1211
sp013,260,0,742,1284
sp013,261,0,730,1172
sp013,262,0,834,1199
sp013,263,0,700,1084
sp013,264,0,646,882
sp013,265,0,749,1252
sp013,266,0,1043,1313
sp013,267,0,865,1271
sp013,268,0,864,1160
sp013,269,0,862,1100
sp013,270,0,859,1225
sp013,271,0,856,1204
sp013,272,0,840,1135
sp013,273,0,970,1252
sp013,274,0,941,1263
sp013,275,0,876,1123
sp013,276,0,908,1414
sp013,277,0,821,1219
sp013,278,0,773,971
sp013,279,0,1032,1323
sp013,280,0,959,1407
sp013,281,0,1052,1400
sp013,282,0,760,1120
sp013,283,0,887,1313
sp013,284,0,764,1147
sp013,285,0,901,1080
sp013,286,0,825,1111
sp013,287,0,721,1035
sp013,288,0,763,1100
sp013,289,0,960,1333
sp013,290,0,885,1130
sp013,291,0,789,1242
sp013,292,0,976,1194
sp013,293,0,809,1071
sp013,294,0,928,1191
sp013,295,0,907,1282
sp013,296,0,746,1088
sp013,297,0,820,1045
sp013,298,0,847,1141
sp013,299,0,947,1108
sp013,300,1,852,974
sp013,301,0,646,883
sp013,302,0,913,1192
sp013,303,0,817,1272
sp013,304,0,731,953
sp013,305,0,801,1069
sp013,306,0,866,1097
sp013,307,0,860,1185
sp013,308,0,765,1210
sp013,309,0,880,1166
sp013,310,0,844,1162
sp013,311,0,865,1180
sp013,312,0,778,1278
sp013,313,0,752,1168
sp013,314,0,839,1222
sp013,315,0,869,1260
sp013,316,0,837,1116
sp013,317,0,870,1232
sp013,318,0,775,1156
sp013,319,0,901,1195
sp013,320,1,1317,1404
sp013,321,0,606,1033
sp013,322,0,915,1321
sp013,323,0,851,1245
sp013,324,0,903,1078
sp013,325,0,619,899
sp013,326,0,798,1202
sp013,327,0,862,1106
sp013,328,0,897,1227
sp013,329,0,786,1290
sp013,330,0,639,987
sp013,331,0,753,1052
sp013,332,0,1086,1344
sp013,333,0,590,914
sp013,334,0,697,1023
sp013,335,0,667,953
sp013,336,0,621,1006
sp013,337,0,930,1232
sp013,338,0,689,1206
sp013,339,0,951,1251
sp013,340,0,874,1230
sp013,341,0,786,1024
sp013,342,0,884,1153
sp013,343,0,847,1031
sp013,344,0,786,1008
sp013,345,0,792,1252
sp013,346,0,911,1232
sp013,347,0,736,1090
sp013,348,0,779,1161
sp013,349,1,830,961
sp013,350,0,903,1284
sp013,351,1,829,934
sp013,352,0,823,1253
sp013,353,0,973,1365
sp013,354,0,927,1303
sp013,355,0,808,1199
sp013,356,0,690,909
sp013,357,0,714,893
sp013,358,0,866,1182
sp013,359,0,652,840
sp013,360,0,836,1019
sp015,1,0,1096,1370
sp015,2,0,1122,1452
sp015,3,0,1100,1457
sp015,4,0,1039,1490
sp015,5,1,989,1077
sp015,6,0,1222,1564
sp015,7,0,1103,1478
sp015,8,0,1024,1415
sp015,9,0,1075,1476
sp015,10,0,1063,1487
sp015,11,0,1124,1511
sp015,12,0,1033,1447
sp015,13,0,1088,1409
sp015,14,0,1146,1652
sp015,15,0,1261,1740
sp015,16,0,1117,1589
sp015,17,0,1108,1396
sp015,18,0,1190,1574
sp015,19,0,1184,1352
sp015,20,0,1207,1636
sp015,21,0,1246,1749
sp015,22,0,1014,1351
sp015,23,0,948,1429
sp015,24,0,1012,1351
sp015,25,0,1082,1489
sp015,26,0,1295,1749
sp015,27,0,1131,1510
sp015,28,0,945,1330
sp015,29,0,1008,1499
sp015,30,0,1211,1665
sp015,31,0,1051,1538
sp015,32,0,793,1170
sp015,33,0,1123,1531
sp015,34,0,1236,1646
sp015,35,0,1093,1605
sp015,36,0,1060,1535
sp015,37,0,1220,1706
sp015,38,1,1159,1070
sp015,39,0,1099,1527
sp015,40,0,939,1489
sp015,41,0,1199,1567
sp015,42,0,1270,1749
sp015,43,0,916,1414
sp015,44,0,1086,1605
sp015,45,0,1018,1548
sp015,46,0,1236,1677
sp015,47,0,1026,1389
sp015,48,0,1072,1616
sp015,49,0,1123,1644
sp015,50,0,1141,1629
sp015,51,0,1140,1647
sp015,52,0,1157,1611
sp015,53,0,1147,1476
sp015,54,0,1089,1564
sp015,55,0,1103,1683
sp015,56,1,1085,1133
sp015,57,0,1139,1479
sp015,58,0,1076,1691
sp015,59,0,1190,1668
sp015,60,0,1148,1574
sp015,61,0,1134,1598
sp015,62,0,1153,1548
sp015,63,0,946,1467
sp015,64,0,1117,1644
sp015,65,0,1092,1537
sp015,66,0,1091,1602
sp015,67,0,1085,1604
sp015,68,0,1088,1571
sp015,69,0,1095,1469
sp015,70,0,1136,1553
sp015,71,0,1034,1450
sp015,72,0,1107,1672
sp015,73,0,1164,1634
sp015,74,0,1054,1518
sp015,75,0,1116,1476
sp015,76,0,1183,1613
sp015,77,0,1099,1392
sp015,78,0,1101,1295
sp015,79,0,1223,1677
sp015,80,0,1118,1582
sp015,81,0,1019,1433
sp015,82,0,1047,1408
sp015,83,0,1193,1539
sp015,84,1,1597,1683
sp015,85,0,1203,1627
sp015,86,0,1141,1621
sp015,87,0,1145,1631
sp015,88,0,1038,1618
sp015,89,0,1130,1477
sp015,90,0,1112,1621
sp015,91,0,1048,1524
sp015,92,0,1193,1711
sp015,93,0,1199,1671
sp015,94,0,1117,1593
sp015,95,0,1119,1688
sp015,96,0,1054,1439
sp015,97,0,1057,1509
sp015,98,0,1100,1485
sp015,99,0,1086,1505
sp015,100,0,1182,1647
sp015,101,0,1072,1571
sp015,102,0,1165,1532
sp015,103,0,1042,1612
sp015,104,0,1120,1640
sp015,105,0,1111,1510
sp015,106,0,1141,1742
sp015,107,0,1070,1529
sp015,108,0,1016,1474
sp015,109,0,1106,1556
sp015,110,0,1101,1459
sp015,111,0,1231,1706
sp015,112,0,1069,1559
sp015,113,0,1103,1628
sp015,114,0,1090,1566
sp015,115,0,1141,1575
sp015,116,0,1126,1578
sp015,117,0,1228,1620
sp015,118,0,1167,1661
sp015,119,0,1168,1640
sp015,120,0,1258,1629
sp015,121,0,1259,1693
sp015,122,0,1185,1548
sp015,123,0,1152,1512
sp015,124,0,1137,1626
sp015,125,0,1142,1638
sp015,126,0,1232,1745
sp015,127,0,1217,1625
sp015,128,0,1352,1749
sp015,129,0,1147,1562
sp015,130,0,1122,1586
sp015,131,0,1107,1514
sp015,132,0,1068,1535
sp015,133,0,1086,1551
sp015,134,0,1136,1623
sp015,135,0,1262,1600
sp015,136,0,1191,1669
sp015,137,0,1129,1512
sp015,138,0,1130,1580
sp015,139,0,1160,1663
sp015,140,0,1036,1510
sp015,141,0,1278,1749
sp015,142,0,1204,1745
sp015,143,0,1117,1588
sp015,144,0,1154,1692
sp015,145,0,1248,1677
sp015,146,0,1218,1631
sp015,147,0,1104,1432
sp015,148,0,1119,1486
sp015,149,0,1193,1625
sp015,150,0,1294,1749
sp015,151,0,1261,1654
sp015,152,0,1215,1621
sp015,153,0,1116,1573
sp015,154,0,1282,1643
sp015,155,0,1236,1736
sp015,156,0,1075,1702
sp015,157,0,1099,1635
sp015,158,0,1288,1749
sp015,159,0,1132,1542
sp015,160,0,1208,1717
sp015,161,0,1073,1518
sp015,162,0,1167,1676
sp015,163,0,1181,1727
sp015,164,0,1402,1749
sp015,165,0,1225,1749
sp015,166,0,1249,1607
sp015,167,0,1047,1749
sp015,168,0,1148,1708
sp015,169,0,1264,1712
sp015,170,0,1218,1682
sp015,171,0,1240,1749
sp015,172,0,1229,1749
sp015,173,0,1221,1599
sp015,174,0,1206,1685
sp015,175,0,1123,1626
sp015,176,0,1063,1422
sp015,177,0,1119,1526
sp015,178,0,1237,1749
sp015,179,0,1136,1602
sp015,180,0,1171,1655
sp015,181,0,1276,1716
sp015,182,1,1546,1669
sp015,183,0,1109,1622
sp015,184,0,1267,1742
sp015,185,0,1085,1622
sp015,186,0,1235,1749
sp015,187,0,1116,1675
sp015,188,0,1029,1679
sp015,189,0,845,1421
sp015,190,0,1282,1749
sp015,191,0,1417,1749
sp015,192,0,1074,1718
sp015,193,0,1201,1749
sp015,194,0,1121,1614
sp015,195,0,1322,1747
sp015,196,0,1253,1728
sp015,197,0,1278,1749
sp015,198,0,1285,1720
sp015,199,0,1161,1577
sp015,200,0,1170,1584
sp015,201,0,1152,1592
sp015,202,0,1218,1666
sp015,203,0,1153,1590
sp015,204,0,1230,1747
sp015,205,0,1158,1647
sp015,206,0,1120,1564
sp015,207,0,1235,1524
sp015,208,0,1076,1616
sp015,209,0,1207,1607
sp015,210,0,1163,1502
sp015,211,0,1138,1569
sp015,212,0,1229,1630
sp015,213,0,1094,1616
sp015,214,0,1225,1749
sp015,215,0,1209,1696
sp015,216,0,1183,1614
sp015,217,0,1166,1664
sp015,218,0,1132,1598
sp015,219,0,1246,1726
sp015,220,0,1341,1749
sp015,221,0,1236,1749
sp015,222,0,1186,1650
sp015,223,0,1188,1749
sp015,224,0,1038,1580
sp015,225,0,1189,1588
sp015,226,0,1270,1749
sp015,227,0,1143,1585
sp015,228,0,1173,1604
sp015,229,0,1174,1519
sp015,230,0,1176,1697
sp015,231,0,1172,1749
sp015,232,0,1170,1654
sp015,233,0,1340,1749
sp015,234,0,1126,1618
sp015,235,0,1198,1733
sp015,236,0,1179,1702
sp015,237,0,1041,1552
sp015,238,0,1070,1677
sp015,239,0,1135,1585
sp015,240,0,1232,1657
sp015,241,0,1244,1749
sp015,242,0,1173,1580
sp015,243,0,1220,1442
sp015,244,0,1092,1536
sp015,245,1,1135,1058
sp015,246,0,1167,1613
sp015,247,0,1174,1524
sp015,248,0,1088,1570
sp015,249,0,1274,1700
sp015,250,0,1200,1676
sp015,251,0,1066,1533
sp015,252,0,1069,1538
sp015,253,0,1272,1607
sp015,254,0,1160,1717
sp015,255,0,1263,1705
sp015,256,0,1183,1649
sp015,257,0,1140,1527
sp015,258,0,1131,1588
sp015,259,0,1194,1656
sp015,260,0,1177,1609
sp015,261,0,1052,1494
sp015,262,0,1132,1542
sp015,263,0,1095,1604
sp015,264,0,1049,1427
sp015,265,0,1116,1661
sp015,266,0,1141,1604
sp015,267,0,1043,1577
sp015,268,0,1139,1517
sp015,269,0,1104,1503
sp015,270,0,1179,1599
sp015,271,0,1001,1402
sp015,272,0,1083,1511
sp015,273,0,1035,1466
sp015,274,0,1105,1499
sp015,275,0,1196,1536
sp015,276,0,1129,1613
sp015,277,0,1159,1659
sp015,278,0,1193,1711
sp015,279,0,1209,1678
sp015,280,0,1123,1619
sp015,281,0,1083,1478
sp015,282,0,1187,1659
sp015,283,0,1084,1627
sp015,284,0,1311,1749
sp015,285,0,1035,1548
sp015,286,0,1140,1509
sp015,287,0,1071,1661
sp015,288,0,1136,1668
sp015,289,0,1121,1648
sp015,290,0,1110,1623
sp015,291,0,1209,1693
sp015,292,0,1209,1729
sp015,293,0,1104,1543
sp015,294,0,1153,1613
sp015,295,0,1104,1586
sp015,296,0,999,1530
sp015,297,0,1063,1532
sp015,298,0,1065,1708
sp015,299,0,1220,1746
sp015,300,0,1120,1683
sp015,301,0,1213,1671
sp015,302,0,1147,1734
sp015,303,0,1031,1545
sp015,304,0,981,1557
sp015,305,0,1190,1654
sp015,306,0,1234,1711
sp015,307,0,1077,1638
sp015,308,0,1271,1749
sp015,309,0,1129,1655
sp015,310,0,1122,1514
sp015,311,0,1166,1642
sp015,312,0,1212,1749
sp015,313,0,1285,1749
sp015,314,0,1168,1671
sp015,315,0,1346,1680
sp015,316,0,1050,1417
sp015,317,0,1035,1503
sp015,318,0,1087,1495
sp015,319,0,1206,1749
sp015,320,0,1138,1580
sp015,321,0,1116,1576
sp015,322,0,1067,1496
sp015,323,0,1232,1564
sp015,324,0,1087,1576
sp015,325,0,1155,1587
sp015,326,0,1149,1610
sp015,327,0,1098,1600
sp015,328,0,1058,1649
sp015,329,0,1237,1636
sp015,330,0,954,1548
sp015,331,0,1067,1599
sp015,332,0,1126,1560
sp015,333,0,1076,1576
sp015,334,0,1117,1508
sp015,335,0,1113,1606
sp015,336,0,1119,1497
sp015,337,0,1089,1573
sp015,338,0,1061,1507
sp015,339,0,1117,1553
sp015,340,0,1013,1519
sp015,341,0,1065,1643
sp015,342,0,1003,1469
sp015,343,0,1124,1625
sp015,344,0,1098,1603
sp015,345,0,1056,1466
sp015,346,0,1123,1623
sp015,347,0,1126,1589
sp015,348,0,1034,1425
sp015,349,0,1117,1495
sp015,350,0,1111,1580
sp015,351,0,1104,1706
sp015,352,0,991,1476
sp015,353,0,1097,1646
sp015,354,0,1105,1598
sp015,355,0,1054,1615
sp015,356,0,1073,1593
sp015,357,0,1031,1483
sp015,358,0,1160,1677
sp015,359,0,1173,1593
sp015,360,0,1221,1600
sp016,1,0,802,1248
sp016,2,0,797,1263
sp016,3,0,818,1339
sp016,4,0,728,1045
sp016,5,0,795,1072
sp016,6,0,853,1198
sp016,7,0,873,1335
sp016,8,0,653,1241
sp016,9,0,555,1072
sp016,10,0,788,1155
sp016,11,0,688,1143
sp016,12,0,641,1159
sp016,13,0,720,1143
sp016,14,0,768,1197
sp016,15,0,646,1004
sp016,16,0,505,862
sp016,17,0,618,1010
sp016,18,0,679,959
sp016,19,0,657,969
sp016,20,0,539,1046
sp016,21,1,798,917
sp016,22,0,543,1095
sp016,23,0,602,1127
sp016,24,0,621,1014
sp016,25,0,711,1168
sp016,26,0,716,1112
sp016,27,0,619,981
sp016,28,0,625,1032
sp016,29,0,738,1192
sp016,30,0,680,1051
sp016,31,0,707,1047
sp016,32,0,721,1081
sp016,33,0,704,995
sp016,34,0,766,1175
sp016,35,0,615,1156
sp016,36,0,839,1040
sp016,37,0,630,946
sp016,38,0,688,1176
sp016,39,0,706,1157
sp016,40,0,561,1045
sp016,41,0,672,1156
sp016,42,0,685,1107
sp016,43,0,681,1193
sp016,44,0,639,963
sp016,45,0,799,1245
sp016,46,0,660,1075
sp016,47,0,668,975
sp016,48,0,658,954
sp016,49,0,532,962
sp016,50,0,566,1008
sp016,51,0,682,1125
sp016,52,0,592,933
sp016,53,0,710,1173
sp016,54,0,655,944
sp016,55,0,685,1048
sp016,56,0,641,1066
sp016,57,0,791,1315
sp016,58,0,583,1245
sp016,59,0,542,1116
sp016,60,0,684,1074
sp016,61,0,742,1129
sp016,62,0,549,936
sp016,63,0,617,1069
sp016,64,0,626,1130
sp016,65,0,445,815
sp016,66,0,601,1185
sp016,67,0,609,1166
sp016,68,0,749,1241
sp016,69,0,651,1146
sp016,70,0,734,1212
sp016,71,0,652,1017
sp016,72,0,571,1088
sp016,73,0,568,1127
sp016,74,0,661,1253
sp016,75,0,577,1046
sp016,76,0,701,1162
sp016,77,0,557,1059
sp016,78,0,498,1004
sp016,79,0,470,1030
sp016,80,0,725,1207
sp016,81,0,670,1204
sp016,82,0,783,972
sp016,83,0,660,1148
sp016,84,0,686,1107
sp016,85,0,661,1142
sp016,86,0,731,1355
sp016,87,0,604,1057
sp016,88,0,742,1012
sp016,89,0,606,989
sp016,90,0,671,1138
sp016,91,0,542,922
sp016,92,0,720,1065
sp016,93,0,558,1041
sp016,94,0,483,1104
sp016,95,0,408,967
sp016,96,1,150,0
sp016,97,0,316,658
sp016,98,0,485,1035
sp016,99,0,682,1190
sp016,100,0,656,871
sp016,101,0,676,956
sp016,102,0,799,1159
sp016,103,0,610,1010
sp016,104,0,711,1230
sp016,105,0,826,1311
sp016,106,0,800,1269
sp016,107,0,769,1333
sp016,108,0,742,1303
sp016,109,0,704,1129
sp016,110,0,574,1071
sp016,111,0,691,1167
sp016,112,0,552,1084
sp016,113,0,670,987
sp016,114,0,529,853
sp016,115,0,739,1349
sp016,116,0,811,1389
sp016,117,0,688,1265
sp016,118,0,474,851
sp016,119,0,641,1123
sp016,120,0,593,1035
sp016,121,0,702,1218
sp016,122,0,486,970
sp016,123,0,502,1017
sp016,124,0,534,927
sp016,125,0,758,1263
sp016,126,0,746,1069
sp016,127,0,556,1132
sp016,128,0,652,1085
sp016,129,0,590,1065
sp016,130,0,599,1024
sp016,131,0,643,1036
sp016,132,0,688,1204
sp016,133,0,619,905
sp016,134,0,658,1185
sp016,135,0,517,915
sp016,136,0,821,1216
sp016,137,0,676,1085
sp016,138,0,726,1114
sp016,139,0,567,1004
sp016,140,0,609,1076
sp016,141,0,578,777
sp016,142,0,675,1162
sp016,143,0,533,1043
sp016,144,0,375,734
sp016,145,0,640,1056
sp016,146,0,415,857
sp016,147,0,501,891
sp016,148,0,403,939
sp016,149,0,729,1230
sp016,150,0,768,1252
sp016,151,0,692,1123
sp016,152,0,979,1383
sp016,153,0,886,1233
sp016,154,0,691,1158
sp016,155,0,603,1166
sp016,156,0,511,763
sp016,157,0,481,887
sp016,158,0,628,1080
sp016,159,0,627,1060
sp016,160,0,636,1095
sp016,161,0,501,897
sp016,162,0,543,950
sp016,163,0,642,1158
sp016,164,0,691,1002
sp016,165,0,613,1042
sp016,166,0,720,1192
sp016,167,0,704,1107
sp016,168,0,593,905
sp016,169,0,675,1050
sp016,170,0,707,1192
sp016,171,0,694,1135
sp016,172,0,690,1060
sp016,173,0,737,1142
sp016,174,0,651,910
sp016,175,0,444,842
sp016,176,0,614,893
sp016,177,0,775,1122
sp016,178,0,716,1209
sp016,179,0,619,1001
sp016,180,0,582,1033
sp016,181,0,697,1028
sp016,182,0,728,1040
sp016,183,0,677,1127
sp016,184,0,593,1098
sp016,185,0,662,997
sp016,186,0,563,1022
sp016,187,0,677,1108
sp016,188,0,678,1178
sp016,189,0,704,1116
sp016,190,0,660,1065
sp016,191,0,602,988
sp016,192,0,624,992
sp016,193,0,580,1006
sp016,194,0,679,1160
sp016,195,0,592,928
sp016,196,0,681,1154
sp016,197,0,695,998
sp016,198,0,550,1041
sp016,199,0,621,1055
sp016,200,0,700,1159
sp016,201,0,741,1183
sp016,202,0,653,839
sp016,203,0,677,1139
sp016,204,0,645,892
sp016,205,0,684,1195
sp016,206,0,575,1110
sp016,207,0,580,1016
sp016,208,0,515,797
sp016,209,0,583,1064
sp016,210,0,592,1137
sp016,211,0,617,886
sp016,212,0,781,1117
sp016,213,0,708,1245
sp016,214,0,654,1001
sp016,215,0,429,914
sp016,216,1,724,866
sp016,217,0,607,988
sp016,218,0,687,1092
sp016,219,0,652,1130
sp016,220,0,633,839
sp016,221,0,533,1089
sp016,222,0,653,1138
sp016,223,0,574,1148
sp016,224,0,424,1033
sp016,225,0,636,1169
sp016,226,0,699,1190
sp016,227,0,531,1036
sp016,228,0,549,1028
sp016,229,0,704,1129
sp016,230,0,533,1125
sp016,231,0,647,1092
sp016,232,0,652,1030
sp016,233,0,487,1009
sp016,234,0,500,927
sp016,235,0,512,1011
sp016,236,0,555,1008
sp016,237,0,353,872
sp016,238,0,539,1130
sp016,239,0,530,917
sp016,240,0,674,1044
sp016,241,0,649,1121
sp016,242,0,617,1095
sp016,243,0,674,1087
sp016,244,0,489,780
sp016,245,0,628,1041
sp016,246,0,485,902
sp016,247,0,532,1000
sp016,248,0,365,830
sp016,249,0,470,1103
sp016,250,0,562,1064
sp016,251,0,951,1420
sp016,252,0,567,1064
sp016,253,0,686,1005
sp016,254,0,622,1089
sp016,255,0,579,953
sp016,256,0,685,918
sp016,257,0,501,924
sp016,258,0,625,963
sp016,259,1,574,672
sp016,260,0,468,870
sp016,261,1,608,667
sp016,262,0,548,1015
sp016,263,0,544,1042
sp016,264,0,676,935
sp016,265,0,610,933
sp016,266,0,496,876
sp016,267,0,411,772
sp016,268,0,470,832
sp016,269,0,642,1060
sp016,270,0,480,750
sp016,271,0,554,971
sp016,272,0,739,1086
sp016,273,0,557,986
sp016,274,0,699,1165
sp016,275,0,552,1053
sp016,276,0,723,915
sp016,277,0,457,844
sp016,278,0,532,1048
sp016,279,0,603,1122
sp016,280,0,450,930
sp016,281,0,552,968
sp016,282,0,512,947
sp016,283,0,391,970
sp016,284,0,617,905
sp016,285,0,682,1122
sp016,286,0,578,1011
sp016,287,0,641,1059
sp016,288,0,535,977
sp016,289,0,514,826
sp016,290,0,447,934
sp016,291,0,563,998
sp016,292,0,504,928
sp016,293,0,555,995
sp016,294,0,347,682
sp016,295,0,573,1006
sp016,296,0,602,962
sp016,297,0,680,1113
sp016,298,0,727,1283
sp016,299,0,521,1015
sp016,300,0,355,925
sp016,301,0,508,732
sp016,302,0,708,1085
sp016,303,0,491,917
sp016,304,0,510,1012
sp016,305,0,510,872
sp016,306,0,535,1065
sp016,307,0,745,1219
sp016,308,0,565,1125
sp016,309,0,390,881
sp016,310,0,628,1088
sp016,311,0,585,849
sp016,312,0,562,952
sp016,313,0,519,1038
sp016,314,0,753,1111
sp016,315,0,523,1003
sp016,316,0,545,990
sp016,317,0,685,954
sp016,318,0,538,956
sp016,319,0,559,1116
sp016,320,0,683,1101
sp016,321,0,805,1307
sp016,322,1,736,860
sp016,323,0,620,1077
sp016,324,0,377,679
sp016,325,0,672,1060
sp016,326,0,513,965
sp016,327,0,646,1146
sp016,328,0,690,973
sp016,329,0,615,1055
sp016,330,0,629,1120
sp016,331,0,535,1027
sp016,332,0,664,1086
sp016,333,0,433,1010
sp016,334,0,533,1032
sp016,335,0,278,809
sp016,336,0,652,969
sp016,337,0,519,1033
sp016,338,0,527,974
sp016,339,0,453,1002
sp016,340,0,548,976
sp016,341,0,621,1203
sp016,342,0,594,1014
sp016,343,0,462,939
sp016,344,0,356,872
sp016,345,0,630,1041
sp016,346,0,716,1198
sp016,347,0,467,992
sp016,348,0,715,1158
sp016,349,0,529,1053
sp016,350,0,457,955
sp016,351,0,573,1074
sp016,352,0,515,1005
sp016,353,0,344,870
sp016,354,0,776,1261
sp016,355,0,514,1018
sp016,356,0,562,1014
sp016,357,0,581,1051
sp016,358,0,510,1012
sp016,359,0,485,1001
sp016,360,0,319,831
