369.121793624135,448.355877468384,612.488985160194,441.344303614439,627.029036591852,653.548396247982,428.811818539725,435.499673944927,712.347017961975,526.242141128951,521.871320194987,456.3584461274,433.470386414126,411.355370979843,463.723285169578
372.515611094219,452.564452256207,613.895739591377,443.838971855653,630.319637241343,653.10755556167,431.376153292688,437.679197624251,711.936455217419,533.280976552217,524.588356265039,456.939168269836,436.672723816293,413.428390811272,463.25184852831
375.849157194478,456.764676038304,615.86922013278,446.432132039884,632.276190853708,650.262244846518,433.988742447698,439.802831002063,711.652553318494,540.590801869605,526.887166638228,457.684462077445,439.372210556597,415.472912789165,462.675197511301
379.665785078138,460.859352905276,619.301099847477,449.433080470235,634.740696755885,646.923996099693,436.385676566621,441.860827638454,710.029121167095,546.172753830789,528.889334820523,458.710386712763,441.971893064298,417.590938122284,462.011703931764
383.786084341501,464.781999462835,622.242547147166,452.519508080173,636.992565703493,641.700405802152,438.860445334138,443.90130624148,707.870678522688,550.751200015913,530.416997824579,459.879416568343,445.219834906242,419.714589338631,461.77585925162
387.601964564104,469.814308656805,624.466974662311,455.67168695136,639.029143126811,632.457026438503,441.302114471837,446.653306500501,706.243733772338,553.686675209147,532.257319289331,461.125445398047,448.353041270653,422.4429579262,461.522068360474
392.327102341167,474.705833180429,628.945546059101,458.878065038544,640.865195457935,624.240492189441,443.760923249603,449.671890554936,704.294435236189,556.516767901487,534.138108955701,462.491943873556,452.910773709984,425.177298525808,462.243505121692
395.99409943496,480.162002312897,482.259318237177,462.124908154744,642.522719467786,615.695804450383,446.317420805319,452.713008635251,702.940375207741,559.329803137754,536.040442277083,463.939818470341,457.391992180595,427.896915452118,464.615816542984
400.436057407118,485.396119182351,486.634968160882,465.337056128024,644.027155040952,609.134725605772,448.971684175728,455.922730201051,701.401002360523,562.024943356252,537.792852218177,465.647474555325,461.822570253807,430.582009874968,467.117827219239
403.111229239786,490.489857297173,491.743866393821,468.496250071573,645.407608919637,604.658709857764,451.711416488689,459.477320443549,700.03047108094,564.351094891288,539.454788931285,467.388332305436,466.236384759897,433.212618282765,469.510594758437
408.036548989758,495.450494735115,495.805997726616,471.670652066941,646.697899607123,601.726363115842,454.508139920083,463.142392974451,698.932573431331,566.657350755345,541.475575868156,469.114969239327,470.386068106733,435.664322601907,472.068615181722
412.939405053878,500.296546575969,501.200229172833,474.856703279807,647.93219657553,600.326091186687,457.31536624051,466.950809254907,697.490779490656,568.743878243157,543.499353877939,470.861292938116,474.880152109189,438.04959054672,474.849238227329
418.105499339776,505.050307378367,505.941919380443,478.017632829335,649.451988039546,598.228270648446,460.07814793769,470.920998843912,695.887909745216,570.838685642983,544.933505938061,472.668788871616,479.828673541452,440.472439255516,477.663385754494
423.497439318572,509.728782910183,509.988991723505,481.222523869488,651.359866580651,596.190180831388,462.753200518811,475.104764759232,694.440945589908,572.00820055158,546.535324339229,474.557552917611,484.917634818559,442.824270760716,480.384039439342
428.457768642369,514.341781767403,513.705692477481,484.487426093153,653.576122191451,594.742872893622,465.325680414231,479.736518469977,692.782363834248,572.197472546205,548.201083463251,476.379396629689,489.778145393543,445.106105510597,483.299829907786
432.959497048459,518.893343152377,517.140310826715,487.822104766764,655.841205824329,593.212752799445,467.812749640465,484.61446033762,690.714735330797,572.942618856072,549.981365091831,478.234938314414,494.265299196538,447.476387628346,485.897818697176
437.018547329745,523.384232309095,520.350397906273,491.22106467271,658.514848078928,590.861140958583,470.252894244336,489.689949934129,686.978739816966,574.705859349039,552.008005844208,480.114967005026,498.438193007945,449.940909648863,488.415770425709
440.800801524825,527.814756967962,523.399460284469,494.716488560041,661.578581342336,588.620379990252,472.685379883499,494.921899271693,682.345696512693,575.3032638133,554.956891412091,482.041540671885,502.461428711653,452.502203894699,490.673723904691
444.390118707892,532.18458148691,526.343242565953,498.313178130602,664.751227469873,586.78781412261,475.12917095686,500.275509274298,676.367989263896,575.716087026344,558.404853672754,484.025245026184,506.506586185969,455.148850963531,492.82519290756
447.807952795111,536.492405664499,529.618876539926,502.011263374986,666.31285973948,585.417633087026,477.576143356943,505.653028881501,669.950573579276,576.468006408963,562.319231719005,486.058749628011,510.717219284949,457.845410191737,494.743038022936
451.230267368825,540.735169762155,533.871457219222,505.807342010831,668.029172064146,584.4473139054,479.997468131365,511.033346141058,663.284549735495,577.221384389454,566.760122128768,488.141370896799,514.655785584834,460.439837253695,496.642138725421
454.567438014992,544.896033983832,538.137975727753,509.694885119429,669.815019681362,583.989657597978,482.298454232109,516.319860967378,658.610958845598,576.859419079456,571.639227423796,490.265820079992,518.170312804435,463.044267962487,498.555891489345
458.1371555264,548.970137836575,542.364956082134,513.663957930818,671.464331732601,583.860185784316,484.568664376624,521.51150091337,651.371477512653,576.440919677651,576.812523966085,492.38758834664,521.60643545919,465.757229795039,500.218248834701
461.854947680684,552.905846609519,546.563219365108,517.702424566413,671.055362056428,583.96009650964,486.834901275042,526.509090156753,644.473482280543,576.221881994329,582.506333237003,494.474501426202,524.980648172395,468.584166609924,501.871007563157
465.737917483602,556.713202979035,551.119012111886,521.797604333407,670.733606913891,584.468994173604,489.105424703227,531.296312201204,637.622225841917,577.162707794032,588.163347889105,496.412149762561,528.337625409898,471.422874612884,503.494111907977
470.384586889435,560.380305641909,555.573310863303,525.936269855663,670.146819432708,585.058384290422,491.422970960499,535.86197968359,633.368191838396,578.158821789532,593.668061427723,498.297960080236,532.020478495739,474.248060296858,504.93874583759
474.860100897983,563.972288609713,559.940887860996,530.103779689165,669.281480829091,585.963827864912,493.576880492934,540.206685795895,628.309879733054,579.023349219366,598.998465107625,500.078977204456,535.943468787242,477.097336080819,506.510079267813
478.937536966522,567.498959651911,564.263614634425,534.282725675766,669.138746764336,587.095596910533,495.723498137171,544.310087021155,624.615067350642,579.804908138278,604.159440300791,501.771204458671,539.902604759551,479.901608773214,507.892160599174
482.882892761149,570.968615933261,568.582875739836,538.45196180791,669.525546430905,588.429539308829,497.885978942628,548.217356353873,622.586059740658,580.526201404482,608.394506767502,503.395164424346,543.759281420338,482.72909984098,509.227583860547
486.63029290931,574.389012343774,572.848416812601,542.575173479305,669.70175375434,589.851192754523,499.994746440496,551.926500284497,622.693910873189,581.626610815222,612.428409535485,504.937168689719,547.558006289224,485.576465382046,510.401802073636
490.162519026437,577.7653389273,577.106878015465,546.589132574462,670.037691016913,591.307137356231,502.096395387564,555.503065959003,623.958530629056,581.807926241713,616.258606729014,506.388441554665,551.238934659658,488.436720596878,511.653977423204
493.429176387245,581.099788706419,581.101609815591,550.518050715114,669.919804416439,592.168038964469,504.185701290077,559.046078651317,626.321113451991,582.385999713271,619.891119007306,507.74478006147,554.712176201897,491.301603765883,512.835665122869
496.460464318794,584.37936487334,584.841481604822,554.32717028188,669.297924989608,593.656253843957,506.24776674219,562.491447746372,628.54292186189,583.092165414192,623.202957773334,509.004947142043,558.028906312792,494.163847803093,514.13151544607
499.36097798769,587.459688720879,588.380169300716,557.976178271413,669.129744542756,595.237108795938,508.086545131554,565.87087255098,630.396564453446,584.146223159636,626.175478347144,510.170285881019,561.111164517447,497.017548366078,515.379120626318
502.171786246321,590.485492572903,591.756695462575,561.392732555035,669.200709210939,596.80385725291,509.882253838863,569.201442515862,632.091770853852,585.177695921883,628.601819492623,511.243501572064,563.958343292189,499.857109336657,516.65573066925
504.925496750453,593.45164358579,594.958116668728,564.598513298871,668.529361234059,598.074980146936,511.633992635917,572.497210245902,633.713374077838,586.317900284415,631.469563126508,512.217381523868,566.361566242394,502.676090683522,518.005690322526
507.604615041948,596.352212258874,597.982494514153,567.590459541279,667.269353604802,599.344623243755,513.35288394756,575.768464066589,635.906480565973,586.321382833172,634.097969359428,513.110481976192,568.481888665812,505.466408846162,519.38255347338
510.194702548344,599.181654319123,600.867945059224,570.379204100399,666.044341556453,600.494471818652,515.381087272927,579.020899227197,638.058940516639,585.953134470655,636.163650136276,513.930331902217,570.469990434647,508.218238277472,520.636965737046
512.759416809383,601.935261271361,603.656066320122,572.975065210132,665.408309093527,601.231202910663,517.035778955832,582.256229587423,640.466909262757,585.38633425968,637.977418112492,514.684820617447,572.315027310693,510.92107243965,521.844993830102
515.103656234368,604.609324699858,606.368437331603,575.17481154926,664.517701889601,601.887109248993,518.585217893811,585.472178767453,642.160271160529,584.862042670192,639.544094364465,515.381770207241,574.082632270496,513.565072123427,523.033917275181
517.414113199094,607.200511987597,609.015437685132,577.209840363653,663.800235578774,602.516167617199,520.136582724349,588.663029557327,643.836925669789,584.581443820307,639.442725078616,516.028672250889,575.734792698927,516.142439808875,524.210702024437
519.387601527886,609.706199247934,611.604931687216,579.116436554566,663.60368939202,603.224662467537,521.649758396061,591.820574179243,645.356624293736,584.642754107037,639.372286627716,516.632412723084,577.313250617243,518.648428627226,525.368440368815
521.288641270473,612.124912479783,614.144712395763,580.886574114686,664.081048613642,603.936603614815,523.088881833405,594.936465081607,646.781950950536,585.034781809445,639.205833876737,517.199346784261,578.805495959971,521.081767166681,526.487874152219
522.984224176942,614.454905045418,616.644011861361,582.530989824734,664.204757891648,604.648550442401,524.569301569336,598.005975311716,648.767083854402,585.816125926279,638.756784179304,517.735730903248,580.224862611428,523.444469296557,527.630582808007
524.776660071706,616.663907940015,619.113415821924,584.06419617582,664.555967756566,605.484885111431,525.919270683153,601.028809797475,650.673308912187,586.998349569619,638.381385096488,518.215655876291,581.558114132643,525.740902663244,528.768923036424
526.459622472687,618.790671248231,621.563384815866,585.501890960146,665.09552446461,606.592224561306,527.358383608492,604.007764097581,652.504746533958,588.40071382394,638.084192998302,518.671395254614,582.805653359342,527.976751357676,529.81535754969
528.002624501544,620.838434979431,624.001611841038,586.811187058786,666.028789151337,607.674209005773,528.794798294371,606.945764965834,654.184027097107,590.134826635107,637.83013552638,519.086065853096,583.968211558327,530.1584902466,530.840508245959
529.011853599145,622.811681297898,626.431013715414,588.040817304785,667.356228797536,607.892055221335,530.234035477026,609.843689988637,655.777429737601,591.948315975575,637.473106678132,519.483878633985,585.008136961047,532.293431444936,531.801273079459
530.403398918174,624.715748671106,628.848395502446,589.221938962675,668.640132687417,607.768265348421,531.681910171484,612.700600184266,657.3770170676,593.877226524332,637.216253557712,519.875808039918,585.684504166609,534.389557689008,532.721850051617
531.591636209797,626.556768899767,631.243385645988,590.369013842578,669.597516653725,607.380803368725,533.138140205276,615.514318083376,658.946680729289,595.854628257758,636.459564830207,520.268592981274,586.283939888573,536.455391088886,533.559489227228
532.680863954449,628.328799682704,633.599489607108,591.496292979309,671.312798169318,603.417867725424,534.577943046898,618.282725711503,660.4180797825,597.863430351192,635.56429609013,520.668853981014,586.803447994804,538.499508475377,534.332617401442
533.449284601659,630.000712539414,635.812887527813,592.618100673276,672.405317437815,602.388324069172,536.032134323055,621.003626309567,661.103218422919,599.881668358595,634.603762979139,521.08269273752,587.283084956278,540.521989380236,535.065706468592
534.13682922302,631.623073622416,637.946844996833,593.74896970977,673.399448791468,601.385616215665,537.485463277235,623.67410995672,661.539636584845,601.884138867473,633.610771411284,521.513803963615,587.713829287717,542.515995589924,535.762375247572
534.508173726244,633.202813571307,639.797736023282,594.90362171417,674.760586066329,600.868991315239,538.882733747257,626.291396379283,661.714244592977,603.844851934835,632.499146181201,521.942136683663,588.143950560568,544.507246748855,536.427476174523
534.775594970227,634.746772990604,641.702284015945,596.09647934431,676.012960254503,600.482314736667,540.297689103361,628.853244537208,662.833260957697,605.739848957853,631.293734815323,522.395818783066,588.601843330452,546.4122220959,537.066369820448
534.925515888849,636.261472289649,643.521001924411,597.331518074896,677.171562591981,600.226439055953,541.725008419514,631.352446122298,663.894499383249,607.549957378819,630.062857737183,522.877364104169,589.088154783595,548.289953017602,537.683811128492
535.004472395479,637.752682791624,645.16948501593,598.613430619005,678.183892581805,600.095083828548,543.150370464018,633.620981263571,663.708994672653,609.465834994984,628.833441547858,523.389975242254,589.554982687234,550.171149045326,538.282856763104
535.022828919794,639.224808708541,646.911265142095,599.969173789004,679.039865320472,600.240903754827,545.188851655425,635.836617064804,663.348175717979,611.294044747406,627.748105530589,523.935314700437,589.748930422573,552.059706687512,538.825601936294
534.973522438222,640.680061813688,648.61959417911,601.407846322126,679.924591371237,600.541526861157,546.517455275213,638.014452949295,662.902092863325,613.111483189911,626.82341095046,524.513553168182,589.788227934865,553.958377110376,539.343239375482
534.894376313602,642.099804859487,650.344759974378,602.935915555895,681.297383662887,601.007719030835,547.822879599784,640.17323437548,662.356050560168,614.93975335518,626.06465688145,525.124433358206,589.828014547576,555.86834899709,539.848225823451
534.885604550016,643.501623783748,652.187581881352,604.557083431672,682.614428878836,601.660815083168,549.094195539113,642.333687666388,661.767038980611,616.965180908806,625.725710776125,525.766999048471,589.864250474485,557.787456456445,540.341541641985
534.872705997923,644.896196123287,653.947421610664,606.272384764296,683.723293811032,602.284286475566,550.323020036648,644.517090779173,661.206880610469,618.411759107658,625.650161510311,526.43663401853,589.857564472833,559.628372905557,540.809224523618
534.908675881054,646.28206477866,655.800927435592,608.080658439539,684.766165648184,602.849690054759,551.507891714244,646.741905644837,660.550266620047,619.867004704414,625.794441012391,527.130947337457,589.846974461274,561.456693765781,541.256440644618
534.938072678109,647.656842176454,657.796739361361,609.979106323657,685.603507962282,603.310127315409,552.638995304671,649.021929787175,660.05969306338,621.283863270441,624.736803291392,527.829216090327,589.834855930019,563.233065865307,541.694687168026
535.015930083797,649.017853097156,659.663904669405,611.9449617081,686.413279032497,603.797203177722,554.132082260452,651.364546496058,659.599916503613,622.662583561928,625.007767718863,528.539447607061,589.932737529871,564.986781761467,542.131216840667
535.122137370486,650.362166504641,661.545867617464,613.920109720762,685.885384602838,604.484344652906,555.174496590224,653.769246949316,659.243108803626,624.015417493679,625.288881276973,529.264412809881,590.230674681132,566.667524564565,542.570349105541
535.14518151906,651.686658995068,663.431704898425,615.951281586516,686.568858466053,605.279399061373,556.158282427681,656.019488317936,659.24171397463,625.334294254037,625.596027433245,529.997640965217,590.631643876295,568.309688411813,543.0139361168
535.13194355418,652.98796759976,665.321359858791,618.033906075671,687.161792354383,606.053321455228,557.047795619564,658.144611065199,659.432552671478,626.627786388525,626.021296072678,530.732715543489,591.121299367251,569.923398779987,543.464209813389
535.053708494308,654.262959797686,667.250749138547,620.165104948459,687.692184086764,606.789817518376,557.898314616995,660.297667981437,659.696636531713,627.905840610773,626.462410230071,531.426102492549,591.668820039118,571.496396930195,543.92518162369
534.969807408218,655.509147644809,669.108571816402,622.343532413315,688.151966162874,606.764336913121,558.722271279918,662.464259679522,659.815441829491,629.157292679046,626.931122307574,532.094361773864,592.300102089538,573.013537127554,544.395239034386
534.839503972853,656.716854130493,670.935099191598,624.569261565564,688.589562520527,607.319998547461,559.518112868405,664.539462427075,659.87558206138,630.341982827959,627.403010166878,532.74612685767,592.993010162562,574.518827130345,544.872295078558
534.724979540242,657.847993913223,672.730768256509,626.812497215862,688.669445350109,607.858435419187,560.271624361442,666.587912051902,659.896784636032,631.544076832997,627.870542928701,533.379585153592,593.731234079562,576.018434691053,545.325087249094
534.624976434984,658.842543386247,674.486676966531,629.058690324232,688.731615997025,608.610539151265,560.952143735051,668.596299020203,659.826246488802,632.658926901472,628.426492397865,533.993843600205,594.556461988922,577.517339929391,545.776948106331
534.541628176912,659.813336502321,676.193083338348,631.361465123249,688.865102594436,609.351691563832,561.560180882748,670.54088244339,659.740321664434,633.783410588066,628.675632659909,534.578494352813,595.457541952541,578.949961170793,546.232169696945
534.611105967498,660.762162665434,677.838553695642,633.720517462599,689.010652696564,610.024795728739,562.166893998997,672.400412653366,659.662701613225,634.868978252628,629.436688248905,535.116625086204,596.41739231447,580.370844425783,546.705448785319
534.675711917071,661.691153048695,679.409774726863,636.132078558449,689.134581781414,610.615096317385,562.929336931072,674.158611290183,659.610178022713,635.924848639863,631.316420188278,535.645627119419,597.362239575681,581.799033106049,547.167905861262
534.742820319782,662.602396448974,680.78945676346,638.563353607657,689.235555907429,611.174157901169,563.523295814125,675.710570732133,659.524433769236,636.951525413514,632.127502903892,536.147644361728,598.623854894801,583.236268883844,547.620583588497
534.845816718545,663.497805323363,682.056570701614,640.96167422733,689.296499197324,611.758849040812,564.032024362649,676.983403923068,659.398730719347,637.943803472543,632.927569390953,536.641977717138,599.815258708984,584.68228984482,548.076315276129
534.822392817186,664.379527432868,683.212654677734,643.389838425697,689.334904007738,612.277132514737,564.397694067125,678.215805414486,659.270984456676,638.940528031036,633.715957483513,537.129354523453,600.924874526106,586.132146697152,548.538727345527
534.679067983334,665.249970683332,684.029821128175,645.837087758403,689.348204256553,612.734095780288,564.741332770729,679.183370882074,659.141455418753,639.873453428914,634.471286881517,537.609775154967,601.946789720521,587.529597679724,549.003310579175
534.425913896661,666.111163100369,684.934965414268,648.293237780804,689.32417068136,613.203661934831,565.096122578202,680.079045171022,659.028472227618,640.803784642503,635.091373855732,538.082012184604,602.880169531717,588.926354053612,549.486844952228
534.078600045871,666.964182929588,685.777689326562,650.749600402073,689.18446808957,613.495923539933,565.476047268411,680.760511242246,658.882674937255,641.718743795119,635.712825734479,538.543847424292,603.728191042017,590.31871139055,549.968600722753
533.634089699157,667.809025287636,686.486890217526,653.198612805693,688.228489283488,613.678064499037,565.870373562199,681.427049555978,658.726223069809,642.601606396362,636.31820633804,538.992640460749,604.472401598801,591.701955167121,550.439219502028
533.131406124783,668.645207947649,687.0174211212,655.633519629358,686.910323180455,614.127631969729,566.28058871634,682.099475766825,658.576125543969,643.443111501454,636.909088725282,539.425280247388,605.111840574517,593.070122846613,550.91117481543
532.574584536547,669.431320296854,687.49902723945,658.048256900139,685.031195457447,614.593018513724,566.732959188594,682.784408508078,658.396144808581,644.245577806354,637.514607439088,539.838452660629,605.657242207259,594.407824477679,551.379800954615
531.96728267879,670.20530097776,687.893141755054,660.327008183775,683.08736804732,615.023704144544,567.177699863825,683.487001334733,658.17913830284,644.991764778775,638.092747883057,540.216032591361,606.074863777392,595.709393044055,551.840522739782
531.389318745496,670.966688604157,688.245953513984,662.565076888427,681.436841676758,615.440868725034,567.654038359088,684.210717878861,657.94025065874,645.704325294106,638.716128639391,540.517640736736,606.395465569558,596.973597301613,552.267708551554
530.848170972053,671.714428876979,688.606316881942,664.771667202319,679.909792206475,615.855657225696,568.15452654209,684.95698437715,657.686248861884,646.389793878007,639.303589167597,540.799406751603,606.723855696627,598.165399752665,552.683187545828
530.333195109553,672.482297025824,688.913684411571,666.94463257253,678.932783852056,616.206761801357,568.604608701969,685.724240186009,657.413686576145,647.051050683049,640.014708934172,541.060711260385,607.254089512234,599.315232230012,553.081264134858
529.872299058815,673.166315026472,689.123729476642,668.96148838449,678.59922343535,616.333997987043,569.046338605043,686.369764036094,657.090091577026,647.690551475967,640.77136484997,541.301752990279,607.879719844844,600.413247658965,553.455754332917
529.497792291005,673.840015418605,689.257910897595,670.923826741036,678.29889643647,616.416788983182,569.480252729107,687.00181579076,656.863505927639,648.309740535742,641.525051517772,541.523556434046,608.544295486259,601.458975916477,553.808486076707
529.239095097366,674.503030572247,689.350700646908,672.832914077921,677.94236311205,616.491890269888,569.823248703438,687.563463840743,656.647298166705,648.908891101083,642.291479087834,541.727918593616,609.246556077697,602.446077452012,554.127343330752
529.116322285921,675.155200570588,689.382047702376,674.686096712565,677.473925444174,616.548505121131,570.099951359323,688.007450487585,656.435149576874,649.485827907051,643.068357406881,541.917326669086,609.975183305002,603.348387629546,554.433682408304
529.126893342264,675.797168129494,689.405557931688,676.480583944988,676.855495565167,616.578249215593,570.359116524751,688.417207473641,656.23153460026,650.040342201826,643.850808512657,542.094807156453,610.708119336916,604.15544037726,554.756017080051
529.278897051884,676.430145681315,689.40491771886,678.213821819814,676.061259663659,616.727830938635,570.612883869094,688.609411170504,656.173370303542,650.548650109887,644.630625287122,542.263731951397,611.447717355081,604.882845626954,555.080891842038
529.916911382375,677.049429853997,689.405183632113,679.884167815392,675.064932523066,617.151307554096,570.840686609745,688.607571750846,656.114558150278,651.031145764959,645.33698608749,542.429111065329,612.180415897647,605.550041341116,555.393395365746
530.579597195528,677.640167504494,689.29018429128,681.491593060163,673.887253065309,617.691180453638,571.000687949152,688.691221227051,656.055530746297,651.455276057897,645.97072839173,542.592726018528,612.894806042749,606.179635943352,555.68535608406
531.247140777063,678.181217662184,689.172927499518,683.037681972089,672.554674308613,618.388059352822,571.144801962465,688.74970417964,655.996306219044,651.828687517879,646.584872877199,542.755238228127,613.541644017329,606.712882538391,555.979404411071
531.895709175799,678.716853424373,689.084495023263,684.457334615723,671.114313784873,619.08606828117,571.278389092897,688.851326331295,655.878918301231,652.191812232149,647.176082696823,542.883271842311,614.066984583151,607.243732704008,556.258584397712
532.503083635438,679.248906777679,689.002028650766,685.812289843298,669.572897138199,619.787715140567,571.407254781319,688.899143652482,655.75137079666,652.547606065561,647.740633672012,543.013704249196,614.549814932163,607.771536451281,556.49160029833
533.045316739546,679.789996614202,689.013339583661,687.135143562383,668.23795460451,620.494561858103,571.53386916363,688.967417144093,655.542960056657,652.886212923413,648.259421261139,543.150463193661,614.990563027334,608.279571001066,556.719461083399
533.501763753537,680.283782621473,689.05383427019,688.429394677689,666.952810622329,621.160870541348,571.665580638802,689.026943128392,655.328897403518,653.212401055487,648.833430559078,543.294291925328,615.392281131892,608.746391265354,556.920044749826
533.860233710012,680.770067929335,689.080826074665,689.697999537526,665.777182564622,621.745702070947,571.818809192279,689.083800703926,655.094620130168,653.52773958466,649.356571014563,543.439604858938,615.75892453864,609.151873550586,557.096999842296
534.117987253642,681.243537853044,689.097236543347,690.942888610817,665.564898819867,622.240420988875,571.951271896721,689.29826478426,654.857621159596,653.831838840563,649.832296425115,543.587361901058,616.094280013053,609.546903436334,557.278421037489
534.28013558674,681.612688121696,689.299193914946,692.164856073293,665.610715420038,622.736992489756,572.047576334601,689.429181556012,654.639693341653,654.124436725193,650.316076962155,543.73613900129,616.400698577108,609.908070583556,557.479880705875
534.346852558425,681.991921323631,689.511147896951,693.363779244209,665.64939943503,623.221255144123,572.191544815163,689.521862190408,654.398934490293,654.403582571772,650.790108781099,543.884562649639,616.646420223193,610.239936477342,557.693827071832
534.332796684091,682.380387505505,689.724779162993,694.538935217008,665.609259945574,623.546530464981,572.310929430422,689.930064449082,654.13761067396,654.657306037594,651.217014406529,544.025256116403,616.854227541613,610.553623745591,557.929134428001
534.248843966711,682.836133476297,690.107649261767,695.689469526396,665.426329045682,623.855498637824,572.4539883369,690.373117350695,653.924910920955,654.903624855919,651.655484568848,544.156365529642,617.031246720149,610.828675304429,558.180050262292
534.340279070315,683.290791797911,690.471556638699,696.814823144059,665.344730712013,624.144677555501,572.585518416821,690.987060860204,653.715355694533,655.14484126522,652.016021224951,544.289523618718,617.175796355779,611.080653750294,558.454218170109
534.393150560018,683.742606050474,690.83348687603,697.915096883401,665.227400612736,624.430960179338,572.662138214718,691.868369222862,653.509700933055,655.354533261871,652.348386184226,544.425792347577,617.187001013137,611.335459419474,558.75279024247
534.368334233111,684.189674617299,690.814247924714,698.991414533428,665.121693958976,624.746857399952,572.758071259196,692.816466885845,653.308703404833,655.552914950005,652.652267792397,544.598716112276,617.153998211546,611.586021443583,559.111910835891
534.321011336207,684.629861009184,690.784373267259,700.046395439588,665.004848367866,625.059033420232,572.842037694065,693.874907872534,653.11463640543,655.750203821931,652.957050216701,544.770489008785,617.092206508174,611.845112006489,559.453990896789
534.242361155554,685.06133585808,690.76925744049,701.084165999231,664.926999576393,625.30734123228,572.91042780344,695.025411672551,652.917314205181,655.904037571968,653.254466605142,544.941415815748,617.021826047159,612.087536773496,559.775848673559
534.184147720599,685.483348539607,690.854137074817,702.109648560491,664.835208997781,625.503732259284,572.963810471601,696.253158523033,652.669869436277,656.037491718956,653.550153917315,545.111404201556,616.947637381104,612.333949704847,560.097559757995
533.985013912168,685.929684913752,690.963728523688,703.127559724834,664.809586657332,625.566159424926,573.005818510007,697.454627283349,652.400450396853,656.180625191085,653.843011775434,545.279733201152,616.874357497196,612.596837406901,560.418916578184
533.848154732212,686.295245319803,691.104429622476,704.141817908285,664.765203587015,625.602367301051,573.000448867601,698.672767321174,652.143253364169,656.3389935251,654.111695248682,545.445097613821,616.80588377117,612.902974066631,560.735234878057
533.73331100831,686.662894921179,691.264779135373,705.155425757303,665.047176061123,625.659051347524,572.970708030997,699.705336498314,651.885593144118,656.499561972497,654.452801384995,545.605561955021,616.744570424153,613.205095287926,561.042961951169
533.662969258186,687.046036982127,691.575113034877,706.170461809536,665.373370486422,625.738415353283,572.907808213893,700.482427700534,651.637796058204,656.698441230077,654.822226276432,545.758818914397,616.691289238393,613.515023754985,561.362047559515
533.637392930933,687.379493852317,691.838600293381,707.188132475045,665.578102003711,625.866074498169,572.83076399325,701.244759731316,651.334172667598,656.913639145742,655.234298644985,545.90250012625,616.645993732337,613.810229221114,561.678009601643
533.486976887034,687.718749924169,692.105041783519,708.187663294637,665.568720746559,626.016951047949,572.730434575981,701.999337767549,651.00882506056,657.142466456768,655.667627395128,546.021744521336,616.608044243134,614.056106410587,561.981228167166
533.114814445921,688.054094884511,692.422493212672,709.047374696934,665.702066208466,626.178453088834,572.613445879565,702.752772871761,650.724395627152,657.378672618621,656.134161563952,546.127305652992,616.576720644061,614.267465913468,562.26381669789
532.644609085883,688.387667948449,692.607101105332,709.899948397677,665.719276062373,626.316010778044,572.45859436885,703.606384566991,650.445528670732,657.615822366019,656.614791672755,546.21887567527,616.310055291518,614.467603551829,562.510387445531
532.023365626861,688.709096756724,692.435093143066,710.751569693148,665.879188154091,626.431732709973,572.2644590725,704.404864002616,650.163477223267,657.896550729796,657.334350667412,546.302062164227,616.244367872048,614.668863081669,562.759345730135
531.277980292071,689.021923504532,692.019307146524,711.609178773309,666.080302458701,626.550963602552,572.05353906342,705.217831597112,649.890698060536,658.17873376189,657.773065043381,546.388533759365,616.135228339534,614.902888113939,563.020552935408
530.491991900906,689.325327084655,691.477613056598,712.474149880301,666.306379434724,626.671029458329,571.839897759779,705.970440012343,649.660132794321,658.467667793599,658.118364273955,546.462398948022,616.01600897621,615.071928093652,563.267122316068
529.682815272368,689.613699064364,690.95525946936,713.347046661846,666.467014390435,626.656784753906,571.623061140054,706.690461315316,649.438471954598,658.75224550635,658.3901476958,546.50765418165,615.811421887399,615.232065296435,563.498279519228
528.824694344262,689.92887421541,690.398739689503,714.227222333639,666.523344447235,626.566443927472,571.403668782601,707.344243538833,649.274058904068,659.027764269291,658.645944568489,546.544479532844,615.607261870382,615.391197070048,563.72211431804
528.391673241157,690.327453828297,689.858980018478,715.112735616318,666.563548678357,626.36624262347,571.189170187956,708.05969856916,649.062316137672,659.277335001678,658.885190252886,546.575151514672,615.406074364801,615.545648349979,563.938517530333
527.944667528088,690.656475027115,689.356383364012,716.000620021459,666.673400934062,626.141578944549,570.969533715455,708.765534527547,648.8371577106,659.506317082243,659.104232596424,546.598370561166,615.21025015205,615.709774590616,564.145838773981
527.463707077328,690.965114946527,689.188130749675,716.886828754625,666.793794750373,625.90041556465,570.716035659807,709.059887044785,648.599172997294,659.690540395297,659.331671351016,546.622389347816,615.021894547764,615.881074511485,564.346181989308
526.962539811209,691.26990272766,689.211519872449,717.766183111547,666.919214261508,625.65014559141,570.440870263302,709.315829666189,648.358175119557,659.874935865721,660.147418988974,546.642056050938,614.842868987698,616.095691309258,564.573839406081
526.455994709055,691.567685495707,689.323698069758,718.632570785014,667.050643833315,625.406210617934,570.147206669472,709.52190351987,648.118841224455,660.042465277245,660.377407525644,546.666587590203,614.674494667381,616.334513432598,564.804662237356
525.936645139682,691.837951460056,689.562666833845,719.463639463698,667.235328494314,625.183093298896,569.857129094119,709.7815625559,647.89141471916,660.185649810255,660.61633961353,546.689116466286,614.517369704128,616.587905309797,565.040502588466
525.425809409442,692.078617688823,689.797154112051,720.257969312913,667.475847476449,624.943825716667,569.571320893883,709.743838067905,647.651466653233,660.307524531349,660.867293906601,546.709808364929,614.392312198469,616.853457751726,565.281235559948
524.919027151946,692.371973460884,690.009440178807,720.994355423233,667.719590107408,624.611196205837,569.242357478232,709.616144560112,647.421699237034,660.46670535499,661.170394784953,546.734789069183,614.255962836453,617.128320564085,565.459028623109
524.312943353654,692.622337191015,690.207391372935,721.688755593182,667.962747337255,624.301873518073,568.918104119501,709.516039897853,647.166471613808,660.617160442246,661.456800177239,546.767633246541,614.123110968483,617.375308625297,565.638011660489
523.663686490607,692.863426688111,690.279170174385,722.334569254056,668.201756479917,624.019693698867,568.616593415469,709.483838273259,646.936006980573,660.755104666955,661.784758269827,546.811166690468,613.99452353384,617.645551666447,565.817182189897
523.019399953398,693.095457839084,690.369832590903,722.889234492274,668.433453084636,623.768144106463,568.340500616351,709.447464388675,646.679103007479,660.882314280321,662.124013603145,546.854933331075,613.894013215516,617.82522319076,566.041505385172
522.151313938418,693.31914356548,690.377559581792,723.39505550895,668.548861139838,623.550196868409,568.082097918052,709.369690380212,646.426213496772,660.995974083721,662.414302942762,546.914391222882,613.800822076503,617.983508067569,566.245619794068
521.270606784827,693.535178227258,690.297202776442,723.81443785941,668.647209344303,623.395470366961,567.844538906902,709.294378464848,646.174024674421,661.09326329008,662.721075228934,546.976153515211,613.715511857509,618.120317190497,566.457669070517
521.011445354859,693.764999699241,690.138151901646,724.164762221303,668.733803924802,623.277846798366,567.723715254698,709.465959061025,645.934858423163,661.197268760119,663.040914772205,547.04642707727,613.638200629601,618.243072395721,566.673876625491
521.045610150615,693.954633101095,689.780677393174,724.487362340745,668.863090154526,623.229159871821,567.68070527798,709.733100104514,645.717080714709,661.308924249275,663.462791262198,547.124669000615,613.568080175394,618.372678115913,566.89437025743
521.242558628356,694.085523440442,689.283397691838,724.784894448818,668.985859349787,623.198743750519,567.62043461619,709.993269134796,645.526503096648,661.423409690422,663.916640050845,547.235569330422,613.503596841147,618.51111705936,567.118732958904
521.635899343082,694.221410088132,689.006274350969,725.059170312898,669.124552587078,623.072238435345,567.531049470477,710.156624856139,645.36670389905,661.509343601025,664.221185113044,547.358592533595,613.442595973571,618.675286965462,567.325110803044
522.031812881889,694.351739309954,688.6475458225,725.318936183148,669.237835419009,622.966075360515,567.450328106478,710.372152487228,645.241363484828,661.562909543575,664.510974812577,547.492144404714,613.382427308498,618.842160431573,567.537556992478
521.680847876505,694.462658483278,688.200548812414,725.571735330084,669.364397421874,622.870787784085,567.381919260965,710.620376958409,645.058009129213,661.612275900802,664.781171574941,547.634026114891,613.364866794562,618.987268405979,567.751280627435
521.342172004793,694.547315585272,687.775957239628,725.78480162824,669.497432901498,622.762366445851,567.25190420495,710.444461554682,644.863981047153,661.657850400609,665.030874047475,547.781648876148,613.323444646692,619.118808179058,567.968138323241
521.017315632096,694.595403636775,687.366428050333,725.990713984463,669.631255698905,622.657120567472,567.046076486362,710.222781143319,644.679816297915,661.686972748466,665.288518303096,547.917734176851,613.281353184527,619.236866716025,568.191060058157
520.707389655617,694.599513262782,687.068390803988,726.2110323035,669.667858228217,622.579770563535,566.862230286741,710.027524392513,644.4740033658,661.762307446097,665.554479356276,548.077823160863,613.235529760175,619.339881255633,568.402905875508
520.412861295297,694.58547263781,686.736017723281,726.429616269035,669.645995099382,622.544366593812,566.684221920643,709.570602618753,644.28898704082,661.840948697109,665.678364947116,548.228798999891,613.18381654029,619.44277141305,568.598062000315
519.76887972,694.553580676683,686.449488940317,726.653292220737,669.624213911339,622.499222770869,566.501661588931,709.089373668397,644.0520880121,661.92685370517,665.771708874,548.359297177587,613.125514250185,619.512361515406,568.86965784391
518.999208676324,694.505220865862,686.117884026474,726.877983549356,669.603403946173,622.441238914355,566.344827274542,708.560504064366,643.866567871993,662.02339919604,665.804112962614,548.477279325319,613.061142486568,619.582445995195,569.139630709693
518.19809367227,694.451024946687,685.819428087224,727.054825553855,669.580532854649,622.367686660087,566.262986804528,708.007629477824,643.710988665038,662.12724944042,665.814570704555,548.595954928138,612.992184093389,619.588606603537,569.398281817056
517.458380959374,694.431924601652,685.541751029733,727.237794199974,669.624865853136,622.27483127246,566.240050841884,707.600315530304,643.572538415202,662.261160200877,665.779241349276,548.701981327371,612.920764908114,619.574962051217,569.659154234301
516.846614016406,694.359157044665,685.194987580432,727.47035714323,669.714860748014,622.169793928041,566.199715548958,707.604524543973,643.453934083262,662.429267446261,665.739292267177,548.771794037846,612.849180033655,619.553135754364,569.920856529893
516.332163088855,694.282254016499,684.985717217054,727.71296183321,669.863832680726,621.99356026967,566.181387334472,707.56800038905,643.364713743343,662.599699724845,665.701636660254,548.846924957661,612.735046329334,619.609059277241,570.150865721071
516.054187773841,694.262635110152,684.966991332072,727.973913671082,670.061372243612,621.756664983394,566.161153143377,707.595453370932,643.27942265626,662.771038760193,665.672654634481,548.925981968629,612.628743907567,619.693838914517,570.298751486137
515.727959720001,694.236904258639,685.01583421839,728.245642707063,670.188769496193,621.50424763025,566.140800403834,707.593963234196,643.16964307908,662.949051207735,665.640791984949,549.006069382739,612.507332527654,619.815116360361,570.467838315453
515.002723111344,694.208294218133,685.216673769161,728.509287684596,670.323762884787,621.271744574795,566.099019011023,707.589009253218,643.019920725259,663.137719890138,665.627740634447,549.090689784785,612.38643999732,619.919414672833,570.585661379044
514.339795429334,694.150480991221,685.345519226365,728.769253238573,670.460103328509,621.021843535272,566.058368419068,707.526700732565,642.851713375857,663.318918571736,665.645061617136,549.144396797079,612.246278939698,620.020784514659,570.745942758987
513.735546104197,694.075734871159,685.50948684902,729.022480080265,670.587800728101,620.775480699982,566.016663869161,707.604663161366,642.63953285283,663.530651399568,665.675074170857,549.193398164419,612.103946232992,620.109233729101,570.909756860885
513.16213667857,693.946767889698,685.736833873163,729.227805880097,670.715585675582,620.556057999174,565.990243978926,707.540498891736,642.379815936032,663.76767086582,665.48586156834,549.261719431548,611.981729557565,620.118275906072,571.095073088565
512.511573046085,693.810960188329,685.98697888327,729.426233194461,670.858862238207,620.347113710557,565.989127030545,707.506958943142,642.072845886286,663.998365970971,665.362758596279,549.337653500601,611.888157057433,620.105818363491,571.270521120999
511.922592380445,693.67799300163,686.238291248743,729.615462039097,671.027470794078,620.150442921697,565.922791677117,707.412447154665,641.706578753766,664.226280955325,665.263797851556,549.421864078004,611.80026265993,620.068266874865,571.453866509452
511.384925040058,693.592479344224,686.487089567204,729.819176901692,671.223371705518,619.9669678502,565.824569930642,707.263351090383,641.29370414913,664.431822432461,665.164990185313,549.513438088647,611.716478861884,620.023099224686,571.628871189584
510.903055979821,693.502704522208,686.729830112437,730.016364731652,671.446677484503,619.78856512706,565.732336587409,707.218141381045,640.871038404011,664.589999524951,665.054514947379,549.58065324476,611.644553566415,619.969663755051,571.809606723539
510.465641939689,693.415049891616,686.964199925532,730.22400457955,671.696125371006,619.524633796695,565.64484314736,707.281477544781,640.473675099599,664.751024978425,665.090747018935,549.644312403315,611.573378723373,619.933142177326,571.99728572864
510.082774130096,693.318676533414,687.188965083477,730.427559029047,672.030357851617,619.256029079233,565.564654531392,707.269281898809,640.080949899543,664.938490483745,665.130974323873,549.714486280117,611.502033087119,619.896469819985,572.116863011004
509.882745389056,693.268060183771,687.373164818686,730.571904210184,672.38931225617,619.006144531033,565.488879567733,707.409659045538,639.741733652262,665.140326567796,665.163834673089,549.793498553915,611.379564223987,619.862831733661,572.239181032731
509.735475835899,693.209065592166,687.451538127565,730.712496112326,672.763480032564,618.735982038713,565.415379217535,707.475582627647,639.417217912803,665.344303942544,665.197802486063,549.858273565279,611.245531706115,619.854000339165,572.357219714375
509.548795565367,693.127364486575,687.660248336849,730.851915173392,673.142095366895,618.4767853,565.285419089709,707.885452834505,639.126413390351,665.566446577525,665.229164091156,549.909952348816,611.078578944701,619.891892231575,572.469339047685
509.371515395428,693.063339964661,687.896386939507,730.992835582722,673.514670904053,618.218456982174,565.221886951894,708.080374651942,638.862741258374,665.812980455157,665.272881954573,549.958531961286,610.895139663317,619.955687651206,572.560340821647
509.20680347527,693.070093900634,688.117047080754,731.137814201646,673.894315669407,617.96277616864,565.121337804673,708.277335079398,638.660281766191,666.0751535516,665.306186360551,549.964537879288,610.715934940525,620.029335419028,572.657540443645
509.057584191657,693.090333421059,688.353315113506,731.265671616876,674.255687681369,617.724363243379,565.025071125507,708.585743035405,638.477055509953,666.334616731142,665.332386435065,549.962135459475,610.541291804978,620.094503489184,572.758772971083
509.081261732798,693.117170346122,688.574352078314,731.377157872047,674.570252610167,617.492407483999,564.921678280586,708.787791962041,638.327492937369,666.593663351682,665.305303925321,549.952087124223,610.418249017567,620.15041750978,572.864308123146
509.068179014122,693.155798385373,688.643982031747,731.49583746114,674.803520395677,617.26257143651,564.850805045962,709.048980792689,638.177671334374,666.824962401754,665.433112435707,549.93814039922,610.30225157237,620.200599382347,572.973082349693
509.072493465413,693.26840189116,688.692737767095,731.624911025908,674.974876125867,617.053991914628,564.64638963379,709.709822363156,638.0239440838,667.041156519887,665.536432171794,549.927191197242,610.188328201635,620.267354239103,573.08440116422
509.087177190152,693.386704095508,688.7270474964,731.767790458192,675.081874835917,616.857836579513,564.437928787189,710.283456253233,637.867526894394,667.097802397682,665.646870670391,549.900921935366,610.069605165587,620.306355684714,573.197760921305
509.115446784712,693.512575422093,688.741488390579,731.927728396964,675.157271313453,616.656817635964,564.223607513095,710.903223495098,637.732093446899,667.124114930321,665.656940457711,549.869084331507,609.958707708854,620.340327343993,573.312519497394
509.138193560091,693.645669468841,688.644885592702,732.107241946078,675.18578614288,616.483010391725,563.986491873165,711.486549156422,637.592432320512,667.04391912989,665.761592310358,549.84018934704,609.84479507309,620.378418566708,573.392089559409
509.146002822417,693.779241215736,688.647682709028,732.232234654727,675.180985374544,616.405576368541,563.727442411116,712.227063366965,637.454371575269,666.951827507144,665.842711150406,549.821129295458,609.733655784995,620.390500338389,573.502601707962
509.210175609473,693.917666201775,688.412529331403,732.38978586442,675.130483800925,616.385487741585,563.443302021557,712.904838578752,637.31728503215,666.864887709101,665.904048799909,549.807205344659,609.620009720681,620.357248408722,573.613021975743
509.25030407594,694.021031139944,688.010886155921,732.567395994139,675.062868913275,616.399624219593,563.134484594205,713.681099121855,637.209633753543,666.787508340993,665.951247704554,549.802698629405,609.492824952692,620.340914701466,573.715948239004
509.226084364359,694.129804607117,687.519718594889,732.763429694984,675.037754546676,616.429806499372,562.81096840785,713.978978352772,637.108278349418,666.737675420529,665.994231713675,549.832258692994,609.388268645472,620.344074384995,573.831023539372
509.181228808305,694.297709077154,686.938211470498,732.971218510303,674.998178985235,616.444528657914,562.419360526721,714.189538454866,637.030227401191,666.760274918819,666.000033028173,549.883440317432,609.278691267404,620.355318035633,573.90043879244
509.12668562855,694.541106459445,686.335679993708,733.184389405096,674.948435362289,616.429953696519,561.914727639023,714.350126767474,636.95632942239,666.802845150065,666.010937072046,549.975667337241,609.129853160349,620.36172139391,573.947755101791
509.30325925414,694.752115520655,685.687061034643,733.385114834929,674.893663311751,616.415577740842,561.362810238121,714.73758644944,636.895619238231,666.833808871568,666.043168229786,550.070057684812,608.996416881805,620.367495075095,573.985496148646
509.6288629065,695.012192749788,685.024486796848,733.582811195661,674.83552344613,616.400915357949,560.777783595424,714.999880005765,636.877835873128,666.840480458077,666.065189145683,550.165995197876,608.869198534041,620.335777312447,574.010966599917
509.982676788276,695.283083391899,684.193417263496,733.774969056899,674.779574171608,616.408441975654,560.236813875676,715.384510378219,636.87008082329,666.867318278613,666.108337557471,550.260330332242,608.714417851115,620.313604942587,574.022790956337
510.35706824503,695.580190751704,683.385121608844,733.959731998222,674.650500708229,616.413247198934,559.741734661905,716.165963873823,636.779907729392,666.863147508934,666.08837806208,550.349320162399,608.578110472129,620.3283713945,574.023822167037
510.767500380089,695.934126061653,682.506646066909,734.156287304074,674.528230998789,616.405163600815,559.264446920145,717.069473602164,636.686594386063,666.812013921914,663.552495452169,550.434591851241,608.463498049991,620.353586031769,574.018038541748
511.207375919479,696.33908553106,681.650241835397,734.341606447942,674.418400342899,616.36753040814,558.826726034543,718.055653032327,636.594002844277,666.761763366621,663.42705358975,550.512955341923,608.342178768954,620.391850118055,574.022277371964
511.422665526352,696.785982522252,681.09471543121,734.515821855388,674.324274762325,616.35733912981,558.441397751894,719.078758261904,636.492043865704,666.673055916002,663.326013259922,550.584662078102,608.234084485022,620.447437502892,574.032826299526
511.59720734701,697.263915741672,680.659504290643,734.725607458763,674.286375969506,616.324661054894,558.118483317272,720.27419489991,636.381378252094,666.641509541535,662.91238731382,550.658685912405,608.115174306158,620.532287740174,574.027051245013
511.761658208761,697.755742609401,680.316921939023,734.90535776111,674.279447059121,616.26502760372,557.857113608452,721.42090383611,636.243422010162,666.583709521807,662.270416122854,550.730705588594,607.981380050946,620.632948884836,574.063872151444
511.921721256113,698.082503280343,680.081120089483,735.046310678392,674.371152965169,616.21104318615,557.644865692158,722.509556098154,636.092949706778,666.563407037622,661.45777761065,550.806138787818,607.848784009853,620.795752940511,574.110077066194
512.050425411616,698.292731143906,680.076609242989,735.192044675147,674.924669777232,616.133455161168,557.547129338122,723.609465242695,635.932864931119,666.503741326656,660.519648900522,550.885322889863,607.692416850206,620.960702168354,574.246998551763
512.127190566036,698.466591215628,680.037456440826,735.342367760406,675.106928983826,616.063657418703,557.413611582779,724.724719156583,635.7975185433,666.481994109779,659.523628219638,550.976616666874,607.485895776827,621.123812993136,574.395220905932
511.931113620745,698.573490766227,680.138103428142,735.479654114054,675.336851753565,615.941705138022,557.276879025144,725.660895388955,635.655484657139,666.519027781474,658.512094155217,551.075799074676,607.262062057084,621.220085397392,574.535166364149
511.835725527,698.56555523226,680.04936026544,735.628547001492,675.567231456969,615.82091269594,557.096138159325,725.969171706984,635.503692581116,666.579011436406,657.52615854306,551.169257661128,607.023061825317,621.292406610866,574.675152767547
511.757784581316,698.564570200895,679.872841085346,735.790519313731,675.718478558304,615.842694667705,556.876443917398,726.041544151611,635.34754648311,666.627891916688,656.570262220006,551.260824542581,606.782776569294,621.37108589001,574.81217348671
511.632425046433,698.521691478043,679.758466581645,735.959414354796,675.850349525266,615.886253492377,556.630213047429,725.989259220431,635.186559136768,666.707613511563,656.472375117977,551.33824193886,606.530872807849,621.4567582542,574.896814466372
511.51732473438,698.461029389795,679.582777677444,736.158021977342,675.976110432154,615.94203708175,556.354639655731,725.769262229325,635.025452228296,666.769617096871,656.336118257515,551.409397721892,606.304823509432,621.541230746366,574.960447626127
511.416405184809,698.399675847035,679.354890447513,736.397028937068,676.091148853703,616.01099838394,556.058487661351,725.958936683684,634.871894678022,666.796219023054,656.159597371768,551.463069304268,606.1090051498,621.628272221979,575.01485383567
511.04217565695,698.652648621962,679.114767276684,736.652761481869,676.193422075469,616.07992179522,555.737866035907,726.019053578223,634.730185419255,666.851956225677,655.958205685286,551.502738254747,605.938808155565,621.715206265972,575.072721849019
510.437158040942,698.623814905805,678.776706083143,736.928010545518,676.280698061737,616.15993653295,555.400863321864,725.982575304956,634.599770089834,666.950668463743,655.750096396179,551.540266897798,605.761235220705,621.799350710146,575.107533395201
509.717085243188,698.609680366719,678.330226675511,737.20434485648,676.365148832516,616.210322302468,555.145718922117,725.902621391388,634.476332446753,666.721328862972,655.535611521005,551.577177654044,605.574752015634,621.877910582889,575.109187614015
508.909986415381,698.613824371567,678.01812958883,737.480453012545,676.444386828805,616.271904875073,554.911748447603,725.801448944967,634.3585459259,666.775456157078,655.315030412058,551.611167092991,605.386411433161,621.970770588744,575.104866199334
507.971968897827,698.615239990951,677.609337564592,737.788350899732,676.446963424037,616.341418619154,554.826963094498,725.62418822976,634.244192836462,666.826381497992,655.089894371842,551.636643260669,605.114701271751,622.054202917402,575.079664118528
506.938436438999,698.602453581898,677.090847455898,738.058167168801,676.461714687858,616.454462867974,554.837887397148,725.138709231902,634.130449638483,666.878907123975,654.863072239391,551.662969980789,604.857302656234,622.133884170767,575.042093574651
505.609995930064,698.594627670769,676.432204283502,738.301586379745,676.423264490347,616.588282339585,554.844814892389,724.352683309235,634.053550801724,666.891898564899,654.751490381882,551.685989423475,604.601146887148,622.153519119429,575.011027791021
504.183631406767,698.562545766611,675.809000241538,738.538389205062,676.390027954318,616.742166757778,554.910962131185,723.50267607258,633.977181362542,666.882239297995,654.641360129667,551.708583985662,604.34276373967,622.177991675096,574.9687189515
502.628463927206,698.46299035827,675.15449850739,738.724149970941,676.328735831042,617.07554141684,555.002272832351,722.706028558815,633.899283498616,666.842851392125,654.603330047395,551.730538257705,604.083567859537,622.211098046057,574.902787508281
500.993734324853,698.460002843264,674.509417510705,738.905730226814,676.198853338504,617.355958430574,555.132523835314,722.032683803497,633.806149497775,666.776161516466,654.74732204415,551.747397220618,603.819670516023,622.216970538782,574.835573172327
499.340057791155,698.457829817861,673.880221534612,739.103972917507,676.057071373255,617.645215624957,555.271088743182,721.379738185096,633.659320793048,666.717267338974,655.764283718501,551.764178705382,603.554963410188,622.175624606659,574.767161228363
497.726912090493,698.45549821264,673.323473875895,739.291596534511,675.927775015819,617.935953842827,555.386835305354,720.936625134495,633.497755120484,666.537211104246,656.742427706856,551.772508122289,603.283384244332,622.112362402091,574.696994908971
496.223264598555,698.446530999219,672.832891178348,739.464878948696,675.848727827435,618.05369032915,555.518477191194,720.906754074012,633.30789793754,666.407713437435,657.645863441589,551.781841257706,603.013424577051,622.025150921422,574.628041814988
495.16869389129,698.451160148839,672.414471633269,739.695653334243,675.768052497854,618.162572700878,555.582434768976,721.207504029056,633.100615684182,666.298387099813,658.444655651968,551.775817022014,602.741523057672,621.898521555956,574.550667369883
494.86552529523,698.493466564168,672.116466308015,739.913411642839,659.137901474902,618.262967655236,555.681665205926,721.458244618945,632.878959534917,666.206298759884,658.767498765363,551.765828332861,602.41227460034,621.754884660005,574.460400960672
494.503677981556,698.539167465516,671.800100973953,740.105538858612,659.112443457147,618.366227913529,555.735639941344,721.680103711156,632.647891880269,666.12680963136,658.635793052126,551.745859149646,602.084972872894,621.610749206085,574.348395473275
494.081349525332,698.596434989704,671.575927868583,740.256876368797,659.09056449748,618.458290601082,555.892402486106,721.782408650332,632.430095416683,666.060863085926,658.436037886693,551.731180696997,601.736552406989,621.448474666661,574.216400458687
493.567938677367,698.646053175215,671.339128974167,740.369158122866,659.009998746809,618.480278392796,556.038384428738,721.765074006865,632.217876328644,666.011663534914,658.240986404176,551.707855173617,601.390600499228,621.360344992449,574.023075566095
493.076652650036,698.702576493406,671.041859101841,740.445022595083,658.92595766777,618.503667279516,556.082005534123,721.626977684154,632.01695725712,665.931753682285,658.097729061653,551.682200395711,601.052721688605,621.288522158165,573.824275215597
492.573682740803,698.80256248234,671.063544074897,740.504956129212,658.841649209459,618.525358051227,556.089823703252,721.310045076473,631.820478878953,665.757762511831,658.029773886598,551.654838184824,600.73006212784,621.233958113636,573.50394771043
492.035589463818,698.883911002189,671.243256107101,740.557321717649,658.759388500573,618.553479634813,556.059307433498,721.081594031553,631.637298548571,665.551005911996,657.889270435458,551.634558157965,600.419105696017,621.198844497927,573.301858456828
491.49411409689,698.985241020434,671.653890851344,740.57196501071,658.683397768806,618.511245901819,555.998560876374,721.113245642684,631.456192303182,665.310487868088,657.734195026845,551.616411976967,600.116227807283,621.171829904462,573.106429338274
490.960390018039,699.186574396155,672.140264413569,740.615652969751,658.603280899097,618.465932755357,555.896351345371,721.133371578861,631.273736350055,664.995902617051,657.583437506226,551.599209153679,599.799825851594,621.130431389383,572.902371428852
490.464646798817,699.349250591908,672.620230674539,740.657009660647,658.535708934779,618.38018994114,555.725111861187,721.179537048641,631.082591603962,664.596891847786,657.442648860859,551.583192125402,599.497469651748,621.096235266573,572.711474821179
490.004394341407,699.524849273663,673.074554495229,740.697169446602,658.585788788484,618.312648998156,555.536531083161,721.246184380211,630.898247278557,664.174163910749,657.291738749344,551.569114201729,599.181668629032,621.072904673783,572.527579178377
489.61047234684,699.670236342362,673.466947413482,740.741124203476,658.560947392442,618.236471296765,555.329356595341,720.958361224454,630.698289014766,663.79688562596,657.143668647763,551.55729714023,598.87498725983,621.027561260018,572.353715429986
490.230593117983,699.818792883545,673.885426457015,740.739520640375,658.523160429992,618.176518701892,555.050132288708,720.423916751057,630.515390592567,663.413155450165,657.01557029964,551.553359203358,598.577189935533,620.978598468146,572.210642639359
490.975798114524,699.959749498399,674.241840763775,740.738630428037,658.498973822736,618.092239987324,554.839073742706,719.879621881287,630.341740118175,663.035723419179,656.897364223642,551.554048971286,598.289554062689,620.953992849236,572.126601371542
491.709383298921,700.100055765183,674.574747318231,740.743358437894,658.449971923686,617.954114605544,554.626351318122,719.346278326534,630.178188072183,662.664407723086,656.752626632385,551.55921977379,598.011695496314,620.960796797294,572.061342577335
492.441922126114,700.228672173412,674.807905862084,740.72585890266,658.429850540545,617.773399860963,554.415565680132,718.839215362669,630.022983289971,662.425087982251,656.608919931685,551.558240540748,597.736782130139,620.962261710228,572.045908592994
492.211891073811,700.330183709767,674.964505496618,740.700033800726,658.411602149567,617.563936763401,554.204277180182,718.220259864668,629.88872519237,662.070038245981,656.46477336443,551.561443227011,597.463691129865,621.026143420286,572.038139220819
492.060156059248,700.399513117228,674.910358398416,740.669178511551,658.385002843277,617.357669518209,553.941899507682,717.621634539211,629.77687012658,661.747017762259,656.385713586382,551.56891541092,597.190339863152,621.085267619752,572.055742642349
491.9291363687,700.450409427705,674.850207706827,740.63193622197,658.356616481081,617.157784614611,553.684314352469,717.030470593574,629.677109746861,661.46332674033,656.236709689116,551.547800458957,596.913106249657,621.136462746878,572.080505164391
491.803147118997,700.481146569152,674.874152291836,740.584328107624,658.320697692474,616.967769550036,553.305188340933,716.61485857211,629.60169716796,661.218634568235,656.093094304681,551.493435321106,596.61481372436,621.153124565133,572.084934482816
491.674029675547,700.432611766833,675.048399916761,740.553195316196,658.283365160969,616.805539542449,552.900019844514,716.000183969406,629.523194146885,660.949872191722,655.926982634232,551.433165841779,596.297483610427,621.165641244456,572.063602367887
491.53668052325,700.325284750443,675.190509007478,740.542672760662,658.236735984604,616.568996041886,552.473672619126,715.283983834324,629.444719350562,660.661797617371,655.749788288437,551.380203194718,596.078781820138,621.164270413443,572.052282969637
491.383593108999,700.201731166498,675.326590719648,740.52393882649,658.203082385683,616.332641998999,552.032698770756,714.547520989023,629.391967011834,660.388831650534,653.959291534966,551.333794737186,595.765195860869,621.157491656719,572.021186143435
491.197940924972,700.072912217273,675.496533041709,740.489411450033,658.119073188325,616.096156819259,551.586008196008,713.60230773655,629.33210289845,660.120559509389,653.744141498824,551.292681439634,595.442806980687,621.156176084484,571.978070009868
490.769644355576,699.93009642401,675.560890804428,740.383875356987,657.961286472103,615.852033383446,551.100643215602,712.846113088019,629.264522759452,659.878122834736,653.44979621365,551.263593535429,595.082700005067,621.180424672375,571.922377445984
490.313852574105,699.771952871761,675.50826915746,740.26055229892,657.576159820014,615.531643767892,550.753475785194,712.173089925181,629.188224847871,659.701785172654,653.16319796987,551.241484958582,594.714959086722,621.209118968118,571.853715162291
489.873188979191,699.618036205689,675.428715987097,740.128248511196,657.082890474824,615.220105069075,550.453904838864,711.631822808047,629.102154262694,659.521585057618,653.064070199272,551.224462766678,594.347304551316,621.280783730397,571.790590783787
489.389048454308,699.487577204634,675.316792083789,739.956519906438,656.587940228349,614.916416666533,550.237828910983,711.125085032391,629.005615499096,659.296386559083,652.788932816774,551.187744126547,593.983354999966,621.381090598524,571.730072729344
488.774730738587,699.337034771462,675.198905117366,739.782960003693,656.138649356729,614.626636613345,550.203726822017,710.96980170194,628.903760781084,659.054998237533,652.521920562624,551.140153636704,593.627037723235,621.462028894241,571.670878721844
487.891176190217,699.214931100862,674.892768873227,739.671201241359,655.687027097039,614.351541453036,550.177430946128,710.753911860186,628.792087265362,658.816997067035,652.241266178388,551.098137080788,593.284913030483,621.498578809502,571.648302682245
487.099933109027,699.105272030077,674.439320644434,739.559044804243,655.253701919823,614.081488963694,550.120123554364,710.554959973407,628.672343025018,658.5829099853,652.007240720935,551.045298229888,592.960988956817,621.498588157953,571.629838828159
486.420302496729,698.974986273249,673.969908832686,739.470986325721,654.808982592572,613.825908374078,550.075888110442,710.330468623119,628.545688443626,658.389135169465,651.7972948342,550.957510747752,592.647662774425,621.462286289691,571.512468031867
485.813486900418,698.859743728724,673.494361076833,739.423733096496,654.356798444019,613.602586828357,550.009986863995,710.092778613613,628.36057657686,658.19694774406,651.650829140776,550.860657418545,592.347643087957,621.430466175115,571.335032578365
485.291953085931,698.696378549185,673.027523141982,739.379158747521,653.900353631981,613.384745758435,549.920565215022,709.875852603076,628.180783567355,657.969468090801,651.477136998446,550.760118064045,592.063484002818,621.405335591519,571.134752184974
484.850249079367,698.543198141928,672.55162577775,739.33423278635,653.442201207648,613.169690661533,549.686221870776,709.544568291504,628.034272388154,657.741087753044,651.301892276411,550.647791729792,591.788901147695,621.389230975326,570.916448741648
484.439233538492,698.399644645182,672.116425304381,739.281081841057,652.985424692168,612.953124535753,549.443771804886,709.130330810235,627.900855144563,657.514447144697,651.08140567979,550.533102914442,591.572479798767,621.374815019492,570.69695389403
483.992442707229,698.264487596816,671.729155316265,739.224796895374,652.534472305975,612.709662427963,549.214149305665,709.053901863549,627.780745547188,657.326792647234,650.872550481513,550.419112739621,591.363319224117,621.35485520876,570.440753122969
483.53873822948,698.136021186862,671.190868086296,739.16458358199,652.093495391681,612.492632138315,548.968730883661,709.076117126105,627.678022004574,657.213224130996,650.643460138832,550.304447493446,591.155800136015,621.342640221882,570.167737095045
482.978335695582,697.975814737074,670.722480447985,739.100012945184,651.665539293441,612.258386620901,548.729799080457,709.306833640912,627.594199062991,657.114387529054,650.408460248985,550.195226156614,590.956972343678,621.32626762861,569.904343966691
482.511296607285,697.84010018518,670.310798638758,739.035842266967,651.253187737061,612.006776567143,548.500601657474,709.769031164935,627.53074722578,656.956543658023,649.721692153703,550.096906224604,590.748694107951,621.308178794809,569.647955678551
482.057155298804,697.716573526701,669.962101780214,738.966021773914,650.910149861939,611.738619184271,548.340430297182,710.152423483496,627.488291410825,656.782630844436,649.427338005666,550.008374761084,590.545921382532,621.265079261482,569.417791370038
481.612728590795,697.604932614187,670.005994628893,738.977057943902,650.780595256989,611.456451959798,548.194041418872,710.597740247519,627.465800947753,656.665913079704,649.155912632734,549.940420878067,590.342786428,621.237813077831,569.208334394127
481.241053850187,697.504170224104,670.047267615116,739.004325943081,650.870080410214,611.164536205138,548.065529093371,711.076738552793,627.459332273858,656.550220926377,648.863366047712,549.893932520412,590.143090509885,621.216845799228,569.019846915304
480.8638301447,697.39150620766,670.059821453844,739.050089375061,650.967116630378,610.868165373368,548.012063989107,711.565460822031,627.468675850568,656.427315184698,648.515198343703,549.865372222697,589.953410050588,621.173965643842,568.851145226987
480.501935023004,697.287600717644,670.038954434297,739.190423336051,651.023635902134,610.587350898405,547.97760219416,712.044010087757,627.469725441793,656.302677314794,648.124145222651,549.846888422658,589.771076822953,621.057671497287,568.765729682586
480.149159862449,697.211571075868,669.855573908371,739.353319809379,651.047977690735,610.314404761302,547.954740439718,712.429036935831,627.46470754047,656.165195334059,647.630562044845,549.830562746066,589.592938753521,620.933624864126,568.687208107361
479.807585604303,697.140951263505,669.519466738181,739.488488204511,651.055258946725,610.048145771328,547.926636894359,712.663124940632,627.449019461676,655.99515116214,647.084884502782,549.804516087048,589.418534503934,620.806578438635,568.602746842733
479.494620334969,697.075398753509,669.153398825486,739.626255089865,651.044600068228,609.789622631311,547.708364134162,712.526178573331,627.376304642428,655.82670430277,646.499340763321,549.771237724469,589.264441268636,620.69057348542,568.495876293593
479.193911613239,697.013411393271,668.741953171069,739.757322495971,651.016036030585,609.63163523707,547.461048017371,712.300966980287,627.283876646163,655.654750936596,645.91314754583,549.738847052632,589.118524968134,620.57217606309,568.356724964969
478.898412297954,696.951860781927,668.174884768262,739.86146331776,650.968200589151,609.528970658601,547.245140502653,711.873987139081,627.178900462356,655.501317414088,645.309313986975,549.706233299411,588.973524463357,620.467243106941,568.233070800361
478.60365910409,696.899058870162,667.522963761851,739.91576670077,650.895774410885,609.487678435444,546.940862562797,711.456724143939,627.062832339373,655.322422966687,644.715622515304,549.668379015493,588.827817301799,620.360768808601,568.110690237245
478.259762882775,696.834305531339,666.835637763751,739.956589459939,650.812420275403,609.467594493574,546.56183173143,711.000465861795,626.931397478214,655.146493220684,644.124810503581,549.623779346871,588.677602763801,620.25504856053,567.972908439947
478.161023525208,696.779171548224,666.121697882773,739.919893245253,650.670808976745,609.424892359622,546.126559570666,710.42827865293,626.778655936242,654.87014860812,643.544441298988,549.573028692592,588.472611516781,620.136226420579,567.875708541538
478.140647941664,696.723144261957,665.601716118495,739.874564324901,650.529850708671,609.344147333262,545.695499327521,709.843993528336,626.592759951841,654.592354713729,643.008107177505,549.508264677033,588.264270955334,620.005291106834,567.791652885186
478.210168962803,696.665891127707,665.236068191617,739.81857512137,650.742732184651,609.310993035925,545.235269452284,709.182130984696,626.377990464245,654.363044901125,642.538254381747,549.404999333592,588.053117708324,619.884496511236,567.700358896319
478.4535555423,696.606504198852,664.915363166844,739.738723086922,650.964273236897,609.306923394059,544.794039117144,708.503634581834,626.132318138415,654.140184994701,642.085404992992,549.319597564173,587.840545084348,619.862521773596,567.629045956847
478.803631413499,696.505136836722,664.275771290572,739.624471616571,651.192754481904,609.292210866133,544.383263944741,707.79987940485,625.830294444168,653.926596595548,641.6536918709,549.228220976186,587.627442815149,619.891475886109,567.627826581573
479.259943519904,696.420026291929,663.632343611638,739.496575216515,651.36514637541,609.287029261642,544.004877402803,707.121904067692,625.496040073519,653.724495383952,641.187424673181,549.130393226843,587.414584828362,619.929474279297,567.627504801649
479.809261999769,696.344886310095,662.700636136503,739.318257311811,651.5276172038,609.270564811964,543.643940184655,706.649759302465,625.138113789678,653.535492968162,640.706761110407,549.031091017407,587.203076858501,619.973756606357,567.625036463425
480.418599840168,696.278046169673,661.780197898953,739.081925678742,651.733043090926,609.265817102173,543.319391580553,706.490138282099,624.772337728973,653.334093578354,640.221432682087,548.931085961551,586.99347605907,620.018203546843,567.620671331155
480.530086104784,696.223956640822,660.772117134807,738.835063384695,651.908751891766,609.19076238608,542.95265063495,706.397689287862,624.328033984162,653.15331211784,639.732421347368,548.833799147211,586.787447191653,620.024343137948,567.592194515678
480.017904350331,696.170764487826,659.726801224131,738.620601604382,652.053369071798,609.137567789162,542.607517819818,706.379286856176,623.885740469948,652.993816951186,639.219197247309,548.74273506106,586.584895668043,619.978683266476,567.562104703156
479.506209516269,696.111247371575,658.658072743313,738.381550746106,652.164688520353,609.083779077392,542.287371413945,706.404837621689,623.454960597198,652.845103362048,638.760533834431,548.659610698468,586.385683538582,619.928063487597,567.46558220399
478.997686109484,696.037840988736,657.555513122059,738.095059044767,652.065927828001,609.123464497536,541.802884152283,706.630215724327,623.033150987623,652.71768033372,638.293035086965,548.579391019696,586.190007373134,619.908051536312,567.357631956661
478.498566846538,695.985085504163,656.445689285476,737.772733663311,651.957474721633,609.195332008161,541.360304135385,706.82048586482,622.656737890406,652.609322196743,637.841408123458,548.508320410159,585.997166402749,619.856285148488,567.205530138695
478.023883627763,695.939579014241,655.367000319305,737.504920405217,651.834744188074,609.244585528758,540.936280382361,706.262530750004,622.309285485426,652.515761383356,637.400431242898,548.44794841972,585.776985202866,619.820983216739,566.99340213968
477.59241370024,695.908850735473,654.582866677133,737.244467736376,651.716357241973,609.293431956087,540.457614701697,705.730243992833,622.031493098693,652.476996657238,637.061440887112,548.401219083672,585.549312934021,619.780562590643,566.787758500164
477.165577790706,695.862008446239,653.827021732982,736.994675826425,651.593048781369,609.321148752195,539.970337198725,705.24941258003,621.779629487245,652.443018083371,636.754379766983,548.361767468503,585.313691604271,619.881623728084,566.580857485208
476.763960762616,695.815299398554,652.88644950728,736.754104990778,651.475266113099,609.302487848501,539.48855300888,704.817831581893,621.540894910147,652.394894917526,636.446458918979,548.357457553111,585.069592337261,620.042253391253,566.354676816716
476.417385306831,695.772934283227,651.302748908674,736.499106323053,651.36344032279,609.271341682717,539.037128538623,704.715017336537,621.289917771214,652.318442812017,636.140209052369,548.365343846682,584.817659954187,620.138542171019,566.127374060795
476.073304047925,695.741969370869,649.659911630249,736.254085337762,651.252680183442,609.233091355271,538.593510245228,704.645146466095,621.022650704531,652.202389879953,635.881838646795,548.393234423956,584.559697713921,620.255087489906,565.9099458866
475.785930834371,695.698699731468,647.985839995921,736.008136285539,651.213700188846,609.181789670718,538.162375984711,704.569600988438,620.777566908078,652.044781118451,635.598032368623,548.422197446515,584.298204828164,620.366035337491,565.71560698874
475.448880312097,695.671098878434,646.29393957575,735.777409399814,651.17252946219,609.025156217994,537.748888583604,704.524594502056,620.552318201517,651.829442630849,635.381388758326,548.447709182207,584.036123484619,620.464730032021,565.551224971691
474.118932311086,695.646607791816,644.726929016694,735.601648826936,651.127589795473,608.861971959439,537.357950435421,704.490762667818,620.343765314248,651.518127455151,635.180554825416,548.448876506848,583.776353099359,620.553360450236,565.379279119749
472.841304181997,695.61490014475,643.292207222105,735.437791649963,651.068354129491,608.767677047671,536.994411559934,704.462846450771,620.148524052606,651.197402188005,634.988470049662,548.446619648999,583.521523773969,620.609375205602,565.197452447272
471.623430059814,695.60127050371,642.618721672008,735.265521755193,650.915776216458,608.691448115542,536.66314372362,704.427727816341,619.966908253468,650.863823908555,634.815780698101,548.446235029175,583.276266738596,620.67734876672,565.018919946679
470.510946752261,695.586268757652,642.162396650026,735.067041981312,650.657863051335,608.622194895871,536.415669442886,704.525612107566,619.804259818181,650.502717090522,634.678136418292,548.447257990627,583.048803383824,620.780948727556,564.846341249786
469.503085842282,695.573435238164,641.674599893967,734.91289586403,650.343960387316,608.582719801009,536.20209282249,704.448957971087,619.639655668132,650.164364199535,634.543864966301,548.445665591258,582.829771949808,620.856052315761,564.687005816666
469.040782395267,695.536431189784,641.163389257598,734.747570775301,650.008552859213,608.581271107249,536.007405884555,704.203031287246,619.472559545802,649.859624388961,634.413402246225,548.438913743708,582.621074283708,620.941074804069,564.572524430059
468.601600738942,695.525649474342,640.579044569344,734.58044239548,649.635122212707,608.633450318716,535.807763106257,703.879901536404,619.319516159354,649.564342045723,634.318762892148,548.42890702289,582.424484056693,620.982458441065,564.463725759317
468.304804844594,695.517128835168,639.978607027377,734.422252390584,649.261417091287,608.615281724551,535.630025960854,703.53407068615,619.135163612818,649.354684526285,634.111441841798,548.416540046698,582.248094166176,621.034276218885,564.344508813319
468.077764332849,695.486311574472,639.336360634273,734.261565152899,648.903994153801,608.602524022423,535.566088850648,703.26549952468,618.939168028647,649.141041124374,633.905130001389,548.414502542337,582.063308676783,621.137261195142,564.207737954057
467.798833916553,695.457644637611,638.693759383032,734.096336937052,648.673181758969,608.550210034554,535.501966555669,703.041126766642,618.706381356249,649.12841267636,633.691435828975,548.418972695103,581.876922736848,621.242165826941,564.045259218353
467.58171965398,695.435350884209,637.982528627809,733.933991357649,648.459484860438,608.502800115868,535.386838834761,702.761920363543,618.437437309371,649.120682532219,633.463828053022,548.43543398521,581.698008112516,621.343769692497,563.902820985124
467.322786757802,695.417864357588,637.297406908087,733.768683951319,648.226561526643,608.411191244691,535.251688609192,702.355303510404,618.152091322457,649.065026432264,633.263086741641,548.462784745012,581.528929047386,621.44248655962,563.767409845151
467.090572297717,695.398120085939,636.642823752842,733.59572755707,647.974114440341,608.258056498101,535.091631223257,702.169619526356,617.874218341752,648.998634176615,633.059889809632,548.466504819098,581.36242556116,621.534169430888,563.643109776427
466.920473401186,695.357480767358,635.944514179956,733.456723950645,647.708240419372,608.181287195611,534.907584007295,701.992563692495,617.594852528414,648.88616741687,632.875026402187,548.457699505031,581.204321907094,621.616370520685,563.515363504673
466.787508308695,695.280946476451,635.287765432066,733.300359137383,647.45293044691,608.110720814422,534.704765035544,701.870514700532,617.298174425864,648.804743447978,632.721539210432,548.442647104503,581.065031840088,621.611008730502,563.375828583521
466.515292958328,695.149685957561,635.701106993341,733.14533307469,647.221339037768,608.037293490943,534.489571382105,701.767679070397,616.986148462776,648.69591969661,632.622527887714,548.427631809393,580.933784462704,621.607686394079,563.239885904512
466.400638924877,695.012661011298,636.231139963921,733.027121557457,646.965176370889,607.943954279948,534.266451152584,701.764682345228,616.663363089423,648.603291973758,632.489133079814,548.420819696552,580.804480492403,621.603667758861,563.100332360404
466.182072222499,694.883817042503,636.8158980754,732.923141899019,646.713952081813,607.839720228044,534.03767516969,701.812411024569,616.330806303093,648.484069223508,632.359479033422,548.415205123417,580.644657053038,621.550206507842,562.97676232289
465.796441627813,694.751741009854,636.017495527264,732.823595436928,646.43478741097,607.795497605616,533.787544306228,701.915251985736,615.993647511207,648.36147282811,632.209051372575,548.410133659665,580.482560423542,621.474257734953,562.851301955444
465.31781465785,694.616135665871,635.251074465324,732.744167886767,646.187251461922,607.681979420126,533.518348502826,701.948299779092,615.628803748575,648.248451031934,631.853645049447,548.40488823777,580.324210944489,621.374014285739,562.725812692202
465.030799315135,694.476608856721,634.850217106841,732.67924456797,645.961088856485,607.541109251835,533.277904635288,701.719955929528,615.254960441515,648.135510818432,631.438857349157,548.398901927174,580.160056720766,621.277295960588,562.602809707956
464.695317225579,694.360363369098,634.698173633783,732.605966192265,645.705305265947,607.38828701283,533.033407533992,701.393711892503,614.870753511281,648.021253967616,630.966211876809,548.391950607548,579.996714868868,621.228363036416,562.484701642882
464.35359136964,694.17994736443,634.591651266317,732.619545225356,645.498064391979,607.251413479528,532.725880689091,701.151393062698,614.512572000888,647.992422727962,630.436370693062,548.383613023934,579.830806602369,621.168833296011,562.318187579385
463.690830827206,694.031808158815,634.489098722803,732.625041946001,645.27842028839,607.112967230242,532.352922409763,700.755580711568,614.138090790382,647.824668548648,629.909462488062,548.375878254632,579.677097858562,621.115129537243,562.145815505158
462.994291381884,693.905117206964,634.671947932283,732.622363642228,645.093310307322,606.973692986146,531.964995229622,700.382234590674,613.738806652706,647.648535087492,629.396137093694,548.368970503054,579.524727478645,621.057028534011,561.972547598374
462.265255012634,693.755299760106,634.843889019704,732.619644359088,644.891803224035,606.835236593556,531.582619926331,700.141298764247,613.336920402644,647.453692265916,628.906374031933,548.361515370416,579.367396548114,621.012620333111,561.832799553921
461.5497593029,693.636927307685,635.132029024223,732.638465042381,644.575718936883,606.701455573976,531.204611420734,699.737291987341,612.94206887603,647.244238913369,628.463070503074,548.334022412451,579.172449612527,620.934776177133,561.710681836255
460.706361769286,693.542459385913,635.521641918086,732.630920668641,644.257401092884,606.578864104615,530.862426572214,699.47701705157,612.557161581118,647.025177836037,628.086251335323,548.309729366829,578.975892439152,620.841333910392,561.627283636449
459.829461053498,693.406751608071,635.890468994309,732.64014943089,643.939011567503,606.429877445556,530.581545014632,699.19828444708,612.177225560428,646.802560755612,627.719655512692,548.311009002761,578.784612840076,620.75078521385,561.544416451618
458.955908564752,693.311849146229,636.269233435025,732.651174843137,643.620785931894,606.259061009677,530.277330460921,698.831341803466,611.801340474476,646.495327543397,627.410415429111,548.327745972748,578.601699623791,620.657692573522,561.46177079158
458.073054646365,693.172776948716,636.577951065763,732.706927983824,643.277232417171,606.099882130585,529.966931875517,698.57874420453,611.428351039684,646.183460813865,627.190341365594,548.372677831515,578.422569747927,620.54118850569,561.365444895374
457.156803193937,693.037024218664,636.769164518486,732.771826372041,642.930830506905,606.023570347957,529.653717762791,698.435852345597,611.056922489425,645.92777416275,627.060115784357,548.425934897314,578.22329248471,620.442932062952,561.273510066451
456.310583290889,692.905374369876,637.140879045029,732.82554933591,642.69365645919,605.895193693269,529.423664532572,698.153516104622,610.685615479537,645.657179874964,626.944629719171,548.479853270337,577.975367974147,620.360572555617,561.186171298172
455.447412877187,692.777471465221,637.50121202725,732.850898617593,642.493009823342,605.744666905959,529.327012815835,697.767661569933,610.31316139194,645.389873385664,626.907831319028,548.556782195834,577.70681752513,620.294458182842,561.090864992703
454.642522123622,692.654475867598,637.875839788829,732.879657620974,642.292891778128,605.602003998554,529.251831054929,697.111839333891,609.901589841505,645.112773231305,626.884300502359,548.637546264375,577.443093072395,620.268088322273,561.009615316744
453.93253463157,692.577984700422,638.136845505886,732.930849060564,642.092328416358,605.473403819363,529.20053423653,696.326152683966,609.457455891901,644.833917258133,626.83276750742,548.717155679845,577.186468724952,620.218178151202,560.910429041049
453.293876898827,692.650280078961,638.320274888317,732.96293410052,641.890745722902,605.355783290617,529.173270527691,695.677105201425,608.981626949785,644.57354127546,626.770079870819,548.795824940861,576.914211536092,620.159409338973,560.821980152694
452.768268509604,692.755263059135,638.317130293103,732.949007429744,641.687924562313,605.265577173438,529.167326940414,695.052357904326,608.488351921361,644.314695541693,626.706336349969,548.867007256358,576.673880150005,620.087764736387,560.68504765123
452.328391717356,692.943942708361,638.264960228061,733.00724241527,641.48360656588,605.22311696499,529.226480657036,694.488602390375,607.992664479164,644.039570363537,626.651088255767,548.926371919403,576.442819514153,619.999955481514,560.510609662259
451.950208010817,693.000924548111,638.325244834432,733.053961231427,641.277082984098,605.178291993402,529.262600140025,693.969119633021,607.505065719557,643.737527471914,626.600058954129,548.909769952518,576.205889823597,619.893539601782,560.35705126844
451.528143162046,692.953976391399,638.406327034578,733.093271536443,641.067704072406,605.132376988382,529.166978802979,693.648245007403,606.9921663041,643.391468011342,626.476923543893,548.884064370384,575.963549779331,619.761068895927,560.208143478662
451.121405790398,692.892888586547,638.317695053878,733.149451861493,640.855335612888,605.095422262426,529.129631188816,693.751354100751,606.470236498749,643.041235210727,626.291164187728,548.855149938056,575.716756635692,619.605028542365,560.058714137477
450.713724504782,692.829980502888,638.310980182837,733.201750687425,640.637841987994,605.060413142484,529.085904807229,693.94715533041,605.955849272125,642.690173808792,626.117270269804,548.827281704844,575.46664440939,619.429010516393,559.918173893331
450.283642381432,692.757779205223,638.201102374198,733.329566038853,640.416857979286,605.093414296145,529.058806098494,694.328525382804,605.433320655597,642.317429566368,625.975606682579,548.810425817866,575.214607855872,619.236250875476,559.787526004005
449.755660787996,692.684741441667,638.191957448819,733.451559390178,640.192443085832,605.184670897111,528.995755104576,695.105960254389,604.924914457122,641.919395548807,625.862814454918,548.795526509768,574.956478664591,619.031679832878,559.664805546868
449.142341755266,692.602438371913,638.143514834943,733.548347325942,640.076299618447,605.290136482509,529.3051279939,695.85877296907,604.425356986972,641.551460082226,625.760861700869,548.785350697664,574.69810051935,618.812993942694,559.534611656056
448.537211525368,692.507964550241,638.131148167516,733.602210902289,639.845194135332,605.396066663528,529.644497951256,696.551326245996,603.930499961568,641.186394068359,625.678697151965,548.780287071106,574.439629768385,618.619998488587,559.364548337657
447.949372146972,692.39806325008,638.108750674428,733.56448838099,639.611695199445,605.521987258593,529.920883735508,697.173408222645,603.474030813743,640.832898765604,625.561391940012,548.757779493397,574.179978504144,618.445124428434,559.166257733324
447.29861025274,692.278511538491,637.429314373538,733.498558478266,639.39014985906,605.630912023865,530.187761253585,697.521692527014,603.033406512929,640.502651370502,625.29247449235,548.736901224458,573.917477449873,618.283841939293,558.953957025455
446.665916311186,692.16107881449,636.538158267288,733.455114771156,639.18552998896,605.7006306728,530.371402598666,697.681374686674,602.594672867348,640.192601433153,624.540301730617,548.745433034944,573.652347115642,618.141277754718,558.709326001656
445.973805284268,692.04048776048,635.432118316047,733.398428772589,638.949446773848,605.792264540235,530.148514880742,697.631928645723,602.151788707345,639.913842334078,624.175075947794,548.74437008885,573.395051052428,618.040147221953,558.471695181831
445.273048559776,691.917115268484,634.599277646116,733.351284420639,638.741109911638,605.905451663274,529.941864458715,697.507497569138,601.743312115501,639.643591149065,623.720384119983,548.731619523947,573.127331887065,618.024314306171,558.230770417805
444.558432720522,691.775785704238,633.923888040514,733.274638154887,638.538318807629,606.00366340134,529.288364954398,697.300867972979,601.324016690203,639.371208974677,623.272537615299,548.686371931797,572.846775840867,618.00940667013,557.927682319253
443.835672098267,691.61305591917,633.144053044241,733.188169874724,638.352366862018,606.107283005479,528.552016773671,697.099897312817,600.875750305333,639.113588336836,622.862520019796,548.637491639232,572.552160839834,617.997264300266,557.639785430414
443.087791333504,691.475960584059,632.357828446515,733.081272395823,638.115938716394,606.193391573286,527.749167301296,696.947405769479,600.412433877661,638.905220626709,622.50245948454,548.587105143457,572.240030071254,618.000021941992,557.35116693201
442.342314233737,691.340921447573,631.594671956025,732.956663713532,637.85746211353,606.297530703974,526.904234790328,696.817571852429,599.9131818725,638.668103056128,622.162886877305,548.544014170312,571.91205516125,618.005495352509,557.05927149651
441.580753217897,691.220517217327,631.11845173845,732.82269513855,637.667525148085,606.422862694942,526.046931234346,697.212666692417,599.381076960968,638.416601957961,621.781118951325,548.513460800191,571.575388481515,618.019508933766,556.770457213755
440.73116886641,691.090564926502,630.734692511649,732.716391228627,637.413132752384,606.542063298268,525.208588027828,697.864217074095,598.795724425806,638.164625364323,621.407796328425,548.496171029367,571.233068785598,618.05899920244,556.494364239234
439.542869305888,690.952339362046,630.37790516386,732.623951637225,637.158755469494,606.684489931575,524.417653710813,698.502680387768,598.167295206956,637.909925515326,621.049030876214,548.477643593955,570.887893356625,618.115017744396,556.236310911727
438.593871633388,690.809546747127,629.761722428989,732.502514889571,636.91224359136,606.821920909866,523.623458334315,699.109467707964,597.514537880555,637.670538931207,620.708004421313,548.424040938754,570.542028511926,618.234439615293,555.978856151091
437.741501352762,690.647697347298,628.910512577866,732.39437287472,636.668371818678,606.917827429222,523.022168228171,699.686883543021,596.815146530268,637.461757416038,620.507331423835,548.353583317347,570.197149923145,618.331605882165,555.725032601151
436.866236539271,690.472214798526,628.153826300204,732.30263135202,636.386754152543,606.934059514409,522.674812676635,699.846198293839,596.062119518012,637.25826834865,620.221724222276,548.299524961273,569.854198555436,618.429823413641,555.465686555887
435.973457601642,690.290190615646,627.602262934394,732.184549346412,636.086925932387,606.928297292631,522.309936659755,699.944961449426,595.268443744634,637.080535280003,619.854409175224,548.255880556833,569.513488347314,618.520639902188,555.21204995794
435.071632831227,690.116267513233,627.275714488398,732.030293373525,635.773260351309,606.943552960126,521.674229623721,699.973391661689,594.468210727311,636.88971313786,619.423314854062,548.230002022322,569.17508171081,618.56122194531,554.95836933749
434.178008715745,690.077711848113,627.075799596958,731.892323631135,635.478536046001,606.930671702489,521.033424701111,700.036727423204,593.621191272092,636.708356643967,618.986955316734,548.214670715463,568.830925940233,618.622881824665,554.7235571796
433.301117260226,689.982705401183,626.965356163653,731.790632381682,635.303674220396,606.949556132674,520.3491145737,699.856845635935,592.722161205764,636.53346772692,618.557556706948,548.205691338704,568.489798050347,618.69533797804,554.485919962632
432.464372004669,689.929497759474,626.901822900516,731.698426743906,635.164378412383,606.971542041331,519.651793981591,699.650766824402,591.799840551486,636.35028891622,618.129658539915,548.221984401808,568.15089069443,618.776705805658,554.247614964294
431.703403361414,689.944651568997,626.837698569596,731.567570042887,635.013927237632,606.992133811409,519.041663463139,699.468746003588,590.879854136863,636.201052473702,617.746079273919,548.234615703053,567.806830406326,618.865166793176,554.001852004812
430.944228435472,689.962078034158,626.761452919004,731.461627608488,634.845300508564,607.00403506814,518.415700818811,699.301389654442,589.967131974395,636.073159683229,617.478065859976,548.264438684546,567.462635052681,618.986838776118,553.73807451799
430.185442349239,689.979791595652,626.692213935961,731.305513681452,634.651669420465,607.014058639325,517.786653263751,699.167958880196,589.036320669677,635.965995291322,617.224551490451,548.276568703999,567.117273692334,619.123425248766,553.461827501225
429.427669051565,689.978390058683,626.595675751658,731.139417868029,634.426848153362,607.070523204831,517.150895741184,698.890095191413,588.071288883278,635.908714409277,617.040810666903,548.268934692688,566.770113504043,619.280546736994,553.174170128113
428.673930160998,689.975666319038,626.477823174767,730.961916055635,634.165771636959,607.124501273588,516.508222226859,698.685198825519,587.068404912324,635.83447714178,616.973010067267,548.236533720019,566.437775951064,619.444205819122,552.872921336997
450.232116711971,689.948015994936,625.464272199455,730.783249116223,633.86481799613,607.187151268294,515.853962538477,698.471793048637,599.662486965176,635.74582979092,616.957608436545,548.186204129439,566.115419416062,619.558491747916,552.603166512609
450.391347928105,689.920803501535,624.420836580054,730.634478966394,633.500430983299,607.262122486142,515.305206557842,698.160687234137,599.488394982052,635.730642538593,616.941275983757,548.147873406493,565.783522154749,619.683905925459,552.335522309048
450.565810632703,689.878365295863,623.277913043777,730.469802379002,633.05772061296,607.307687952743,514.738828790599,697.861443129328,599.295295107903,635.862027897967,616.748344457634,548.114709738151,565.434880994029,619.821652937357,552.059829717374
450.735504567586,689.823719304361,622.643827611026,730.089370460126,632.5647507478,607.387121018512,514.136263220187,697.550722781036,599.096770895205,635.959352551001,615.819145733206,548.065959893615,565.080998466744,619.94020245191,551.778248609345
450.880737178975,689.73682950505,622.198896824859,729.640553025894,632.060552922772,607.495323367061,513.515150255132,697.263104722001,598.880073891274,636.105966945982,614.908450863245,548.027700959134,564.705220280635,620.0446573864,551.488980519886
450.985024202651,689.599509823358,621.669711978571,729.188707660621,631.534792363059,607.646735178549,512.890626107495,696.792442301273,598.625409814607,636.201980387811,614.020986004638,547.982856562397,564.319709781701,620.083800562291,551.207661262931
451.035720686748,689.388469003914,621.148789867289,728.719142243377,631.002808394611,607.840795747514,512.260798796691,696.170927723607,598.29768683178,636.286368673667,613.097360230957,547.962090548603,563.928558887705,620.108923487708,550.924056101959
451.12751861194,689.178522047006,620.656461266761,728.214029681517,630.477881307059,608.087883608869,511.737390870041,695.52671765838,597.884903380172,636.18879333361,612.161961499971,547.94483103636,563.514658280053,620.139255419601,550.632325056765
451.164042767254,688.967456294258,620.165681488128,727.715653157365,629.963457842875,608.339893306092,516.942238110032,694.887246496285,597.415051246648,636.089091149681,611.282379420622,547.928669957617,563.097589639054,620.216926857928,550.32823945633
451.142327052101,688.443179071001,619.699267225703,727.227400704565,629.448411871591,608.590062387211,516.532875954064,694.145060833891,596.939422488223,635.953686841767,610.42636851608,547.890777458561,562.674880198933,620.270609289241,550.002019001347
451.085953939152,688.158280855356,619.423810138685,726.750926242314,628.951105861919,608.832936056458,516.106229367174,693.166109625269,596.439137968712,635.784315176351,609.601579962419,547.847103740333,562.240129229172,620.323891232632,549.669706221601
450.901165089526,687.844892612545,619.101709387282,726.24627031704,628.441135846652,609.064567277753,515.679820655113,691.7752042633,595.899259852027,635.569738529357,608.799104126268,547.779824955743,561.783602783738,620.363720695259,549.347041507501
450.693681638147,687.527189013917,618.704890115629,725.698292915985,627.911377169748,609.281497014663,515.098052393754,690.294307292565,595.334657223346,635.33967699332,608.039826043032,547.643165185984,561.317110464266,620.330241229296,549.037384979369
450.478744900641,687.210137069113,618.17161133357,725.202839615618,627.390051115056,609.449591820308,514.455939754601,688.759154306744,594.744246505982,635.099716058382,607.270292739598,547.496707560008,560.833236946196,620.279600456012,548.78003434561
450.270643315449,686.835497668907,617.591737608493,724.725883683303,626.919210116379,609.569604113277,521.366119990875,687.154358090554,594.139807891539,634.831539409061,606.491989513591,547.292069554689,560.347493038604,620.231682538312,548.529879859264
450.080913815558,686.461762605384,616.97187935668,724.430383152544,626.496434878453,609.639708023894,521.111672187242,685.597937747902,593.512236631364,634.507958832882,605.718203324513,547.073504557471,559.84974948287,620.185448889771,548.294009130856
449.953552163901,686.094472016088,616.588016604127,724.114988535136,626.091498248938,609.695103484468,520.767813376163,684.122025499099,592.872478952455,634.16381981709,604.980786562407,546.854390009491,559.351448493648,620.143845083302,548.069039866602
449.881597945673,685.754352389575,616.222345044324,723.771117518315,625.652229849786,609.739814540255,529.077534165601,682.812838452536,592.229862340732,633.802826181854,604.739681287969,546.636505149301,558.851073435335,620.109637220105,547.850929140633
449.948053800272,685.425190841131,615.72474574069,723.412473330342,625.211336258309,609.775773746688,529.145490279668,681.680856841792,591.590060612032,633.326829473175,604.506507208864,546.419828915576,558.314190325849,620.042433126056,547.635851894648
450.007615480839,685.108587055963,615.168970377544,723.043211905894,624.749590145771,609.840989002252,529.213299819322,680.942689667721,590.957844381582,632.796665897691,604.282412275411,546.210297441395,557.769681361211,619.99417268794,547.420583794714
450.074361096957,684.805425680067,614.700549077447,722.668443342185,624.225000272913,609.912141097972,529.270369448377,680.452236101399,590.318315525305,632.016691711017,604.054873863539,546.005412434687,557.221639814291,619.962312671868,547.198907617701
450.133667668095,684.490025453196,614.155557758539,722.285029053044,623.651293588089,609.979881040956,529.307463892793,680.240045011341,589.631059880618,631.218495278344,603.842079391021,545.806452745338,556.668445767942,619.91843093768,546.974638712722
449.97446607307,684.185262606531,613.6414958075,721.862052350889,622.98390734942,610.032773208442,529.343728549807,680.299276077009,588.93031877708,630.480042474148,603.628018072889,545.629859906805,556.115911667555,619.865526000024,546.713667369717
449.85958630083,683.890413685155,613.234814245808,721.456136383443,622.246146730072,610.078058477703,529.377857287615,680.436437790562,588.244115742278,629.743648577287,603.432948808556,545.459404968136,555.564386961545,619.815875901028,546.430014183741
449.639429973502,683.603663433871,612.931328553752,728.50855822247,621.38080858374,610.103138408895,529.295734052147,680.80188806601,587.577938389457,628.981863685054,603.269720888826,545.291452625371,555.011661027989,619.76927453651,546.141776425761
449.408000822694,683.32356345416,612.723295834167,728.063839292296,620.399454163169,610.076160251207,529.107804228744,681.102461361402,586.934609699794,628.29370259727,603.099698567039,545.103556143797,554.461661681812,619.670588970726,545.85335929448
449.143317956798,683.049379191083,612.552635943271,727.660016177738,619.283961822999,610.048805399603,528.783270083163,681.310292563859,586.285504761604,627.877320403091,602.890978029166,544.919494047623,553.92137422235,619.57659300387,545.567631312939
448.865028983406,682.780250859754,612.438863256825,727.256218607248,618.061601245876,610.002421458993,528.489975781709,681.507712045742,585.654985500745,627.444953566085,602.68842293774,544.668111535727,553.385669625867,619.488555962937,545.287515596775
448.570174824294,682.514615427046,612.38334301166,726.875068256916,616.74069960416,609.897165258691,528.196552988402,681.653571389468,585.038396100355,626.997686193193,602.471911620646,544.398466384755,552.846947804757,619.407848825076,545.015889717998
448.117607497985,682.270298402293,612.591216744097,726.515564546091,615.344421863126,609.789459019001,527.859380947328,681.673030292287,584.431810859645,626.561235571881,602.516185832817,544.101623211367,552.310370208368,619.335853602173,544.737595381046
447.571863771301,682.049369500596,612.830592595047,726.17616799382,613.902742424822,609.680469924858,527.604665492467,681.53554786378,583.84975747426,626.134276519574,603.499150176876,543.787976877865,551.775419554781,619.336208960775,544.466051169911
447.030430783572,681.822786339245,613.140339401438,725.854756512534,612.442399856436,609.571209264716,527.383919609538,681.427082977886,583.254850967103,625.698137024943,604.528180166335,543.463470335293,551.242072989107,619.285623776258,544.208995556566
446.455241852568,681.599414607507,613.765289461426,725.547470573605,610.982278021571,609.461740558579,527.163086725398,681.288824231458,582.639483183251,625.280352073155,605.591788198032,543.121006523719,550.71072189851,619.239756113219,543.966001202492
445.860089599902,681.391908882308,614.833655668544,725.252277488885,609.534542355037,609.326097260069,527.001607755069,681.004527917943,581.992216451649,624.879815251895,606.553869530429,542.759452925137,550.181664897001,619.218624552292,543.733705588733
445.240186194409,681.176995113313,615.806196027228,724.90342542171,608.101869179651,609.183046423374,526.815492173651,680.86433056364,581.266412992584,624.582817864182,607.460956964484,542.393454604284,549.654659817031,619.20323571966,543.51020193353
444.402144371278,680.961667118407,616.680999007941,724.56919730445,606.657596001283,609.048362034502,526.640638717622,680.722402259188,580.510670405897,624.269332712947,608.220901669682,542.014409091194,549.125270848297,619.203929212811,543.291393089678
443.601515193824,680.753807619754,617.608173066903,724.248060839021,605.248237393978,608.914408669446,526.447305974591,680.587071252731,579.626666925531,623.972744924741,608.031507632969,541.631886750265,548.585982931879,619.209329232851,543.075946226473
442.854868415387,680.545069553895,618.509231224627,723.929249772884,603.897050450335,608.75433206128,526.279615549596,680.544308522134,578.70181286608,623.659325744499,607.850480845721,541.242080397409,548.042670378485,619.211300524512,542.843939006855
442.364180749157,680.349885848038,619.350991776461,723.614343497566,602.585593009124,608.59632227505,526.013236935363,680.508961058771,577.751675527719,623.531094276741,607.674355185937,540.848756353777,547.492833553937,619.207573875699,542.588159022077
441.90719125555,680.158732496692,619.889158087127,723.325259774047,601.322388618849,608.408958567874,525.929963792083,680.451700465585,576.702594630183,623.37831949421,607.522158098605,540.446745856358,566.616701038795,619.207621658397,542.317541543858
441.478022762555,679.971123658969,620.430879486742,723.044268084379,600.110286102703,608.11278631084,525.843160832204,680.178460983471,584.195659875634,623.19111437436,607.370913491291,540.045175780248,566.331002423202,619.205106981572,542.032068226909
441.058318811981,679.800533508644,621.153847586065,722.778957075756,598.951280548084,607.789210233698,525.747256094686,679.802400922117,583.438367510515,622.845144710613,607.156123228641,539.638037734178,566.050724592255,619.199778129591,541.759062186293
440.476746822569,679.627251993694,621.871157448134,722.522844830901,597.842082597628,607.470755214535,525.639678819953,679.167614114878,582.658965705692,622.377958791946,606.958545770711,539.17949083222,565.775038165258,619.206227746833,541.486608935674
439.911948634802,679.495635262933,622.368976269494,722.283508973722,596.778710151036,607.15252576969,525.521574904573,678.600589072337,581.848166860694,621.868772795742,606.794845533322,538.698057484086,565.503221488569,619.262491571667,541.204076771224
439.364660696307,679.382411051701,622.454975720436,722.054605424785,595.748796642048,606.816800105081,525.473127310422,678.110673888025,581.002637643195,621.318097581787,606.563049422572,538.186720954642,565.234466305781,619.357348045244,540.911657867201
438.877983421994,679.339947410691,622.654398059239,721.812691092346,594.732297072412,606.497676070811,525.438089066253,677.304184516954,599.308800001655,620.727750918676,606.340009997047,537.650084479918,564.96786443985,619.464042035811,540.609252567817
438.399027300859,679.255300945795,622.833441350162,721.553344311523,593.737305925615,606.138665845202,525.419617169091,676.261670541348,599.024356214746,620.127568194379,606.11770213625,537.094116879103,564.700888334808,619.562510627887,540.296481199122
437.899813465346,679.138093866293,622.556850661306,721.2669045873,592.771272947826,605.785023113883,525.419495348243,675.103398947693,598.726343496711,619.537978372436,605.912042479924,536.521705290399,564.424504193192,619.665581834792,539.951179943912
437.38520185957,679.011513156792,622.262396283895,721.007232459032,591.815541785456,605.454420180596,525.479382074334,673.902962270947,598.247497958531,618.910760961214,605.574875927186,535.935654051831,564.150441973953,619.799083287393,539.604144730328
436.842101422971,678.879864208532,621.978635174664,720.755202199301,590.877237265378,605.125134429224,525.517706481895,672.756992832444,597.693994210471,618.265910463723,605.226484610676,535.339011769831,563.878805577501,619.95491273208,539.251502803427
436.341238742893,678.736985590269,621.752951740131,720.571757216794,590.174791201433,604.795704383433,525.530639556069,671.617274216112,597.10558952102,617.612113163726,604.87311901451,534.735085079249,563.611932230992,620.094483920756,538.860704220854
436.014894193087,678.591704204812,621.42912643766,720.396542201381,589.479419444047,604.500022217434,525.511817053068,670.322272625435,596.48384833002,616.921422213905,604.547206963362,534.127561333969,563.351894857811,620.236182669629,538.465409217277
435.716189094558,678.433041595811,621.362990274156,732.868061564644,588.785170359714,604.204701292575,525.571533189638,669.063888435554,595.829219882549,616.174810584091,604.245430181425,533.520534295539,563.098218491088,620.354233883491,538.072877886827
435.463389702761,678.266115594087,621.28410619177,732.698774256777,588.073523030293,603.91448331449,525.501348084311,667.804095696107,595.283291652402,615.444729638931,603.881858729741,532.933657886029,562.847147264275,620.374235764885,537.674892880524
435.249657154131,678.099097808758,621.194115085095,732.457905096586,587.344568864148,603.645835514278,525.291495995435,666.56767494024,594.724850186803,614.564624840891,603.436307613806,532.3945135096,562.580217987207,620.398203842587,537.321192883413
435.069742635924,677.985610468761,621.054096295147,732.199040284657,586.581612625446,603.387997978373,524.57520369538,665.39599359474,594.147337071955,613.718457081165,602.976979653486,531.865624577316,562.310477580042,620.424261477824,536.96468934765
434.960127642428,677.918933134644,620.892302779818,731.933068113535,585.766762966493,603.150836402626,523.844852573685,664.289353982165,593.384716613728,612.918601630094,602.49366116296,531.34739549251,562.035997654068,620.433238247533,536.577723334478
434.915393859337,677.913641574041,620.476567082061,731.660565440753,584.814474900495,602.92360411922,523.084172442832,663.046977340529,592.556513026587,612.174298920447,602.019723990825,530.838489130297,561.686048934159,620.425555176398,536.152912916548
434.219519826886,677.892879207425,620.517611523542,731.370471527717,583.830455488348,602.749575916215,522.299344611323,661.840243080082,591.67769058782,611.491159449769,601.542125811868,530.33609501206,561.32383991399,620.389195344049,535.706816334072
455.019240992471,677.883363076169,620.511272386442,742.938493277048,582.792607270446,602.570353655159,521.494676248397,660.722932423953,590.714648420688,610.892878015711,601.06488045503,529.836461437058,560.959058194213,620.256576298634,535.2374002394
454.528200380703,677.886824681017,620.544285217086,742.761647139757,581.72188955974,602.383126008147,520.672143918342,659.688490550933,589.716424718034,610.343784152314,600.603447511528,529.335130934213,560.569268944999,620.112893242391,534.744421636812
454.024234019481,677.856209699684,620.546451479291,742.612519980462,580.620620679948,602.185791224849,519.871119457754,658.724492505384,588.689935897993,609.83976081051,600.151825893585,528.827606014658,560.178437521292,619.956963593295,534.21844712865
453.496820773254,677.776934686378,620.181984881533,742.474458788842,586.723586352054,601.977839837931,519.1403047297,657.947817514709,587.643091582779,609.380755387951,599.713140732514,528.310113116467,559.797984384929,619.804389581449,533.657941379385
452.978769286094,677.699597812176,619.810142103696,742.373653564369,586.357057318089,601.804408551903,518.372067227716,656.912110737873,586.584514664416,608.963461075644,599.327452333319,527.779783287202,559.431502871041,619.65408001195,533.058260059232
452.44403919598,677.623245340856,619.500817032891,742.248860372457,585.841253592396,601.596326090863,517.56334594832,655.956778864897,585.522488861719,608.647072417052,599.015911999064,527.234426594262,559.081883845559,619.496891116726,532.434303532442
451.93192518063,677.53208864414,619.419989814499,742.089623367578,589.88721676928,601.415776227508,516.642563919516,654.944104005927,584.514435963272,608.319716715872,598.80320970968,526.631404278084,558.762666763448,619.345479049626,531.809569989739
451.452686220429,677.464764916307,619.54041435027,741.81309398738,589.810863928073,601.240425208097,515.575071749284,653.865901297778,583.477987606558,607.997158444938,598.586432024155,526.024628974663,558.464870870233,619.109209608734,531.151175022106
451.082632048029,677.444913428688,619.752089705521,741.375476044957,589.538974312664,601.066935167396,523.472402670847,652.698087311431,582.443134852638,607.678294810585,598.296463364154,525.427869235005,558.180099710075,618.890181848268,530.472133587625
450.724683718569,677.427184240911,619.838116408868,740.887322943925,589.079910004105,600.887201679356,522.704194396204,651.289417712444,581.412109533672,607.316068009758,597.981697210787,524.815999116448,557.90640553018,618.686861870024,529.777367197303
450.382512245146,677.319040262285,619.878921071345,740.351658241873,588.45007266756,600.696971548379,521.758852549257,649.77875585726,580.245473439385,606.990623664108,597.669707399661,524.162006938484,557.642043722718,618.50214517232,529.06700806333
449.762066258888,677.189023030666,619.878236836368,739.770864075213,587.666502648429,600.552404248567,520.737157872681,647.934403995013,579.071046243842,606.588308370993,597.385104717783,523.466913831063,557.400524258671,618.393167943553,528.347551168877
449.114793177071,677.045558011011,619.821545897922,739.145581013038,586.743522097164,600.412572718242,519.550782295983,645.946677901641,577.888276838658,606.225219246749,597.104898216895,522.776606928159,557.169730866056,618.421400321655,527.644967882027
448.579278191976,676.89039189471,619.618552193864,738.497825639962,585.697350658517,600.279555940014,518.120679876746,643.814563780254,576.695058870396,605.885996985764,596.819781313738,522.113573209669,556.936748761329,618.399815491993,526.963576242097
448.127732124966,676.737942138729,619.399571060515,737.867972816471,584.547741300643,600.144033600527,516.53451318406,641.558785408897,575.489074727118,605.466487970168,596.623917335092,521.458349563026,556.707721850497,618.382677794422,526.304948071907
447.73247254756,676.474179210889,618.782028394308,737.145040696685,583.314099101827,600.012741548132,514.998898416134,639.224373865181,574.268293520244,605.052223812189,596.383525103431,520.707319117737,556.477296819496,618.36943977106,525.668156422773
447.370862662278,676.220900579619,617.9853549253,736.352810639517,582.012748423118,599.896005598447,535.254645268198,636.758990076392,573.030393135671,604.622526829685,596.142994946558,519.947024398237,556.241318443354,618.321273285683,525.030000611655
447.029185999187,675.981973918126,617.045295307385,735.40431862616,580.657261721578,599.777714486618,535.255443659121,634.41598373765,571.773003195019,604.186994192805,595.942891418284,519.17635826687,556.007090321565,618.263928351644,524.370375594127
446.623503431977,675.757825980744,616.099151119673,734.389698729173,578.935275633555,599.716371604804,535.32041906277,632.461332184873,570.577502328556,603.692104275445,595.781332743732,518.389450448283,555.771908564713,618.210571822125,523.699596152165
446.20858000276,675.552936445673,615.063145389721,733.328427149634,605.793918241375,599.674632214392,535.375152287395,630.647429258964,569.274905741785,603.187288095249,595.62079368397,517.553079299741,555.562143618127,618.163717365365,523.037269476002
445.914012903785,675.398023097021,613.981551204534,732.220392759317,605.454194182227,599.645189753611,535.480879174147,628.964849618407,567.947632916586,602.634977178053,595.460585820509,516.702444781632,555.356886939744,618.106408591848,522.384915380375
445.672810271198,675.258163281538,613.192017113919,731.006856371748,605.102767548355,599.601569611353,535.66177324263,647.147973900726,566.596667654351,602.082221047727,595.241327163334,515.836835080626,555.151733173046,618.039407308229,521.728470999966
445.471496022676,675.047107136326,612.617216030773,729.770388237013,604.738337926366,599.55929568829,535.712277884116,646.118350624301,565.223891086327,601.514322409808,594.966008105167,514.954800057263,554.944497167343,617.976477730728,521.051265805019
445.313617532136,674.816819146566,612.141771046708,728.534760069742,604.361303018693,599.486436532104,535.661510515916,645.194565987533,563.83066457801,600.92909550295,594.670608845701,514.013367954508,554.736113507348,617.951083600798,520.356007331528
445.087589939426,674.570680966256,611.558345924412,727.331305197479,603.973882003657,599.396426886413,535.29387763004,644.553915940908,562.416792143652,600.282210642895,594.352116535706,513.057050127263,554.543783527298,617.973992299346,519.630076144325
444.877716522681,674.33767690377,610.639027751883,726.188605969486,603.578794220736,599.264787475502,534.925908383356,643.958014660779,560.979932953165,599.490741331093,593.996441394366,512.088030916355,554.349250043319,617.993451242435,518.896133713005
444.676907325035,674.108729995791,609.723368211941,725.146194302579,603.178342242104,599.088876902306,534.858203257092,643.390975584243,578.563312066408,598.699142746578,593.628328143832,511.109072910797,554.142003752076,618.030103091326,518.160065120451
444.471315337767,673.883487004711,608.813263628473,724.165469945784,602.774120560189,598.889051250851,534.818924030371,642.839436850514,587.022571520936,597.89690742493,593.274455500387,510.122792086721,553.930797361856,618.008818486572,517.421272231356
