401.705857796114,465.52234689968,460.42632417941,429.138261285144,650.29908199683,532.624829182544,433.6172654622,448.267492577768,729.42776917909,593.586660950987,551.176155656884,457.125131551028,533.469643585983,426.837519645543,499.01614838709
406.611589514895,468.567052801707,462.470375689779,429.392188864366,651.565332002336,522.977384459707,435.996259266833,450.191507518861,730.464896645506,595.969906356436,553.102153704988,458.344615435003,531.68567460962,426.012423666317,498.381244104471
411.225504884602,471.515866873776,466.094153260399,429.665909173159,652.709076970736,515.759268003435,438.332878023076,452.324252069057,730.766729200866,598.392575924771,554.232445565499,459.124716913208,530.345188345836,424.912693411955,498.606230604836
415.476773204342,474.486359379836,468.783063971162,430.152131748158,653.512150850003,507.597135239047,440.679431424218,454.603488713853,730.269890060456,600.962771833429,555.244102327051,459.915689088879,529.431860470041,423.744280039227,499.739542740652
419.537070471628,476.722186276119,479.13246872347,430.688979406594,654.520656714513,501.079480581811,443.068748079619,456.708284464768,728.280184427231,602.846211218503,558.236186110571,460.865700669424,528.63686258622,422.857299436841,501.179146287015
423.119918753251,478.920421203334,482.667734866931,431.536673094988,654.560160688624,497.546883905434,445.526732630338,459.086507143521,725.128396300949,604.487457629973,561.309688639292,462.012878397254,527.987936389695,422.696955559477,502.705197724365
426.387019500348,481.328257384351,486.709380716848,432.357033657405,654.480791841849,495.496562243052,448.072527523677,461.612347080661,721.384598544579,606.009039186624,564.154085249272,463.447623279406,527.178036124596,423.696739334003,504.078360892959
429.39401823359,481.413561213051,491.476676552151,433.483984727741,654.366020015867,493.903263679467,450.663936460751,464.021644263421,717.262365769139,606.550126668883,565.531362231856,464.938367117378,525.69576114242,424.695463109077,505.883279666148
432.338620014422,480.488890983305,495.350091537319,434.71793531119,654.417620922863,495.394190908979,453.351478966039,466.378823383434,713.412275918411,606.554607692421,564.949061596062,466.643569662915,523.623191202928,425.744210010997,507.978717287469
435.146799253047,481.567682783197,499.318312466394,435.840244866333,654.726890059515,498.060381513725,456.082073519663,468.830144635882,710.434212812385,606.387265507588,565.194870235013,468.476960919705,520.843609417144,426.91202699463,510.583735174757
437.98995204797,483.198786054945,503.551527439276,436.854906139221,656.238682137804,501.518947322136,458.835318545613,471.62885596525,707.239123527852,605.690792650516,564.839726802929,470.304208017167,518.837243122637,428.320917146435,512.721670816949
440.962635453243,486.606646274959,508.622089489538,437.915856426256,657.825937131723,506.621337891654,461.661248002528,475.057037282566,705.904589081092,603.518291627539,564.736315674296,472.132637169469,518.110565557354,429.969187950328,515.346825703092
443.878010650591,490.040634720786,513.371607853131,439.064224594332,659.32575351464,511.809836584641,464.55026246829,478.619636919204,705.961478576114,602.340637973172,565.363880842954,474.008653053221,517.970057208712,432.078472351346,517.779137321436
446.845677686801,493.479057105243,517.779561861416,440.305339727048,661.348627374574,516.790720732482,467.408675068552,482.284312560607,706.045858677708,601.653064223476,567.512998035388,475.89474454687,517.67737016576,434.427297902549,520.238444856713
449.675580043094,496.910865433631,522.448002056694,441.640483895487,663.353355208759,521.577135749441,470.239107465015,486.083496028211,706.519733643793,599.453158657652,568.688417515933,477.699844951195,517.70840948624,436.847193671767,522.592029892013
452.446953453487,500.329079053413,526.99528879607,443.068239760314,665.240588797494,526.250292342988,473.083932194045,489.941996938492,706.828282437372,598.227121912395,570.024074944999,479.50580923916,517.986950485152,439.45487096519,524.394294319792
454.379694023956,503.729094205492,531.286837830545,444.586509305255,666.981054683148,530.924431371205,475.929652235516,494.036573809378,706.304000381583,597.121248649735,571.874531392726,481.271420827855,518.333872725263,442.321306486519,526.315757641156
455.595269118073,578.784343676259,535.326308710833,446.191559805959,668.295605082598,534.928462886077,478.75888958587,498.020105362756,704.951833294388,596.454154780281,574.012946957223,483.057414061461,518.818954106082,445.119974842431,528.083812277179
456.620939190097,584.214156483156,539.200620717346,447.865936961258,669.189016365617,538.128783381856,481.550514072805,501.829244365998,703.055676799689,596.734553329715,576.522249349748,484.796595951646,519.181549893043,447.890043517543,529.544611746727
457.548085182638,589.261424582059,543.388172563094,449.564316798595,670.145947700963,540.757207509318,484.271905643893,505.448064537582,700.807143921267,595.612737940223,578.99857042798,486.564566839213,519.386747403127,450.745020319519,530.93942530723
458.358880863403,593.914845931716,547.605267570941,451.177146918008,670.875345573278,543.29575368313,486.88214851954,508.899461407194,698.072751816023,593.895683688096,581.509750079253,488.331922349016,519.475044605718,453.245019271652,532.184440405865
459.848545289259,598.482175768302,551.876826753074,452.559413204382,671.422185519379,545.802846849028,489.387691657922,512.224425026965,694.520842589066,593.774562340728,583.751528159595,490.106714237975,519.54708709876,455.777681101018,533.313038191902
462.627595567593,602.80085419908,556.195957031964,454.128785650619,671.825789600297,548.326360478789,491.739192494415,515.464937606356,691.054905565297,594.664758433062,585.993946834897,491.885930971688,519.502135523561,458.314322506966,534.676639673722
465.386858003962,606.809416115441,560.913174077789,456.702194857959,672.073821548852,550.876930006512,493.873344466025,518.653765756725,687.855191696617,596.657748972287,588.187715530863,493.66192972308,519.804720918692,460.905795375014,535.554548943535
468.126784369658,610.746361499228,565.578267627608,459.487603409179,672.520884472359,553.365964383702,495.877247810528,522.164036073724,686.184819396005,597.64311827383,590.295020075052,495.420790544776,521.062230270678,463.541665598483,536.269520137504
470.950308808914,614.503859848428,570.082223794818,462.494055995572,672.922655643477,555.645132881881,497.827230033743,525.655234437911,685.023991173573,599.871362269533,592.362469257769,497.162893807063,522.685016283359,466.312387812435,537.163173288483
473.765668905973,618.118391365674,574.406284704136,465.726027197175,673.608858306717,557.895602984808,499.727363111562,529.131581856107,684.136594967844,601.828651212853,594.298146269299,498.836392975471,524.399409759772,469.133955493822,538.400717946159
476.619390465142,621.598566550046,578.567478412159,469.168355695133,674.161570197951,559.866933319606,501.581636341155,532.594122577781,683.310160585471,603.490617956632,596.062674334413,500.437125143809,526.213573629935,471.98658624125,539.042831551823
479.442590815241,624.914298165191,582.650192790167,472.803899976432,674.522391477593,562.110117293784,503.393185150874,536.041127856176,682.773364068629,604.989990337978,597.352124024635,501.966566444969,528.070360660876,474.844626674565,538.731761813517
482.223336611508,628.095838504119,586.71317655066,476.632153994721,674.984586201171,564.466961347106,505.13136938835,539.434221280593,680.104474426925,604.871847684636,599.365940576397,503.424500826965,530.864198549336,477.706780336096,538.615262054953
483.224664512278,631.022288189497,590.769096796031,480.603956514853,675.507664550563,566.58608970137,506.799949324187,542.829841855823,676.305561172327,604.850109181222,601.457548871213,504.802288703603,533.62238240566,480.459068075721,539.191278678063
485.813226051564,633.865701906009,594.74829662891,484.7351479382,675.78908781281,566.974640473614,508.418006329341,546.232335602571,671.825777769702,604.80795395013,603.735974941937,506.09311344005,536.278397857718,483.197963176856,540.108097093696
488.252954786336,636.626987057406,598.609503511392,488.996344495069,676.642987520967,567.573845919284,510.005152370824,549.645753996887,667.57162697946,604.981153711691,606.23896061091,507.289078898191,538.730515702323,485.330771473349,541.245444067872
490.613642049153,639.33083614009,602.276734666392,493.347981860562,676.995549302751,568.842224730361,511.566348494334,553.073018052922,663.438049950717,605.434129174489,609.339991061862,508.40689723999,540.809055180653,487.126709195038,542.50249761722
493.084030396993,641.991932292692,605.734755856878,497.774163274702,677.509437843105,570.775957614288,513.083245122372,556.512660473272,658.82568371254,605.669306446837,612.509259354534,509.481326076965,542.779467667202,488.844733433834,543.935426983346
495.366907072716,644.581089991849,609.005076567041,502.381322615804,677.9896572305,572.818840939622,514.559045287924,559.955652746843,655.027790206702,605.817502203304,615.646011658786,510.51920306588,544.467914354513,490.862585684101,545.233647162692
497.36663595641,647.110623780187,612.22738232404,506.991585468814,677.719176856221,574.935355338864,515.968597933484,563.383466232762,651.35661939908,606.46541414859,618.471132925026,511.520008495377,546.414631121455,492.985754108144,546.779313937556
499.178119279488,649.615197914505,615.325594212914,511.562501465976,677.198050589359,577.07029776829,517.365819692402,566.769908404264,649.365272778082,607.327952529372,620.870413896251,512.491948976493,548.80165522949,495.029275543631,547.63414548993
500.982470381678,652.097718164288,618.34249673874,516.05764204628,676.424980079627,579.175566640924,518.748122722787,570.089884171262,648.376404293839,608.29442487132,622.968428536536,513.436420000949,550.55732140315,497.034202370528,548.438802597595
502.6995118232,654.553743891655,621.303905679146,520.443029137753,675.682412397211,580.882463966139,520.108015825461,573.325948073862,648.227872307053,609.254285108628,624.411380484214,514.35638285128,552.152718462108,498.993455985331,549.154741803129
504.381189099577,656.987349610683,624.172105410354,524.759588192105,676.037724889513,582.436887309691,521.427175770733,576.470044344829,648.898109541387,610.313675509687,625.33568035296,515.25502778329,553.619779854138,500.894476602464,549.243592588471
506.05782080753,659.394974310525,626.977220815389,529.006752142217,676.161418395096,584.080433310107,522.709336195815,579.490663928463,649.416849472671,610.718014792456,626.726504152554,516.134658507158,556.286675256489,502.620704296968,549.890266591565
507.611246072412,578.357108336872,629.779731855035,533.180151048512,676.193725435223,585.646125060504,523.950508620471,582.317515496824,650.748943854874,611.154255307396,628.021184819785,516.996910466817,559.161158163972,504.219541365534,550.580760095283
509.214038242049,580.721630506506,632.589064440913,537.264784368703,676.212189078139,587.177814301908,525.150288086283,585.049501761854,651.93688282729,611.664048440765,629.430565314268,517.843066564635,561.95135452714,505.695964579746,551.467150582262
510.850150532926,583.075177722416,635.412580797268,541.225447118595,676.372273146808,588.593445447592,526.312052355618,587.723713319831,652.921957261029,612.376127420063,630.867688183966,518.674452373224,565.072631048905,507.061941697712,552.394890056068
512.460555409175,585.383116194811,638.253296784587,545.048838403997,676.396741973144,589.986273140616,527.441890345854,590.329863638399,653.564205702934,612.652804407763,632.104457986828,519.492818933331,568.04314852202,508.342789571895,553.295203208776
514.070669230841,587.649727745439,641.091784961637,548.716548965658,676.401167441675,591.383925092616,528.538965061015,592.903914655205,653.982084635939,613.14979974345,633.184133544164,520.300394904476,570.921917454463,509.564427359902,554.120374844439
515.680647667423,589.892611214399,643.953286229243,552.157207352094,676.328031544352,592.762188661081,529.590080903467,595.451754867314,654.1280993827,613.744751759825,634.110591188837,521.099500999362,572.673665174638,510.729641815428,554.885153475392
517.046901631523,592.111655765345,646.924736448974,555.404412575726,676.572780430332,594.048656056221,530.59191653213,597.982234399954,653.86058938411,614.19602959048,634.980910736095,521.88911589161,574.150628424613,511.97233097808,555.516508173422
518.38317146903,594.297779533503,650.08313452607,558.488790967057,676.466381125742,594.619135937919,531.57498352798,600.497336467173,653.575153473867,614.829515971447,635.767471356584,522.674923781562,575.196277016108,513.186486253673,555.055800600498
519.525593260716,596.458933056089,653.280622843886,561.43021241285,676.330710506231,595.466984571016,532.540339674567,603.000711130186,654.257141231723,615.438658888318,636.233631919437,523.457336430857,575.168947817293,514.419058529658,554.322428499349
520.597423486109,598.578637962177,656.49032285732,564.236213226495,676.184690558526,596.175241794126,533.452841824213,605.498873123667,655.110432857993,616.068711386352,636.813879712134,524.236327203255,574.089778615149,516.10625936972,553.40838254875
521.528459200602,600.65367027078,659.680443108002,566.901931522595,676.477771476597,596.788142462502,534.346762738219,607.920918349045,655.883400392442,616.738599267687,637.305601321699,525.011682345541,573.267343434178,518.349173255895,552.277649058112
522.455905368168,602.704871498462,662.822103037333,569.436888707942,676.898946959938,597.445423934549,535.229076221966,610.222391733877,656.627298481258,617.491358922013,637.832325593773,525.777935256391,572.081450855046,520.583241745639,551.490629961504
523.33949455276,604.730657272742,665.879496240461,571.86031770881,677.765689575145,598.127907836376,536.106684491892,612.538064107136,656.483636728131,618.299552353938,638.572592509836,526.542211701071,571.595575893899,522.783316580918,550.688864894816
524.256521576258,607.022698750234,668.824122664798,574.163572759508,678.572617688983,598.755294367025,536.989990764306,614.883345950143,657.21029391096,619.260555216177,639.309438557148,527.315156156447,571.786349649561,524.887185962833,550.950519774177
525.098883917546,609.274254313861,671.613448702623,576.375875999775,679.315467545517,599.32476745055,537.89839266283,617.181580634168,657.830744675602,620.496288596327,640.136418036653,528.099928321797,573.516671536189,526.99084799231,549.913820880247
525.987622704756,611.50186986749,674.231596810439,578.510234901163,679.995957141447,599.91797878573,538.806319360938,619.310425420305,658.382962585436,621.735111976216,640.586337529372,528.893676775956,575.259817633591,529.099860915678,549.394020549358
526.720242495181,613.71311348595,676.66002408371,580.573184015584,680.629405344274,600.478001475981,539.696520636047,621.445285232921,658.841111266125,623.06014521759,640.89965697654,529.700221609055,576.025534508461,531.202782655664,549.57477948376
527.41776492335,615.89857789697,678.9480759189,582.563058729872,681.2186262491,600.949904653646,540.567681676584,623.468010380264,659.271694269849,624.412766480831,641.027551789436,530.520386842286,575.706839389243,533.282411012874,550.219668556805
528.00884693583,618.055945811425,681.103475670917,584.473137036299,681.738891833203,601.344059882318,541.438576382493,625.461435038858,659.643006068259,625.843236609035,641.082379487025,531.355198241081,574.949646761923,535.331439346689,550.883047843778
528.571619736773,620.186305269475,683.135258751162,586.29718285711,682.196127393238,601.594095426099,542.305655627253,627.449639950429,660.019895023793,627.032114707085,640.999577950804,532.203134182087,574.127376298503,537.292403327477,551.518739246509
529.275818570135,622.262456378556,685.034623085166,588.050498719521,682.619189032422,601.86170034855,543.194723610026,629.450663664068,660.338948045439,627.535485084836,640.830043149219,533.063202015418,573.421457220038,539.189398755506,552.126077118906
529.921432345954,624.282469783617,686.849262551371,589.740022840368,683.010792388497,602.053650637429,544.138217551287,631.519696695518,660.923811053745,628.470700087954,640.72931496413,533.926337659841,572.660410016389,541.021237967248,552.705248389333
530.591534162527,626.265450078489,688.591733381667,591.369223613513,683.38187437598,602.210066965241,545.069642053999,633.617949935877,661.50098617776,629.377288662374,640.524933223849,534.795812627233,571.844381511722,543.2599459747,553.24981646807
531.20601191909,628.211815708319,690.269873321238,592.939236248284,683.711652167555,602.441629048724,546.369852658084,635.741787839019,662.046567680961,630.263714659364,640.234565030174,535.670468030649,570.951756392105,545.335713424138,553.757219291146
531.805304336965,630.107035673456,691.893915178418,594.451896378374,684.072461942313,602.655732447226,547.238555617521,637.925413995447,662.583381750709,631.132800459392,640.030352801655,536.545615248191,570.184599496311,547.253718957152,553.929254404473
532.278793574148,631.958233065999,693.471622486982,595.910417201976,685.147026875477,602.846313698797,548.100220355029,640.167471006273,663.128127656157,631.985960006353,638.621554908479,537.41608936338,569.492218466325,549.066692432664,554.40805404041
532.75802120999,633.756929085011,695.009159561754,597.3193773094,686.066641745367,603.01819987288,548.949349128066,642.374596831164,663.76826241393,632.841290613491,638.148176780619,538.276643289097,569.335545363502,550.81057681228,554.281308337344
533.272271530773,635.502187049362,696.510892743328,598.684674687892,686.7800929695,603.178616838238,549.849929038573,644.262677678868,664.392122323664,633.698049200782,637.751709842022,539.119283624066,569.757376395873,552.503067788008,554.107158621208
533.865684275214,637.186425921407,697.975488401007,600.012007371511,687.298824445301,603.311109135467,550.751718953602,646.108490432029,664.937105857377,634.538798233079,637.556484626491,539.944955489322,570.481160361843,554.166646961625,554.028688492842
534.418026588098,638.811041364682,699.256121876156,601.303906766492,687.660851643531,603.475919942001,551.598980051352,647.819802814829,665.463083815205,635.361518200407,637.488585041576,540.75016324476,570.382369436182,555.811335213009,554.279828779379
534.976638526764,640.376445740998,700.544939274318,602.549999899566,687.195182384352,603.700918793012,552.418532514859,649.501639363104,665.9895799099,636.177771986568,637.489965622142,541.532867268725,570.790762679114,557.441647624959,554.536513716428
535.534763906577,641.88001614233,701.790227553595,603.767069294666,687.348749316231,603.925606947812,553.213978175365,651.13117993991,666.473625866297,636.982598155696,637.570319466485,542.291966326233,571.793986565869,559.06167862314,554.951429953598
536.120172114025,643.319556481708,702.980363256287,604.946420357532,687.481833664626,604.209965950912,554.012363597269,652.66382371111,666.876459350965,637.733157448749,637.702842541822,543.027198088428,574.01507033604,560.672287878099,555.355818368616
536.685132877838,644.657702275703,704.134060767276,606.106861604955,687.609829016581,604.514994230927,554.867239428883,654.161192936424,667.248198260177,638.511888371927,637.710752817971,543.738824133682,576.006079159104,562.264607738213,555.713720450619
537.180274057576,645.910351805335,705.228921211919,607.264241295819,687.755129737373,604.817216755271,555.703695617554,655.648759563859,667.624026750721,639.260915562185,637.776642107338,544.417205504129,578.100260366343,563.847016201546,556.078983445265
537.591356405249,647.071470348376,706.292937784314,608.428819222234,687.918962767095,605.144249114827,556.524779016036,657.147842169346,668.005868943017,639.876889079348,637.841370096715,545.067924240749,579.585719469883,565.406336773217,556.46133788489
537.842495555878,648.187664065474,707.319723869511,609.608363269115,688.118340175471,605.506435773961,557.330983614183,658.600296924287,668.37247956561,640.376905740933,637.872108078266,545.697553006577,580.787795022321,566.914179956186,556.859091799112
537.969452278183,649.248809497483,708.315558327672,610.808795349681,688.325356107534,605.77685316633,558.141295073211,660.038602367812,668.709083641634,640.851756521395,637.950688005413,546.28600947427,581.918802871463,568.385681389578,557.302186294657
537.885334460672,650.21639651682,709.286930234464,612.027796025937,688.533485181696,606.051145779864,558.94354754564,661.400350799872,669.06997435935,641.318192414327,638.089395072317,546.817084048163,583.04388137828,569.793831808298,557.758237794992
537.635605716389,651.128465733351,710.236107854651,613.276298157915,688.723202619117,606.300254209354,559.707379752193,662.466003478787,669.429278911506,641.770087008884,638.020987125467,547.338922139525,584.227321017567,571.179202173068,558.215354987153
537.28788930969,652.005930997368,711.166954831869,614.552718593957,688.917059147104,606.535318086685,560.474890380499,663.676233536339,669.711075675773,642.207126643453,638.364675012935,547.85446964604,585.299839734469,572.549767843175,558.670966477117
536.858884243966,652.852736847952,712.023247078549,615.872113796212,689.073339035018,606.76989441066,561.236418837365,664.73632229205,669.660803265316,642.610517445184,638.761235027341,548.362902539551,586.509676621992,573.910429497716,559.125711155555
536.403761485985,653.672249459442,712.724595013534,617.243541950672,689.236077674632,606.978130690082,561.997493594406,665.717808054311,669.526686254822,642.988329150981,639.218527121413,548.862903823468,587.624262376916,575.265757608982,559.582652403449
535.904969561608,654.467558512848,713.447833475162,618.671175436736,689.400912267749,607.172140177902,562.742563103967,666.67592228407,669.324726381288,643.341092159408,639.036322625252,549.352974515162,589.05014774823,576.614493422942,560.044257548643
535.402513383974,655.235201655352,714.099775768976,620.158859601315,689.565689845772,607.319071002294,563.412939823231,667.641694691343,669.043528674514,643.720512858203,639.582858801713,549.831612161333,590.687145182282,577.954193615962,560.569946897496
534.921101510438,655.990464228662,714.65930087212,621.70971137581,689.731119205481,607.472289522688,564.068626443346,668.625584769526,668.734096566137,644.109086877678,640.144931998664,550.28790957118,592.317495779788,579.281590787001,561.196425665228
534.479466923456,656.730209746306,715.164972902982,623.325821499583,689.887709406175,607.62187127664,564.701189245337,669.595199504317,668.416636481412,644.433347745229,640.653957281018,550.728719788073,594.38464140408,580.593699376151,561.897399488877
534.309031261806,657.459785543414,715.637615715316,625.00834234233,690.008155434066,607.781743177266,565.311359608371,670.704940662844,668.123712570888,644.991398903285,641.127669941191,551.131077862543,596.400150789117,581.882965183583,562.642966324579
534.226915217477,658.180607585529,716.139897841366,626.757504121807,690.118482704623,607.969759242884,565.915520944668,671.867191385928,667.896761534132,645.52278321899,642.499535784421,551.510027028062,598.409973409208,583.154378102824,563.362805715465
534.070298570468,658.898565365693,716.557038484504,628.572268203392,690.244190550459,608.127378848769,566.506432211858,673.114353082942,667.758991302647,646.017158420378,643.007360802028,551.872399968997,600.623136098932,584.419138200622,564.049095344379
533.913383573905,659.604736844476,716.921937611664,630.434597362707,690.375823288283,608.302116629045,567.067680655472,674.51453642165,667.697848496184,646.491709424649,643.778428693154,552.21343801952,602.211857220859,585.670591432889,564.725383679478
533.725475873875,660.188725008823,717.273640828058,632.34275457431,690.510738092993,608.528155664608,567.571685768697,675.94832067655,667.332688915601,646.952348578239,644.350021425282,552.533436206509,603.824945653532,586.888831899053,565.36614039614
533.511161129539,660.810059969134,717.609354585474,634.295661520842,690.627124193568,608.789605866078,568.362895745447,677.483552910106,666.972262120515,647.401333160017,645.054929438466,552.844187778455,605.373965263228,588.119229468672,566.0179712309
533.289389396471,661.429417468918,717.954013354462,636.29005179099,690.740454818101,609.052883826939,568.806714706125,679.425522567161,666.570951253735,647.831192495073,645.774608224653,553.145984786728,607.249754046228,589.365351259669,566.663039486319
533.01554238594,662.050003594327,718.288839503049,638.318373871509,690.803258205367,609.320059285241,569.180600208844,681.34549977609,666.185965203557,648.268629889758,646.523266323351,553.449266449026,608.996062388163,590.62765209812,567.286714038766
532.795921171995,662.674846466288,718.606532186647,640.365354046395,690.853989519325,609.587364226956,569.51204719103,683.095862082599,665.827132301934,648.69819168124,647.322174925589,553.731477305865,610.576954162523,591.885702609202,567.896408219779
532.574149076068,663.306036029166,718.813271581419,642.414749076226,690.896667271324,609.831108538524,569.791632863503,684.804890078752,665.506992898364,649.140346503037,648.14089193151,553.972729162456,612.058061780923,593.158099982445,568.486933408484
532.365852598894,663.943304269223,718.982698099559,644.473989289974,690.92602207389,610.01075342629,569.972041770278,686.398313054966,665.22377530411,649.596719701196,648.973588686274,554.198078639452,613.401779509666,594.441152680672,569.064008157671
532.043090642798,664.57783438697,719.154885262874,646.513526022255,690.944343298273,610.169139494853,570.119155433815,687.806126850739,664.984313381254,650.045849740524,649.821245697806,554.397102195593,614.587659745394,595.732342960551,569.624002650476
531.815709765222,665.250901739991,719.325552542739,648.507477870865,690.954371814645,610.323814512463,570.277838995172,689.1281563038,664.709498527821,650.510919172453,650.709565108322,554.582263663769,615.628122426798,597.020448500137,570.214803245506
531.75913623053,665.938779005219,719.506518999095,650.444612576381,690.960978001553,610.491389871226,570.413437987609,690.331658578648,664.447741649804,651.194533460861,651.639708402633,554.749486099882,616.471092843058,598.305650494319,570.757215904036
531.684472976074,666.622252302545,719.644000967049,652.354651882173,690.957690924115,610.656056758005,570.627518799998,691.374679028357,664.187365178022,651.844905460395,652.541673932477,554.851324462769,616.986239452204,599.574971332114,571.262336391687
531.595108213808,667.295546524993,719.710019314443,654.233264171148,691.011565657028,610.768043812144,570.809311843397,692.402018464602,663.939291409011,652.483706845816,653.420995014603,554.934532808431,617.46536018253,600.831821121037,571.727561116897
531.423607222598,667.975141186287,720.092392365729,656.077310584078,691.085088221441,610.857404642832,570.930057033842,693.199359479177,663.649890676502,653.122239300998,654.258908006821,555.011787682519,618.159069021959,602.073048165754,572.154156641973
531.268737007761,668.757038970422,720.573977461028,657.884582568468,691.144121557359,610.203786402539,571.083220159841,693.766884123026,663.305130736437,653.709956040156,655.085061776246,555.087566411999,618.972799338181,603.291250510077,572.551735507879
531.19043273755,669.555738629325,721.106955249079,659.653817879665,691.201691714026,610.263246266083,571.161680369944,694.23926535435,662.942418732733,654.257206479348,655.913629868517,555.174673965953,619.649542242836,604.474886961928,572.927066989902
531.063460848415,670.364075535708,721.614925105993,661.385233640211,691.257912961734,610.263920216051,571.26210683855,694.632222202358,662.567613020424,654.793303280681,656.69265356035,555.266660045723,620.25220894895,605.621825175131,573.28307439294
530.782965808374,671.169817705328,722.121544202493,663.080954948402,691.289156512231,610.251110149583,571.310748607138,695.034717658593,662.192083189127,655.290860961249,657.426473997139,555.35882349947,620.833211882168,606.739547226689,573.601168062521
530.494792291782,671.952203427159,722.610382850281,664.745077320273,691.326681435555,610.241495871401,571.354238019795,695.268793641005,661.808663871527,655.719730514119,658.111396281881,555.456649229367,621.382340088483,607.825955755451,573.905327896031
530.287968737665,672.712208615142,723.121496598389,666.382932443975,691.349648164122,610.181206806265,571.352233382859,695.465307912932,661.419722203511,656.042342605117,658.746482220288,555.564544697432,621.919466017783,608.879080479807,574.183945150226
529.926830197636,673.461086541733,723.593444652423,668.000003389155,691.368779417849,610.131663488592,571.378139034799,695.759771733033,660.993173409456,657.443126876633,659.347147751449,555.683705741437,622.443747236722,609.892253761372,574.455033854901
529.599197699992,674.193137780236,724.044451404397,669.56525795788,691.387762448369,610.063104545417,571.390745301502,695.920129499583,660.552195754529,657.716725290182,659.916971337332,555.819060067375,622.952906210944,610.869567649146,574.719175509099
529.280899169412,674.818212007067,724.473237129454,671.101388324571,691.410736968226,610.026655835216,571.388950682848,696.108618341387,660.135784141979,657.968689909143,660.474872298108,555.963813540189,623.465100160506,611.811168960568,574.961829188872
529.035482778567,675.404060733182,724.880293342443,672.62544202754,691.446165815471,610.013110864106,571.421418127351,696.283701992089,659.715762722437,658.195921346889,661.018923996688,556.107461554351,623.893059364793,612.714019510556,575.19010311536
528.733762867738,675.975255675812,725.280362621072,674.138466103264,691.47199790727,610.050984220531,571.478672362659,696.458976298837,659.314371354516,658.35712645108,661.605462534781,556.255721904201,624.15512689219,613.574772586784,575.410873550305
528.423148233128,676.529531198326,725.869510759668,675.640152495111,691.519110119274,610.045421545172,571.540656145792,696.540324397726,658.949556539207,658.501999556524,662.165327308507,556.400355676201,624.378039473996,614.391555635941,575.6109575802
528.096054605828,677.070060042425,726.520059723785,677.129007741395,691.562407299985,610.076909629852,571.573719272241,696.134664165525,658.603433294056,658.599500121756,662.99153268647,556.543536023284,624.711608671149,615.16641256969,575.784414394803
527.802494121711,677.596483981653,727.126356368178,678.60292039914,691.589976157069,610.081800469574,571.630720906411,695.538576494488,657.776799826805,658.687207482038,663.456593990846,556.671998795689,625.041953611146,615.862810276595,575.958419393952
527.545970803067,678.091837617873,727.641449369495,680.059733622208,691.613721302298,610.052572154955,571.707718667198,694.811793173459,657.493415881419,658.792096178241,663.918045880726,556.792992444413,625.375440014708,616.489478666203,576.146511868405
527.324732968669,678.558197248436,728.055525447128,681.49747699996,691.647815345939,609.979125571438,571.783702972964,693.944632760729,657.225671450741,658.909933785493,664.34303737124,556.919612640507,625.703236466199,617.068788829812,576.320461618173
527.079603933494,679.006956979666,728.407913934834,682.914363880238,691.637155513511,609.871629296398,571.919685347401,692.935831566177,656.928311257796,659.010858853116,664.759566639702,557.044283139261,625.993695897242,617.622447729025,576.520609030072
526.845191440125,679.409350104008,728.760438091715,684.30836396209,691.654101405044,609.747228834342,572.057287489667,691.931707473742,656.615484435359,659.101059733316,665.132821607115,557.176183870059,626.290764429999,618.151708433062,576.734116819888
526.662801536765,679.773215528181,729.102643712328,685.677396601657,691.661351032167,609.611468385007,572.190044546463,690.942693609101,656.299999516009,659.222159640236,665.448459197796,557.314830153974,626.610893553192,618.64866925862,576.946964896887
526.512587045713,680.120568807064,729.384087741769,687.019827716491,691.679085869177,609.439382906886,572.332586558089,690.111195780993,655.991158792814,659.347887321216,665.736669053227,557.426367366073,626.935366466403,619.101409115957,577.174662348239
526.397675635008,680.455225308465,729.664076416446,688.312295316302,691.697781557324,609.2490807556,572.474103980007,689.573190780377,655.66681463442,659.484138126446,665.956942858179,557.531071928361,627.213382093694,619.533621133989,577.409731843704
526.286771825272,680.677898475558,729.907340353008,689.533962654097,691.711036842685,609.079849111102,572.560162119119,689.624135516148,655.34584928712,659.613985996857,666.056738751102,557.62635571405,627.373827752013,619.945528022135,577.615064357461
526.275088253208,680.878671818985,730.12479990968,690.716631033869,691.716091563998,608.928046395704,572.607913396319,690.07533885483,655.019727455252,659.795270736277,666.130810686901,557.72412398906,627.533158453701,620.352364576416,577.821774103731
526.297453316633,681.042280354374,730.389659877252,691.874275907094,691.72266065491,608.814692020721,572.631572030548,690.265462723622,654.703658826008,659.973487015172,666.103367808911,557.819898011123,627.68567594693,620.764624226779,578.030909119373
526.31725086548,681.244012097026,730.66694724885,693.008108336176,691.722980501703,608.742324343045,572.567913120739,690.439721344588,654.405685896114,660.123289077553,665.997166538152,557.904459546667,627.802608010255,621.168409756413,578.235156579876
526.286298588172,681.438228716922,730.839097894068,694.119356205489,691.707035005482,608.677203686797,572.514294149453,690.619869405072,654.124981212469,660.256771974138,665.83146366304,557.980043401932,627.857938881981,621.569890326606,578.433683690682
526.262432091241,681.613153332746,731.00260670938,695.206789305763,691.674584590951,608.638050142944,572.469481313247,690.701836282266,653.848312122006,660.376644324369,665.562204420967,558.0477253967,627.918910967553,621.9565407885,578.631823816574
526.197320248147,681.766680326315,731.157079387051,696.24155034224,691.639372336819,608.604812442116,572.414289479911,690.773393686821,653.58760229481,660.502137468136,664.737202208075,558.122996193067,627.966548961317,622.311306339193,578.839290402303
526.090043132533,681.916130472562,731.297670900016,697.245494122578,691.609868248477,608.546153502339,572.367324961,690.763555021934,653.311395363697,660.599031882591,664.363318622612,558.199419935039,628.00334445445,622.633279566564,579.05292142593
525.941290716933,682.068405652231,731.443965156743,698.227859770526,691.560964729275,608.485905481115,572.299807490057,690.67732936132,653.032753389536,660.674130954144,664.007002135934,558.284007043016,628.049525502518,622.937246363545,579.273034979489
525.71859745973,682.219125352924,731.569052952108,699.186841087618,691.492249823316,608.407398860875,572.20877755035,690.573578905182,652.764228089655,660.753962108663,663.650735728183,558.366500836958,628.089145093145,623.227545887851,579.49628637861
525.517446803814,682.379883673989,731.654005937011,700.124716110845,691.427258183996,608.306442943164,572.153809989993,690.553143580655,652.512454643939,660.830614411354,663.315802270353,558.441100218538,628.197545395927,623.446744331123,579.715401217093
525.418889182012,682.520560941733,731.731397277796,701.042509727688,691.362829371956,608.21683507098,572.086721548255,690.748194577778,652.271168125031,660.900522230599,663.016632460334,558.503579161463,628.286968442759,623.635073215332,579.884073554095
525.338490106618,682.692372672136,731.742962423177,701.939679654815,691.296683955143,608.139794288275,571.999232165755,691.085589313394,652.03885951538,660.900005759973,662.667949405805,558.56550588063,628.363176254629,623.820367206186,580.052233096862
525.301220158289,682.898677366183,731.697379442999,702.811860014657,691.224300032886,608.105689374768,571.906392413637,691.714565792088,651.803301469268,660.84842819875,662.336276888032,558.626678722345,628.432435169958,624.000207612247,580.213227225038
525.3772429555,683.099567712047,731.631725631035,703.672711888587,691.15693238444,608.123630036674,571.793031997205,692.773438339715,651.562643474602,660.855128387949,661.082343863075,558.693752294246,628.484278825659,624.194886821809,580.367043772524
525.39834301621,683.291402011494,731.565337144166,704.469791542346,691.090694656116,608.174123740387,571.607484789759,693.795011096096,651.355984966155,660.821739877274,660.842939940471,558.761876801825,628.515791888471,624.379481196632,580.513204017276
525.435729564756,683.487894179259,731.405181300023,705.259524469152,691.020344289089,608.19165302255,571.422718857627,694.919068745051,651.145031620493,660.78491883013,660.641518464413,558.835391359615,628.539185874259,624.549064631011,580.648377478026
525.480633868533,683.670341400194,731.139848423823,706.040818454845,690.951276060072,608.220916351318,571.241946873124,696.002583436812,650.909559300984,660.744022477982,660.52131074057,558.911956648846,628.571833651681,624.711133853816,580.792229475552
525.433939173663,683.852796017121,730.856812677958,706.811026790451,690.883005886376,608.212039242617,571.147741406849,697.105255817746,650.660209263562,660.641318608575,660.318240183954,558.990526941286,628.600385870212,624.889568264554,580.940654802026
525.273270824267,684.025677648292,730.791837075343,707.583453314148,690.808600450132,608.181133718807,571.063337354909,698.21225752,650.379994055447,660.535723709278,660.150305588827,559.071711514393,628.546780891523,625.07189811019,581.11396100505
525.077901189472,684.207291658302,730.907643488184,708.339397082341,690.741739692579,608.096454285231,570.976418939061,699.258843408664,650.105992128955,660.46141437589,659.959445302344,559.170288891584,628.429170795426,625.236842597039,581.292570248438
524.76823388254,684.394135646365,730.861766219182,709.098756767358,690.701959140849,607.96472972214,570.876637447008,700.313727107022,649.844869567075,660.402590154861,659.733989555368,559.273221120874,628.387388327315,625.401966711911,581.468119729428
524.43927798754,684.576991840738,730.79220041101,709.860221006166,690.656888016632,607.822786453644,570.7652955552,701.241358703745,649.616430137685,660.354263943788,659.488285120246,559.381338427658,628.287377026049,625.524051574889,581.644202165727
524.087519793794,684.735581231339,730.671216528612,710.628129177676,690.594641557022,607.682853291763,570.646246578914,701.885791003124,649.410897470327,660.354862792623,659.544322183765,559.492060736136,628.178271192517,625.611668128771,581.76695011569
523.931811848744,684.862962386067,730.521653348794,711.39500081538,690.526872576683,607.563261490981,570.609743115796,702.562589789076,649.191381718907,660.365327098866,659.295015286793,559.604156670185,628.051837256638,625.722924272955,581.88266452312
523.853408289612,684.966549210749,730.33441700666,712.164552531908,690.447650266408,607.434438380188,570.551924597165,703.240380938064,648.9799203804,660.376783860309,659.025440421178,559.706031496963,627.918304971888,625.833438797113,581.994670583854
523.809503835469,685.075713653104,730.174829001252,712.929122387313,690.342624136451,607.341234455705,570.556896019374,704.198011354419,648.777385247868,660.379950571261,658.808182469297,559.809587385487,627.723154584209,625.942794396532,582.112651469613
523.78768088653,685.146533955164,729.990556554995,713.689784197587,690.239714814756,607.278259982504,570.556648637464,705.368528416925,648.582251274805,660.409124559418,658.581305699237,559.885651461066,627.529885479943,626.051776559091,582.239030340204
523.775730193906,685.254419892557,729.761957040552,714.399087227797,690.141231890871,607.23067648263,570.533974931252,706.542528537198,648.410136639775,660.462541778636,658.426485406983,559.963061107126,627.35430294335,626.166953008736,582.401373514204
523.797367580795,685.35621883945,729.496044377448,715.082311162842,690.051292741746,607.219026777776,570.501308458907,707.604306025878,648.241382721134,660.484499754997,658.444310839452,560.025753040618,627.189058568288,626.292872675251,582.561401468597
523.663052330631,685.451243273868,729.173141948403,715.749562948973,689.976770492161,607.235823465904,570.462281007135,708.638068334347,648.076220318716,660.475590776757,658.479794682643,560.087304840106,627.034518845318,626.427127032723,582.73533182196
523.538881198682,685.530378217204,728.69493713715,716.387411334172,689.908525657892,607.181609331751,570.466152651523,709.606670538895,647.900415739863,660.437762895506,658.567190442693,560.135078355049,626.874476001269,626.568323409791,582.930879281959
523.427795885133,685.604190518589,728.337323922897,716.981223241406,689.842759384777,607.132024494752,570.486184855661,710.513129932905,647.715831339554,660.370383374202,658.63423401441,560.167882315279,626.727067772204,626.706427209273,583.124300404396
523.300369423742,685.684184179638,727.953125667636,717.550469687538,689.823997810812,607.037278407264,570.501858247224,711.169788170793,647.534675870872,660.269375956249,658.675185322485,560.212303006221,626.572341622639,626.857555641688,583.313819155931
523.183999332252,685.742161216749,727.532721657244,718.020561523564,689.805043836895,606.951023972668,570.512346432224,711.737566775054,647.362135219112,660.139487707468,658.709889607088,560.232477838741,626.42012097277,626.981680055375,583.492454816059
523.074146398348,685.814499245915,727.031370705098,718.461073498481,689.774359894149,606.887689869024,570.484573347516,711.891781410032,647.149085793127,660.058649632841,658.721061266479,560.250035529521,626.279635174006,627.064553243137,583.654538643775
522.966657397478,685.892465871325,726.543776461627,718.880372376726,689.747579471785,606.802062164039,570.453046453344,711.815295659627,646.924002132654,659.987076523441,658.753253680644,560.265604911796,626.148310074541,627.177844376913,583.773743295072
523.191996472261,685.960037179678,726.160303015244,719.273751548902,689.708531815019,606.717991083376,570.457577134991,711.691672701459,646.698315040686,659.917554647674,658.690226812472,560.283149788154,626.023316774596,627.303175054395,583.872116453546
523.434385183427,686.014644135094,725.790277794328,719.636778967154,689.658138230114,606.591554508245,570.463408157247,711.579838813803,646.463620092337,659.85806891564,658.367186513034,560.28334781333,625.911102914553,627.439051619572,583.967285780773
523.599253691973,686.070534983816,725.441531601942,719.975356303147,689.597336511311,606.454807181635,570.48622732271,711.502317905693,646.226236488587,659.793689909566,658.054196815665,560.297229732885,625.796352879227,627.576538115291,584.053698701149
523.751964843696,686.13553939863,725.099406052721,720.283963737089,689.525384381341,606.399384769291,570.512423868613,711.621008277591,645.987481214506,659.709902917546,657.683204094382,560.330406849521,625.666694404777,627.713316900048,584.127702447984
523.870910445696,686.247373933166,724.759650299679,720.601380739906,689.446066864138,606.33402671918,570.466797778436,711.645925603802,645.748761910681,659.6000916555,657.35865725224,560.367376665128,625.533018253748,627.834550823913,584.238636912884
523.921922181161,686.370072335689,724.413596662781,720.901523035533,689.355655099333,606.308314138736,570.374086311697,711.597576844132,645.519183504334,659.42351312941,656.992190871921,560.389269273725,625.386342171763,627.918885578708,584.356674304789
523.90018956345,686.49576518427,723.998799868798,721.191127488288,689.263720272304,606.282505261167,570.245807514762,711.403128080689,645.287045024514,659.253751920557,656.657510839743,560.410633412428,625.24763066744,627.979770759516,584.478500385967
523.719564840168,686.639909854868,723.384968486153,721.475975346453,689.172461648067,606.240893349111,570.137040057883,711.202315068224,645.058616838909,659.088311285002,656.368886394174,560.434343532642,625.116378477907,628.030715874725,584.585626355199
523.46021972635,686.779522745427,722.753465198594,721.776717898835,689.077198544726,606.194640275035,570.077607276082,710.99930120808,644.820588504057,658.915969841255,656.154232866228,560.442917556514,624.983168063642,628.071503933513,584.690062521791
523.002780909524,686.900419509759,722.117078934022,722.109475260908,688.973202900502,606.126253274867,570.034066368594,710.404051618272,644.584015190057,658.76211671817,655.943918207445,560.452013884733,624.869178290219,628.110593479765,584.782230186377
522.540802020573,687.027992089782,721.433481553037,722.442051974228,688.849490173014,606.076552689869,569.976861454156,709.616301159492,644.337419549972,658.608928038765,655.743406590372,560.453021538279,624.744169554103,628.161708361316,584.869269534956
522.184618392963,687.181941445767,720.750933463854,722.776319495419,688.71385239381,606.057538158014,569.912888512542,708.593408420161,644.044076107996,658.552168605625,655.572809183362,560.445055536032,624.615399724933,628.19781538062,584.928444882597
521.844723094736,687.33220946307,720.177068213262,723.098757955486,688.567150547238,606.089150299486,569.866305689642,707.706812237362,643.732576103479,658.531036384968,655.262297214132,560.442910071795,624.488610706603,628.242185170237,584.975057135606
521.49426740093,687.478665029096,719.65779412528,723.414648180392,688.413293541334,606.092598684424,569.823123359101,706.917512896518,643.364046291385,658.543486381258,654.929517681694,560.444322947122,624.362081560393,628.27102411139,585.019181341641
521.170740830539,687.622596310978,719.202639358132,723.711920757116,688.254496655268,606.09214426174,569.768191929745,706.182843177366,643.016739192749,658.530921518413,654.625095526804,560.442240257506,624.227600951803,628.288154584844,585.054136145655
520.757764672731,687.764874978813,718.747060206758,723.987186713813,688.072867360028,606.152409422911,569.7158323099,705.510905594371,642.637883717446,658.504798611322,654.270617130775,560.439286912283,624.070298539572,628.317622341582,585.071276629693
520.349794316157,687.890583576641,718.297572763818,724.243834329378,687.892657745177,606.211241919643,569.697994769812,704.963317842171,642.248606940535,658.471021007946,653.895167562137,560.444169457006,623.885351505254,628.363746217412,585.069400060911
519.878686975042,687.978094468784,717.826690289598,724.497728537005,687.698628952343,606.288101777773,569.63282740864,704.456736108141,641.885144831562,658.400881865119,653.492830461724,560.456203464974,623.714101979992,628.428549814417,585.072041907829
519.34097410918,688.065707356569,717.385026848561,724.745521876141,687.49796004831,606.362637886022,569.468493822867,703.938901310206,641.53037488706,658.250345964884,653.096618271308,560.470584983159,623.533567967131,628.491384618609,585.091890103804
518.773678287874,688.134078361522,716.927631684535,724.962279053624,687.297345873219,606.463703081697,569.352791669664,703.65160709726,641.178420662411,658.069148555639,652.686618097939,560.486963065849,623.296037068524,628.555266946211,585.076309302845
518.126495022233,688.196475538806,716.475960959882,725.165736563604,687.092017476562,606.551495689398,569.227053647749,703.327711486013,640.863090623809,657.818678051907,652.322038952764,560.488797921888,623.061246824037,628.61103181058,585.041159634954
517.341999171518,688.258081617658,716.05265113984,725.365546651914,686.881515678974,606.611204706066,569.107114547522,703.131899792751,640.587525121374,657.55444394452,651.981374268494,560.487603634648,622.872482953919,628.663854857549,584.997148548947
516.486496436261,688.327525649008,715.64671372182,725.557707881779,686.667244248491,606.633794534612,568.993187053375,702.986595924224,640.334367665022,657.285669833948,651.580296238357,560.48672894165,622.697820300141,628.710888442214,584.944958104905
515.702236584205,688.395490565258,715.241691495945,725.74995253829,686.453494665111,606.602797834365,568.930733249024,702.765486932558,640.075894773742,657.016343853438,651.210260475925,560.485154875327,622.524612392671,628.770491347749,584.901443195498
515.019846222282,688.50169851606,714.845508968444,725.963339622147,686.236935773384,606.569143809289,568.89906747812,702.696698834101,639.83360704013,656.725821560245,650.78178648259,560.478428156989,622.355258028332,628.85555677028,584.837642643378
514.243392480598,688.603336406758,714.508351493806,726.199334090346,686.048144128594,606.515418212155,568.861604491603,702.796079018078,639.597579810386,656.46972428617,650.345582972198,560.456595375354,622.161136950764,628.887503727943,584.7748741897
513.474718327978,688.672375975576,714.191735238586,726.444888702845,685.860760250435,606.462327696422,568.788419728053,703.141709864992,639.370847122618,656.218019886366,649.927852126976,560.428700206762,622.020055367568,628.833704836702,584.723671262601
512.770166739587,688.731214635023,713.893878684832,726.704998480558,685.677335670301,606.400436715863,568.693513031997,703.543672983822,639.084616562458,655.989835419053,649.516488848044,560.351752497708,621.864331902648,628.770300988433,584.674660148322
512.065632090406,688.770304387302,713.589225384161,726.971653099955,685.505465249124,606.241065307476,568.64158492165,704.075709638032,638.775078956491,655.751939205715,649.104581179742,560.275575597203,621.721703522952,628.711353211374,584.619695154961
511.348626741724,688.781996477144,713.287485108499,727.245913166366,685.336691361425,606.0878409359,568.612281851277,704.49236111098,638.487602555874,655.494539201284,648.691603724786,560.203561890486,621.578160148388,628.638237767753,584.562528723331
510.614852188818,688.812223476232,712.957287105521,727.524901397734,685.153874995871,605.952626379371,568.553286822301,704.900038198642,638.204001010417,655.23530563754,648.204572436571,560.111850580854,621.45277707072,628.577820142016,584.531501031675
509.765282450968,688.852657354797,712.65752354877,727.809064804449,684.972867564628,605.838733278707,568.490736567588,705.351516052291,637.906055704056,654.990542753444,647.698111038922,560.016942167717,621.324598452795,628.555430229142,584.499334073025
508.88388445243,688.859788580264,712.282819847647,728.083543010014,684.79204974834,605.729833620627,568.460405752815,705.937728291566,637.596938081727,654.709728079534,647.202205368724,559.923714582679,621.188689859422,628.587613132177,584.465823610284
507.977601896886,688.840500321097,711.871569831611,728.34390337548,684.611814769664,605.632239714305,568.436008791077,706.39205452877,637.308317027837,654.433322598012,646.659797637963,559.828856683615,621.048449606851,628.613180793274,584.457741549906
507.045822685563,688.818834672028,711.425880186237,728.601489583143,684.430633384304,605.542320312737,568.413327021691,706.841614081566,637.0345901524,654.186436290432,646.03774310701,559.71961078915,620.891583570834,628.646359331173,584.46607362923
506.178548078655,688.801763382081,710.952347621436,728.812590070433,684.245585734842,605.456375809514,568.461420177555,707.321158491228,636.780533159615,653.962222079319,645.417877176267,559.617437446306,620.730544013693,628.675416131979,584.48804302124
505.345789340283,688.781771313376,710.428244759539,729.002556784633,684.053460971895,605.358823156146,568.549166348504,707.690123086163,636.555703437326,653.749300461943,644.821086754323,559.517569455482,620.578307897229,628.678753829872,584.521984063364
504.567237641445,688.763969814218,709.771704470259,729.210327916158,683.861484048503,605.308931468017,568.666513161532,708.103904487888,636.365117500886,653.519508467057,644.207979622892,559.442726466306,620.418943280414,628.666721844001,584.537469698535
503.828678540893,688.724202884898,708.994619003893,729.423100280108,683.682636495409,605.287609168812,568.786034216944,708.505373593926,636.174675858728,653.276804587983,643.719914103534,559.378245347992,620.225357738809,628.626605997944,584.524638924034
503.369231514564,688.705862473092,708.279814993543,729.623994631817,683.514950254262,605.277644468447,568.871748878179,708.884225196821,635.979628952306,653.049072044182,643.26386456921,559.307797720857,620.017080256172,628.576733145185,584.489269436774
502.908182883247,688.64407704931,707.579643309493,729.804370268379,683.342716030908,605.233644236839,568.970323956885,709.357499915517,635.802047162702,652.84810429867,642.816085354328,559.237619986924,619.817079038188,628.522110098627,584.449335562522
502.426963152345,688.557613159814,706.907728206839,729.92443335786,683.160104876782,605.212903718353,569.078646347761,709.728251931338,635.635729775376,652.565563535919,642.373587753095,559.169166517093,619.619407696413,628.443716943257,584.391330474151
501.940712074635,688.469966560888,706.251266467295,730.043620674558,682.98411788601,605.211885885077,569.193723701395,709.929229394503,635.478908914191,652.221181799669,641.991023421802,559.11599138397,619.421504861865,628.353053839562,584.312049167758
501.485529604337,688.472932018509,705.608285905214,730.159830242211,682.827153953187,605.263111258646,569.27668136823,709.930744027627,635.333779923941,651.88570972501,641.614821060992,559.064112409992,619.228937654466,628.258292225508,584.1877875093
501.023998053776,688.491805340882,705.04512967412,730.264200980389,682.65696937044,605.313564824013,569.352248705798,709.928126412293,635.204739009088,651.544645492375,641.254887996799,559.006558054722,619.042567146905,628.211306436384,584.053836766404
500.571288841461,688.48931432175,704.52456990917,730.342719159177,682.481229322125,605.340765028952,569.431960106297,709.939530956782,635.064913139755,651.19591246074,640.972936446706,558.958687602752,618.862546377106,628.190817677323,583.914191700452
500.126748634607,688.481697688741,704.004927361377,730.409874685998,682.294653840585,605.382668220131,569.494815869721,710.021874024744,634.928369674854,650.836616609091,640.66214818434,558.914054985741,618.688148098491,628.179865001859,583.771909834953
499.650252543468,688.473874358571,703.493005300571,730.474824998614,682.089449531203,605.434191331173,569.50844929916,710.04812350836,634.768481884817,650.519237990221,640.226697939514,558.8608415498,618.517764712308,628.176780240058,583.63772242171
499.172062906613,688.466955013893,703.066481265537,730.53233606374,681.874832605193,605.461263935251,569.480737926921,709.887952932923,634.624509489893,650.217179387855,639.796475688431,558.821955644904,618.348735806519,628.164454382142,583.527121523132
498.737187105451,688.454778229269,702.682982944227,730.571678005177,681.651735215159,605.51954271843,569.443576331884,709.616368791748,634.498168533522,649.917421550275,639.315395099218,558.782483069865,618.177543873536,628.200747172667,583.443780025487
498.306294712902,688.461598735538,702.347270139934,730.62661478866,681.418703769361,605.585675232148,569.445227962596,709.349032488123,634.370364834731,649.641738814021,638.889102748968,558.74331871956,617.904095184248,628.224456799317,583.361014385228
497.899007222798,688.496856302606,702.011434541603,730.697986082891,681.170993792201,605.663778918098,569.408933321895,709.05106350233,634.238268361195,649.400293812241,638.50696346498,558.711532916108,617.615631984116,628.239292726086,583.271471546703
497.597609309472,688.543881305567,701.691490141128,730.748834222841,680.925314238754,605.724593291143,569.314024607586,708.605248775739,634.088795068682,649.255976219795,638.152682774963,558.680381473691,617.345683196997,628.248637159787,583.184783144525
497.277839611456,688.607518437532,701.446398559735,730.803720710499,680.703667211647,605.747882786408,569.214063429807,708.089735894427,633.934032367763,649.140091485813,637.816909848978,558.652783215704,617.068068177206,628.272933011232,583.112106585479
496.997255914245,688.678111636493,701.23618545463,730.822071017032,680.478556995562,605.768954027263,569.13479316435,707.541636416801,633.727843439711,649.020920395385,637.500444091353,558.627831927733,616.785892359486,628.297785617567,583.03662370817
496.721965940484,688.747142959704,700.987584998578,730.835844515862,680.255044990306,605.775874017139,569.0591372668,706.974877924239,633.514706880249,648.903858590815,637.242725788269,558.613411363706,616.507042058255,628.311757530245,582.998272220949
496.463961994255,688.896580891326,700.786015827004,730.800694795947,680.038770048629,605.806058146837,568.971050552253,706.582723991307,633.292596674435,648.856213027492,636.997387821366,558.585227292976,616.232291518596,628.339320184125,582.924436083273
496.25791124088,689.041236258978,700.621920997426,730.770948770275,679.830501478178,605.836059979966,568.859910620021,706.206574543311,633.063992165022,648.813094885642,636.87244073125,558.549367263097,615.961982997183,628.354050993847,582.840131180166
496.1156263768,689.177696917016,700.419431887443,730.74670363315,679.633313819195,605.881971332179,568.741796094445,705.439313317869,632.813209473349,648.775429345266,636.779870469341,558.505604286835,615.697547397375,628.377188832153,582.771797408183
496.063651383414,689.250620557184,700.201982073566,730.720135698785,679.450634171487,605.938196566591,568.608218422577,704.726738540809,632.571160378323,648.717793846266,636.642638788888,558.449488501359,615.436876021158,628.366942630336,582.715660754743
496.003934799219,689.265283712574,699.966871297822,730.721173616096,679.271420718142,605.993466658767,568.415510765816,703.767845644695,632.331411621505,648.56672233166,636.466466555594,558.395088134353,615.180975035968,628.35964168879,582.666362837451
495.90987251891,689.239444655267,699.717581573891,730.726263024692,679.085649481496,606.041560141577,568.225047842571,702.780858976513,632.093111613632,648.411407156386,636.219973852247,558.343484717478,614.941671144282,628.407358903788,582.621250399618
495.712812816511,689.207299538735,699.468760633853,730.726539052972,678.88701854925,606.089995884004,568.033977328406,701.842348819605,631.876451930467,648.291816486896,635.885822653837,558.300643274513,614.58272228455,628.475815026946,582.597909458547
495.402694179541,689.170606101196,699.226318546346,730.748296558397,678.697926744142,606.118417907154,567.840468103711,700.97938756464,631.662562955327,648.17404039339,635.56955034659,558.271092264075,614.225828603228,628.550822631688,582.601608344574
495.005521697014,689.196887989076,699.004530231263,730.774683561782,678.510208367463,606.134407348458,567.622230905684,700.32207392074,631.404225643045,648.039289629982,635.310752101916,558.251161348878,613.884516709521,628.596312497242,582.602906455762
494.538190751881,689.277718118097,698.819240752033,730.80588645106,678.366936645991,606.137253237758,567.355239912151,699.768872815139,631.152774097561,647.843118709113,635.034047357249,558.231113232114,613.558680463543,628.672777128205,582.589248853991
494.043814588562,689.348168062573,698.653659985946,730.811008694355,678.247695268501,606.080949670103,567.08054293486,699.254850330669,630.913743294796,647.614074896043,634.746797450155,558.209915542052,613.218901293875,628.709177532577,582.58936927852
493.579997581024,689.418069432685,698.517540591891,730.81179654771,678.119708554108,606.008551301122,566.803613370805,698.755891504137,630.679658950971,647.377958937328,634.467053534968,558.18928768472,612.861126705955,628.689077261447,582.588699511953
493.117039791705,689.479521737662,698.434746495695,730.807775826987,677.995455320336,605.924173246462,566.592126849499,698.272000180179,630.434604521559,647.130981738874,634.190198886997,558.131651944231,612.506612561338,628.677455239245,582.574476459329
492.761666544042,689.555446016227,698.400684411611,730.798655068734,677.899197845502,605.834772516497,566.404796712006,697.770502699388,630.206205134636,646.873743403697,633.908754979818,558.060669480797,612.15806888948,628.671077397113,582.563962613675
492.473714708328,689.637322457398,698.305110825496,730.787564267086,677.813716908725,605.72169541105,566.246712037186,697.012680278261,630.027260207123,646.657579303823,633.652551084201,557.96085720054,611.805356441096,628.644628156999,582.551248687702
492.442639712046,689.685496962311,698.178506778481,730.78248901102,677.73619480793,605.611493968109,566.098469329183,696.141258724415,629.862883039617,646.407242211456,633.412425608156,557.871127792626,611.447632756052,628.621055154975,582.545172071248
492.432491812211,689.738682655938,697.991563659325,730.763430248283,677.661473086904,605.502996392733,565.940840262748,695.271806289977,629.764240724885,646.19231663216,633.134003986046,557.739531613637,611.080912184913,628.577763258632,582.527659616884
492.450936142024,689.749913772668,697.81079901719,730.747684477735,677.577408990011,605.398805353462,565.776560107544,694.444424293626,629.675063207286,645.976381896931,632.87599761337,557.60841946093,610.723731670989,628.526769290369,582.491242964832
492.448010125718,689.756224388811,697.640834798083,730.745787812687,677.439624755122,605.257384896116,565.605986383456,693.622610309149,629.579497214495,645.752374989404,632.677240923556,557.480996360643,610.362947190154,628.504485267204,582.451098036702
492.412079612523,689.754600293775,697.428843504705,730.755747845894,677.335004268734,605.09536819134,565.432502824726,692.866234054506,629.514557851888,645.578382989259,632.483446555062,557.367185064151,609.989560895569,628.45144190567,582.41597100218
492.336795571976,689.75891078786,697.1625978354,730.760059099503,677.226427614828,604.942974151269,565.277408553046,692.197777599553,629.436164401091,645.436296755335,632.385134862684,557.266149058745,609.614318298289,628.401005110895,582.402398621187
492.268221733296,689.804382295819,696.966211001299,730.739165645557,677.109934631264,604.778148795965,565.172611720489,691.628866632819,629.36333479734,645.282653392436,632.295382077382,557.167713360325,609.311884353577,628.342133911463,582.379252196507
492.12630901629,689.841963772882,696.765060043764,730.705200398725,676.992430992013,604.630567795655,565.073412730555,690.929245516168,629.28865144972,645.122431833675,632.232414484124,557.075186262463,609.010424300744,628.3214981969,582.342142289001
491.969865047634,689.870312965708,696.584491277175,730.651823160702,676.792487313082,604.499473656729,565.027661765122,690.264473628325,629.220953869639,644.946825031193,632.190014864576,556.979994468586,608.70161049781,628.286048738146,582.298704577465
491.785823883065,689.904550445169,696.429250038156,730.590348768773,676.504336025634,604.361279120794,565.021402941373,689.715587458622,629.176839183008,644.768747825653,632.25384677819,556.870115296928,608.391945574183,628.247593544449,582.23369172577
491.592584694986,689.9383278773,696.301387109306,730.499534948936,676.266499590955,604.237712917432,565.078846675853,689.118633120529,629.135757841917,644.561919728544,632.137387684978,556.753138549849,608.091940096943,628.210402334824,582.158663088257
491.358163459326,689.955281668311,696.230191729626,730.398674247985,676.147439039117,604.120916459809,565.105134945121,688.628472735421,629.10225581807,644.33364487641,632.057149233321,556.615053898624,607.790299698214,628.188471688026,582.074000511197
491.164549055896,689.965285002058,696.22242924237,730.255673658708,676.02134266474,604.000526322595,565.117177738532,688.198369196876,629.061924165064,644.080487761544,631.98105973083,556.477961815511,607.490466057649,628.179346622597,581.986148597689
491.020324252226,689.983445067421,696.199770811758,730.124571033828,675.891685381524,603.905532748789,565.120712743081,687.795032989096,629.034652917534,643.860234871016,631.864962601922,556.342022869536,607.193986876986,628.176795085207,581.889648556938
490.865472014781,689.993713704387,696.226576848934,729.93639199718,675.752915299435,603.83015962826,565.09284006058,687.728308222322,629.101868622157,643.556924825446,631.643845490074,556.220496030472,606.891352768573,628.145263442607,581.760218896505
490.67672874023,689.993684796288,696.31877183558,729.744122188433,675.611110539268,603.751641611476,565.041154541462,687.623154453253,629.15596876484,643.221247195796,631.546179439442,556.097112210949,606.577784940416,628.093246504518,581.632981816837
490.433679465043,689.978987469741,696.474066480991,729.543034515883,675.47051443223,603.690452184425,564.935755261045,687.422527168343,629.141748855595,642.970641285532,631.504008595611,555.967066977185,606.240794874704,628.038535097789,581.509153699546
490.171250635461,689.960229331994,696.577079638073,729.356407467316,675.327180969619,603.622862368681,564.810327793836,687.018249986864,629.109633544977,642.723461468034,631.543759087741,555.841364470829,605.95431374342,627.9773120378,581.354332330937
489.830915042186,689.946278122318,696.337630741307,729.183116059119,675.234627591132,603.557014422874,564.689075456985,686.534195950918,629.076302492806,642.441017879317,631.578911255016,555.733024185301,605.750093598386,627.921183596319,581.205579993988
489.393780586916,689.934162344098,696.090155950716,729.035570116296,675.14144194403,603.510178259656,564.593171143871,686.001892559132,629.02207833419,642.115091012023,631.628653660953,555.633632597422,605.554761272068,627.874541800253,581.048066375792
488.929959754977,689.914854255547,695.844547689014,728.930918554019,675.028216699537,603.478377494562,564.490331173057,685.437438358603,628.937160308179,641.864958609403,631.669356727464,555.535503282859,605.242309616212,627.866968978995,580.881636589346
488.404543808702,689.899370350231,695.604947788508,728.853593864133,674.927376021888,603.443299727891,564.395525651104,685.231717287814,628.778991196506,641.612605579469,631.714686599992,555.424486911888,604.931249723652,627.850043477166,580.717904233627
487.824312352395,689.873305065679,695.332929033338,728.803628102213,674.813919125888,603.428769401106,564.341332241521,684.559143830955,628.595679151949,641.342863098517,631.743743767878,555.307041452132,604.627506016659,627.841485063301,580.572200854649
487.171976667322,689.809958636022,694.943077099681,728.790132822853,674.908305268928,603.443156543519,564.240607896143,683.944015303388,628.423195613649,641.041416521847,631.730828161498,555.197097384895,604.339666444028,627.837523694631,580.426145242822
486.467122059372,689.728039704401,694.540598299497,728.742312112741,675.00326814538,603.416026183747,563.981878172024,683.369676724548,628.265766069902,640.713917085967,631.696400445933,555.066560550707,604.073966008624,627.840885222227,580.285556273116
485.899872717449,689.635865723999,694.134068831629,728.697716083368,674.873322884044,603.384840265358,563.70723427599,682.690751889431,628.111288788342,640.376927420844,631.64638841013,554.924360135191,603.79960997802,627.839992239682,580.162221782765
485.347080263771,689.536489151771,693.758908879418,728.65742881513,674.738101517901,603.349503289742,563.367000043069,682.271420597492,627.964558664805,640.003850059484,631.571513500698,559.878302308794,603.528578940168,627.810992801551,580.046763872711
484.836065633701,689.414847772947,693.356167869583,728.61886799315,674.596016184811,603.325392224272,563.049819781446,682.068144379077,627.815771436969,639.577910501534,631.482954092466,559.778539205698,603.249398554375,627.770883777448,579.922465671478
484.354507210562,689.290413547358,692.919002142487,728.563719656078,674.4293805683,603.323521217482,562.788833650038,681.730138607487,627.689629223359,639.148843408938,631.340834844043,559.682180431735,602.966672483417,627.720418997135,579.800925865056
483.936206794829,689.15792076618,692.424524576351,728.493351025933,674.261410895712,603.309207062218,562.541624978719,681.330509672124,627.524298323,638.691997457453,631.148183910871,559.57569913843,602.660316787174,627.659206863342,579.672799082848
483.517527581694,689.087389444926,691.819258762142,728.416944304478,674.112679833853,603.300194775283,562.221180201141,680.817621880968,627.359004304296,638.241968290628,630.948241665049,559.460486022031,602.357173070358,627.625440346924,579.550668587965
483.057546611242,689.026069220739,690.856097649731,728.331708954497,673.982316608609,603.298556948962,561.834326849532,680.171939796248,627.145275558598,637.800574765818,630.72494586664,559.339072426182,602.066230198414,627.59036903714,579.433292153257
482.619731868913,688.97585686745,689.946058150274,728.243913593659,673.824066549391,603.309728962435,561.435494894279,679.623494472047,626.903383138414,637.384565374964,630.490218913889,559.228246346004,601.724016791271,627.570473256605,579.328501463346
482.349189765811,688.959759618104,689.249370208915,728.185782706364,673.669041258525,603.31245635643,561.048912243313,679.188354916223,626.607750563268,636.973367813793,630.766509057938,559.127178181978,601.37503663799,627.549843508525,579.227150298783
482.152985038051,688.958001424189,688.54733971108,728.132304284106,673.495723761996,603.341160919894,560.697678407709,678.700760087269,626.287211823258,636.571569976987,630.498276966125,559.038586076684,601.041551373291,627.527049239406,579.12545314776
481.940187129703,688.958373883302,687.871486690336,731.095670211544,673.319621497078,603.432577342099,560.368301585131,678.440894955718,625.924149243899,636.183034294171,630.219062959715,558.944670910267,600.727210235664,627.503939351092,579.025324473806
481.756927923504,688.955026153179,687.232226667826,731.070987363311,673.138032005376,603.504041343838,560.108684906916,678.122680887445,625.548973327746,635.811582524108,629.904246538904,558.882193443071,600.433830348121,627.485438978184,578.932473969161
481.610990414859,688.94718548996,686.613922817909,731.004874925374,672.961246096635,603.556318448763,559.873567403306,677.83685871056,625.119287900453,635.476042954436,629.57760332384,558.815549062037,600.144549047938,627.482579901532,578.846733448059
481.4884063456,688.948414197739,685.951024138934,730.932225680766,672.768999764273,603.597112402123,559.639991068743,677.399037350696,624.676624499226,635.173253498783,629.29751801257,558.736417850469,599.850580745514,627.474314123664,578.758834653472
481.369907592562,688.966023519499,685.538518380071,730.852757265794,672.560486123478,603.671450688064,559.379595113916,677.005524678355,624.223430067944,634.860509826689,629.00680298942,558.658243399567,599.564164926602,627.453193255974,578.687029914111
481.345736283258,689.008726109106,685.113179748595,730.76837304069,672.319437653282,603.757319409427,559.191804225722,676.608313226579,623.76285797038,634.636807441027,628.676575625912,558.604783252306,599.281997592286,627.446138161582,578.589223876638
481.373913842084,689.054451752886,684.665402452002,730.665718543429,672.066381847629,603.834287416001,559.075154167748,676.249293225494,623.303604455956,634.343286551427,628.290638642131,558.553431985098,598.994141488101,627.439954209719,578.492078537484
481.297291561881,689.123812651704,684.216032486914,730.565020407423,671.819194236259,603.876694725805,558.908352599512,675.815679102892,622.850649660924,634.064873280425,627.91301183075,558.504564638788,598.707801060124,627.44167338975,578.392139763822
481.174303088442,689.21985836888,683.750395916657,730.464696504023,671.571404261478,603.888111878563,558.768977651009,675.417433476966,622.403972381978,633.836755013122,627.545264735463,558.451007126561,598.439412218576,627.447183739329,578.254443527484
481.045024734111,689.307962850437,683.24610087241,730.341924740543,671.289184193075,603.830427318632,558.588214598817,674.954006743237,621.993571632811,633.580835165635,627.181647061005,558.399097650009,598.216941510242,627.452986606619,578.091024073578
480.876868699284,689.37767662388,682.679177451542,730.219013401018,670.994925793429,603.75761792938,558.373364288752,674.701993758999,621.60696660556,633.260973694811,626.875278095398,558.363406327422,598.011067054863,627.467612078097,577.930968561728
480.915184315851,689.440009470717,682.159694837024,730.103095905116,670.703213086248,603.719369891122,558.143265014349,674.439513725817,621.247262606224,632.966035402065,626.587813599123,558.336081624057,597.820709342157,627.4915169536,577.766760309545
481.021138825634,689.514591994421,681.644437417183,729.978537774838,670.412197328909,603.686650397943,557.857140384889,674.260109170497,620.89958251166,632.69668719125,626.275911067922,558.338002490405,597.648526454005,627.5059996977,577.638364329435
481.129720212453,689.590002680118,681.111043129678,729.849368774364,670.112415241419,603.666026841672,557.586237753773,674.227365605552,620.582119411035,632.456542776248,626.000429076119,558.351527233726,597.464712236298,627.526722125218,577.501386962996
481.170364835499,689.65476885258,680.561127599235,729.679325117926,669.820065413886,603.636553460981,557.267892981447,674.253678312859,620.260569329069,632.185618299455,625.716348937817,558.384258231548,597.247142694332,627.536738385742,577.372475630658
481.21554770645,689.708120963227,679.895122444528,729.507276002748,669.528070578181,603.602817566228,556.974273976144,673.977433712313,619.929191188167,631.919494346856,625.493966554742,558.435921776383,596.976891135886,627.54807305213,577.250076392201
481.235871697287,689.763626332938,679.368791448751,729.34268320074,669.229072915164,603.559037797266,556.67832507378,673.504472986088,619.594259889295,631.623294437019,625.290464913185,558.487337742424,596.704090654021,627.575364816347,577.132837015511
481.268906535315,689.832381704402,678.902270518821,729.180976167113,668.922006614513,603.529651368822,556.3511512901,672.959977734507,619.242208332637,631.337965888913,625.095163701801,558.528909082934,596.428287669041,627.58843383528,577.012149814981
481.264090173832,689.846828027046,678.42251962211,729.021303831334,668.59085291197,603.483279985892,556.07842004383,672.356272349835,618.953177268432,630.985465682411,624.833772994536,558.585158249902,596.143857801133,627.611733778764,576.890478098017
481.228767912686,689.867096581716,677.959996777531,728.854203423362,668.259458508791,603.441491895065,555.790304162387,671.702022717679,618.688805931767,630.611556804654,624.54950840288,558.630660114454,595.848926627127,627.614745494974,576.768531397103
481.225022951542,689.820972062038,677.480211738852,728.689073788263,668.046591957549,603.39996128597,555.509469266556,670.965682356398,618.435338038645,630.219289892703,624.24914034368,558.646494972348,595.55741553147,627.603705690823,576.66329052109
481.156274815499,689.734961486633,676.967707028272,728.521123614654,667.715781562806,603.33592617423,555.143024922994,670.21499355096,618.197347910952,629.77463455568,624.013117995676,558.661924322111,595.272450331676,627.580088222865,576.557578530851
481.119825762304,689.632197950001,676.45180712101,728.340345362595,667.380367375903,603.260142156604,554.747745204255,669.461155271701,617.967876042645,629.35668094012,623.785822340977,558.677488985389,595.013437068241,627.554443457594,576.459050515888
480.975584998081,689.519460469465,675.8934625521,728.147683241256,667.015398010353,603.216055662274,554.364221329597,668.739606667021,617.721123380519,628.938476810921,623.617144799348,558.683303526514,594.762575357823,627.527856206934,576.337257274907
480.723975610325,689.397672022454,675.355894993912,727.968264726907,666.640285592248,603.172457507357,553.970502328064,668.075533448896,617.423503955593,628.514087350174,623.509149173675,558.712151338672,594.519726464861,627.48715051317,576.227083334265
480.544654759426,689.284727738868,674.825690607864,727.780526560414,666.255547429973,603.149409506478,553.574962454602,667.445295855137,617.118759189753,628.105894517695,623.366590082773,558.726966101215,594.284862328862,627.444003747135,576.122176343423
480.366203562604,689.197934848715,674.471614876609,727.588392360403,665.866336213299,603.125989272206,553.198757363903,666.786613180228,616.799834046483,627.695823672332,623.203060245023,558.726666703267,594.060830057034,627.389874519613,575.994927286718
480.205634690739,689.120416527989,674.142603997586,727.390535643561,665.47210902386,603.119202377416,552.854764202592,666.197174495975,616.46295686873,627.29420327246,623.034256212055,558.759096154543,593.843891789409,627.33168324702,575.870228751058
480.005144971731,689.071660210418,673.821596637135,727.179960208623,665.068072150431,603.122581078901,552.552274409526,665.50967902051,616.115278611938,626.885218430765,622.853427919646,558.79237616096,593.637177730102,627.264305828272,575.740719016929
479.857049866045,689.039091581145,673.469428773991,726.965759842449,664.66571739144,603.1533544294,552.27135710293,664.863006681937,615.754159611571,626.458526949986,622.694608942129,558.828198721768,593.437580493501,627.228617660388,575.61536802361
479.666212885916,689.008225189152,673.088306998602,726.763745773697,664.258752275734,603.153373713461,552.023099561897,664.217753804461,615.358844905977,625.982747099978,622.520179004913,558.887832503919,593.245414934227,627.187759675523,575.468414273223
479.388546812024,688.954141733844,672.69486788666,726.549456153689,663.863775217762,603.121645847228,551.782478456306,663.612691969518,614.973088258673,625.510015594744,622.310953128243,558.954851124419,593.058151127567,627.128819281906,575.339507824852
479.090331884427,688.92338439844,672.210882884041,726.307380414702,663.487769927427,603.094234922925,551.572855057086,663.048129409699,614.588689448523,625.100086798668,622.052882595508,559.012209073151,592.873389850284,627.068136328163,575.21178612159
478.767701119711,688.881981403789,671.746296860754,726.043736060941,662.599029195495,603.078775479803,551.387141841309,662.866287683046,614.193470769075,624.730658333189,621.804471518026,559.072711673766,592.689188865263,626.99991056715,575.082682180357
478.402684759858,688.815681201095,671.285939335673,725.762491495603,662.21417063605,603.070900698247,551.229739501554,662.61882624147,613.797788438457,624.364263467034,621.561008244009,559.123475608075,592.498282233729,626.934759863163,574.961626567859
478.011681674679,688.736146252078,670.868816123581,725.465207669086,658.673561214214,603.080241258653,551.070973667209,662.458837224031,613.383484311505,624.013460475548,621.359151977091,559.171751059652,592.309780790993,626.871433281473,574.825456678881
477.585237744298,688.634518971158,670.442311184236,725.148119960269,658.290049833641,603.121276084034,550.914172740721,662.43186534135,612.937585918093,623.665080599456,621.184820654506,559.217862021448,592.116548818819,626.823098776698,574.703782121952
477.281406265358,688.514747764686,669.990971760365,724.816656751089,657.863973459337,603.176861231732,550.73888637162,662.449554783303,612.493338366224,623.332791463594,621.082860195852,559.24904379571,591.919012949731,626.818373964217,574.571544572677
477.028658292145,688.385793123985,669.572827573972,724.469863971111,657.427949713579,603.236335202085,550.578737955362,662.354328663373,612.067113536892,623.011866627443,621.007994152579,559.255198358344,591.723223466028,626.830287287802,574.435983367408
476.747562090301,688.261717557254,669.257973842987,724.120738712931,656.981980306796,603.282741756733,550.42460106054,662.41107872346,611.650530824746,622.648018796394,620.928360995353,559.246400125619,591.52743434002,626.82684991943,574.304638516914
476.420512428367,688.14549885187,669.2222768744,723.768181218838,656.530130394835,603.301853575653,550.3193736258,674.220947123255,611.230751676105,622.340753370178,620.8739119339,559.247921384285,591.323994847485,626.823138410506,574.17247380292
476.036371415818,688.037553901405,669.188228796752,723.41533883289,656.072927919261,603.272489602508,550.21278105097,674.268294727359,610.80635875979,622.034454861761,620.870991764676,559.241427688188,591.115811446509,626.817978474663,574.042865422981
475.724686829312,687.930568668043,669.02774306992,723.061098995086,655.620219894123,603.189088012357,550.071021432673,674.308283959296,610.323434275072,621.728528023238,620.879430596036,559.242160066093,590.906100057416,626.75529870946,573.904314471685
475.418472775224,687.825928755805,668.777021605732,722.698109911837,655.280968221616,603.091009445607,549.892381969394,674.507327592067,609.785293417526,621.413086762715,620.906666565344,559.263278793255,590.700472441969,626.74692841636,573.76033597727
475.134715860685,687.732849402087,668.446986148674,722.307775081703,654.964920598448,602.986102835223,549.687361807528,674.702199456908,609.249495663597,621.089141027132,620.885253264787,559.294481052609,590.481439940994,626.753261374145,573.619137527
474.887753562092,687.642259626108,668.16757659798,721.910582315589,654.64592830816,602.867685388864,549.501694831318,675.061144680647,608.669424081463,620.794480827533,620.84161975365,559.335499151459,590.260089471952,626.781071324929,573.482721727965
474.642961488908,687.511245295714,667.833041443525,721.494543421633,654.322460244152,602.714782992366,549.311574994112,675.42325464748,608.068387264354,620.517801300956,620.777371247258,559.368998805341,590.05295068322,626.824518081639,573.340651073019
474.423775512218,687.367607372383,667.768141781606,721.056946334208,653.993018965167,602.573538332933,549.10061548234,675.701383671712,607.381417574202,620.202524017265,620.680629050547,559.377978127846,589.85792910298,626.868164641182,573.148532673364
474.246760089997,687.211200778165,667.628010901548,720.594083898347,653.552967528115,602.437142108583,548.864190064869,675.912053799084,606.685013205979,619.866043892259,620.547873266081,559.359101006837,589.682181778556,626.934926996467,572.930944685466
474.321190514747,687.030880317531,667.453399084976,720.103609919079,653.172444857604,602.301203772662,548.638879259931,676.178817518538,605.992660500391,619.468860551282,620.389031964529,559.354563045546,589.493331856057,627.018917918783,572.706021238336
474.451593764739,686.854018793708,667.250427884269,719.589555431313,652.776804831282,602.17839737133,548.421596582384,676.349634106977,605.345580575802,619.047572446432,620.181140702269,559.332556963566,589.312109347091,627.107648558317,572.499035391917
474.611877196847,686.688011800245,666.990859288372,719.034975491494,652.377864230204,602.070040815665,548.300890888319,676.419516354751,604.72733219118,618.630169793077,619.990092577624,559.277302514368,589.105540620794,627.161007608811,572.297489170463
474.522080544152,686.537079799934,666.846834944723,718.433131841874,651.963855888471,601.965616834016,548.245544257696,676.478686663815,604.092021973628,618.190398387194,619.81558583902,559.209259095401,588.88773237081,627.222083312866,572.088581993884
474.398586770704,686.43409877201,666.688417986519,717.794798725438,651.532599437998,601.817883687765,548.236324319083,676.573865323902,603.434624767943,617.757034533298,619.679049117539,559.142521796762,588.657336151415,627.258063927625,571.84489553613
474.320533518776,686.34480999436,666.404375877375,717.139130420141,651.095532214321,601.642793293965,548.243138586203,676.627343710579,602.789301569931,617.311044475818,619.539068577967,559.07199115722,588.415755515933,627.272710289772,571.603387036273
474.227046425042,686.289985226745,665.803597167541,716.471025094422,650.636125058992,601.450728452222,548.208289803017,676.644931071136,602.132518638695,616.871842344169,619.414260072437,559.004987901223,588.173297221439,627.294776530386,571.364815359514
474.0809582876,686.24646628774,665.125945961261,715.77953006731,650.222444270436,601.255557799159,548.086497248635,676.822757342441,601.391512334731,616.43974682293,619.257558151782,558.939348157894,587.92565669124,627.330454790344,571.113261480035
473.895022200871,686.205131553631,664.459396811098,715.074287834155,649.594177200186,601.078627351116,547.934480495908,676.991876656318,600.628018526934,616.024870674584,619.074159379897,558.887920903828,587.669793061813,627.368271166408,570.847089985615
473.67098845792,686.151919354598,663.759814551362,714.383166487231,648.777325535898,600.930325877522,547.835320116055,677.186270222653,599.872017341058,615.604419320014,618.932964864567,558.819185156112,587.385813020322,627.387698135562,570.593143936441
473.362230688061,686.092690160999,663.092970113146,719.696155242531,647.891707771693,600.805919915577,547.731796102584,677.27281870711,599.125929720179,615.104383029346,618.227715712063,558.755995683746,587.100771795377,627.401417876379,570.338702383314
473.000863421766,686.04712043038,662.497774074896,719.347788229621,646.965688601949,600.696825948212,547.600027350887,677.327413099786,598.386634588633,614.628175644347,618.133522007111,558.67638615854,586.806883071978,627.402929332012,570.067262985714
472.600580863185,685.996337993359,662.004086592862,719.008929105057,646.363267078699,600.599260999962,547.493383351107,677.300594737847,597.645341015454,614.257795282336,618.075265868341,558.5970413036,586.508947117831,627.436461971569,569.785815369598
472.198964478098,685.945429182665,661.613654979822,718.677618986959,645.718967364351,600.524757661864,547.399080187893,677.098793554897,596.899197824896,613.913740323347,618.060314669255,558.533121943747,586.188632070335,627.468394918245,569.512873162696
471.929567643682,685.898153904595,661.336378610822,718.368623974518,645.051182222042,600.472297129988,547.299762121546,676.878619692776,596.154472718255,613.547864587433,618.061755483345,558.45569134726,585.860408295726,627.482381888347,569.264784514152
471.330956165771,685.806715850435,661.179859115249,718.041180404087,644.357097275578,600.435793206542,547.209272457051,676.58689722647,595.405289026433,613.155444968959,618.071774486707,558.361944940325,585.53082920046,627.510310178884,569.006845671625
470.79825321478,685.716850534742,661.05596331655,717.719905865843,643.648046487087,600.3594713791,547.151352858482,676.158957466025,594.647155600897,612.741655197304,618.092862271021,558.262266961017,585.219746878214,627.563272236029,568.723033690152
470.284196263223,685.635650591246,660.92153288361,717.398371711323,642.924924554573,600.278062553585,547.114063467062,675.767732127011,593.855720036717,612.311427464899,618.120716442157,558.16617573039,584.906843396364,627.602438790738,568.426918546336
469.898621681044,685.5568937268,660.70539273918,717.098572239944,642.20198215493,600.189219638584,547.087475213108,675.322558923584,593.026665904114,611.852331279104,618.139508029813,558.079561583873,584.590774449212,627.650268538494,568.139295866344
469.609028482913,685.485274110873,660.478029645238,716.800334349281,641.48400150919,600.095953991385,547.015451077423,674.628054946432,592.117095884104,611.362805672403,618.10559952783,558.007406703844,584.320783056127,627.679722727216,567.848950148399
469.440529454935,685.410620473644,660.302039936542,716.503837932755,640.767892185234,599.986773188712,546.86580247065,674.059281761157,591.156946502078,610.881857589811,617.913972612903,557.952767466872,584.066713318271,627.700721813206,567.532523958561
469.380504836586,685.335916578953,660.137952331034,716.20275511125,639.91380811162,599.899924625125,546.718600979005,673.389583182488,590.130425259595,610.332831655476,617.686802235118,557.882144478961,583.850464771258,627.721049161487,567.21489170249
469.397363740425,685.228079281981,659.895649983945,715.880005174973,638.964002090887,599.870612990441,546.61243969005,672.562379190275,589.030421165601,609.743206422403,617.459034517736,557.781547761073,583.644576612882,627.754858253987,566.896515825945
469.566700860242,685.13894282982,659.640272113417,715.570023569028,648.136241933076,599.8264418641,546.525347169242,668.980647538717,587.874285666038,609.157097695524,617.229767035836,557.681283766843,583.457689692983,627.790382260748,566.569724142353
469.636396882742,685.063714898523,659.345116824618,715.265866815749,647.462472152306,599.764171538086,546.350224931818,668.35648961862,596.637417517667,608.574407020009,617.063463316157,557.580824908247,583.283922664446,627.846196138233,566.24146508571
469.777715341724,684.989096994047,658.994681551166,714.967770584503,646.620931577043,599.735068545308,546.132264773527,667.800115212293,596.052033323612,608.031106175516,616.928596710554,557.47662901327,583.111829260242,627.886153605519,565.911631742381
469.904596757465,684.919558023123,658.663596642069,714.705988874817,645.903143397658,599.691219597671,545.908619426225,667.073572646115,595.408592125617,607.517680319333,616.762157587202,557.37839831898,582.952926588254,627.92809105427,565.598504173392
470.16394473154,684.833267639323,658.393456996095,714.388815068465,645.130883157566,599.626626332616,545.661555723479,666.306302770401,594.702031730784,607.000687738046,616.59266689641,557.264158793344,582.806664386218,627.963342265747,565.287736508248
470.411526762532,684.696972501023,658.191069560929,714.05823956443,644.296598415006,599.536144463877,545.385720809181,665.540746106843,593.977414056121,606.438770928351,616.434423990814,557.149466435255,582.658346113781,627.990882092525,564.976570293272
470.453884096632,684.542416940206,657.989797457493,713.737469170329,643.345249906754,599.421673219746,545.10891122129,664.916735907082,593.211460757365,605.934814804237,616.316194834299,557.031840968402,582.51802108535,627.962125378585,564.669764663577
470.494548923545,684.384138327622,657.804185685183,713.430330722732,642.301289757854,599.306625281301,544.84121715367,664.365394189996,592.4108983086,605.450081559846,616.226160849652,556.925312840315,582.379352146426,627.919810155807,564.405840037604
470.53222230923,684.196625254553,657.60250173734,713.115941363818,641.22237050924,599.194883660236,544.562911217016,663.929963268664,591.574878246431,604.996831328537,616.100364530115,556.828990344915,582.247632702249,627.89742167473,564.137951458098
470.569845232216,684.002541508575,657.39379764346,712.802155510113,640.015327936317,599.090084107949,544.290044725768,663.438051325422,590.712450673514,604.583174386294,615.965736562173,556.736966632831,582.108781525407,627.875525077874,563.852080393335
470.677881084834,683.798594623723,657.232870640697,712.494541104807,638.737269440158,598.969142466025,543.994124511785,663.098163928965,589.828088659624,604.192203356682,615.772414222713,556.637696848464,581.976855606339,627.831691189549,563.559556378124
470.761524414521,683.602435506994,657.040332855561,712.185439194709,637.401156605394,598.850950016586,543.687698214098,662.606919877096,588.926205449598,603.849680719625,615.609015980047,556.548852126059,581.843347652314,627.788500578041,563.273269669026
470.870500786821,683.40718143983,656.736568471799,711.86627822597,635.893872708304,598.744164392081,543.377596558516,662.179742801522,588.010476738981,603.535951852114,615.470423503322,556.446113290193,581.699890971935,627.75249880518,562.986940511271
471.059063275198,683.217165143061,656.399752859435,711.563862523553,634.184173111827,598.617684968763,542.339911383515,661.740569159765,595.293592098202,603.26451810503,615.349140465176,556.348054343409,581.542252214266,627.731768679011,562.708747418346
471.163916908183,683.042520069892,656.017677672467,714.440613067427,633.236506938534,598.537525970375,541.92816028919,661.383614389591,594.744553489512,603.014693170045,615.242839608705,556.245644273378,581.384992789271,627.70443136806,562.4065137487
471.306739504556,682.891415011513,655.577652063113,714.24567032449,632.239009045358,598.432153435985,541.505468129042,661.019721312818,594.208652652572,602.670621507044,615.219459419634,556.154227711189,581.219510704861,627.674018954361,562.109391941319
471.455694403905,682.773081622798,655.059045670473,714.022020947911,631.290368446463,598.331306322278,541.071681583918,660.694698162645,593.674627743882,602.286343390024,615.172591180789,556.068824354207,581.069964273929,627.645788105715,561.815808393765
471.611945875493,682.725478053484,654.479219372416,713.753467365031,630.351490289758,598.256682775457,540.713686054433,660.366404366829,593.153384980514,601.905087930508,615.158572245421,555.983816168654,580.919037316008,627.610983254643,561.554538573037
471.648234755113,682.693862885446,653.907622488773,713.425815588118,629.425616646418,598.160518491525,540.343591361923,660.25208135999,592.724381849889,601.530771071253,615.166110205308,555.897510198491,580.729765229976,627.585778554381,561.257903944276
471.624130647593,682.667760065212,653.375099654605,713.077274853154,628.52050743095,598.057812275402,540.065713232397,660.299181309175,592.310919761665,601.181263596577,615.141488672521,555.807204649808,580.527326928143,627.529857600504,560.958353729009
471.414890111435,682.647295316055,652.790296733499,712.682462440551,627.64020872201,597.943672649922,539.70164062299,660.685463144641,591.900622176303,600.858929117382,615.136813518603,555.719065971702,580.308881930855,627.554311846975,560.728254663886
471.224942237239,682.614967647415,652.182181047385,712.238064098107,626.781827732801,597.824553685749,539.306301362246,661.081153144839,591.500087937201,600.505218949643,615.100337069276,555.63813149712,580.077356293016,627.467926866941,560.526678037769
471.053441395789,682.594156238926,651.526205209025,711.854136376124,625.902407240831,597.691578572594,538.916557218891,661.296763628743,591.146991944397,600.153846399518,615.03404692243,555.562336500241,579.82758374293,627.370593946223,560.289605209062
470.902369884176,682.575541022071,650.885678991737,711.441882738357,625.044416158662,597.566734713048,538.527394226589,661.367668448991,590.799565223756,599.794042455596,614.994990575493,555.503359359116,579.556285245174,627.256998860297,564.981244631829
470.785661455103,682.570545860522,650.333786320284,710.992780816288,624.207881800816,597.431122671228,538.179235102111,661.178276822594,590.435403058898,599.438362669014,614.932350324842,555.439187824188,579.287787565969,627.142148995488,564.80184306325
470.660490033204,682.548335758328,649.809900874864,710.496127770589,623.417038426003,597.315308249732,540.974446934784,661.054586046963,590.033617162256,599.036492722811,614.909168462441,555.389618189722,579.026233697508,627.013144334374,564.597899858801
470.50152370965,682.524966534974,649.298072868143,710.014168324326,622.30361249513,597.205624569512,540.595344896828,660.910155711446,589.598309482123,598.637759487069,614.87897118265,555.334689538743,578.761030739808,626.907494265691,564.397706953807
470.353900048382,682.513796376965,648.854940327908,709.541356768813,622.013536183135,597.064362592311,540.16785806219,660.666169953062,589.12687752615,598.220394797214,614.90398553556,555.277323766224,578.487322652592,626.793674038889,564.200783576482
470.218914603471,682.508092492464,648.427717275644,709.073088287271,621.704109763433,596.912421172512,539.749191844061,660.409588359007,588.614450786254,597.707110581676,614.916772682026,555.217287515953,578.228334377794,626.687812711826,564.020717969623
470.049311980695,682.583728609269,648.113834386175,708.7064477419,621.368355983386,596.770940812515,539.428878688594,660.113229120797,588.038324326003,597.215409440315,614.883474468135,555.145373202851,577.996086514638,626.604666012487,563.839945854902
469.872234693599,682.63927154694,647.785047362135,708.410683325092,621.032129234714,596.653906189365,539.160590332061,659.555102475365,587.431912028737,596.683119491027,614.824905096914,555.061864833681,577.769601763119,626.52827171757,563.642897898557
469.730764877433,682.695911425091,647.504994616498,708.186643968609,620.649287756562,596.540112218018,538.919647110927,659.360103001388,586.779571571556,596.135996170965,614.760307279267,554.960996851669,577.54975536506,626.441090678239,563.447288101093
469.485174114977,682.756908748072,647.297363361692,707.940743340849,620.1214664327,596.405380171409,538.707975475769,659.037409982839,586.102584151199,595.582453156749,614.696940563692,554.856528246598,577.3344254891,626.403200024582,563.262265989326
469.204719319822,682.809959487352,647.09426442133,707.694874470586,619.662270537663,596.25492103181,538.4715393484,658.755542078994,585.382744268626,595.006216561898,614.605081144902,554.749378800506,577.12838451462,626.355551429329,563.086864089817
468.907085294918,682.807125459306,646.866902882012,707.452355946543,619.134420503672,596.128684040797,538.194095126685,658.586951832229,584.648098326766,594.448746147069,614.473808152263,554.645283787777,576.92467954672,626.299141906187,562.9211156091
468.447359711421,682.811411193564,646.734991071085,707.331952855744,618.551707006007,596.012379484761,537.940547834058,658.664180677621,583.886763741234,593.871322230129,614.339344056267,554.536412537957,576.711840896634,626.224597747834,562.704601794186
467.992171865124,682.805933699642,646.737405571492,707.232529464507,617.928709956897,595.902044273115,537.622490305652,658.770877964208,583.092256688967,593.286998095057,614.214895919681,554.435635137034,576.475660234167,626.139282746848,562.498514140602
467.544180636583,682.80754508143,646.927004356335,707.135312745857,617.234430579823,595.80978863237,537.279366691848,659.2261696504,582.246923591149,592.695498669367,614.104932618573,554.33746704719,576.24248157884,626.064625143968,562.303769899187
467.072927455202,682.801495732782,647.133626337353,707.028494274585,616.492442296201,595.722549514999,536.89034655316,659.982262669853,581.33106214475,592.103549679094,613.996768713023,554.232405526345,576.038014504908,626.003437423784,562.127769218097
466.644623631169,682.807716313997,647.334343519578,706.918573624044,615.723150831462,595.629586824237,536.513164809943,661.239517404203,580.359165620545,591.54032685903,613.849960153687,554.122026593165,575.830543917316,625.953443171229,561.968196350712
466.261250036158,682.819573315315,647.523446575004,706.806189152246,614.911071762959,595.527408862654,535.98418096112,663.304579075676,579.344059020061,590.99008721357,613.656138451267,553.993946963484,575.611146886048,625.907780499144,561.820898900963
465.885523045313,682.818980748475,647.641925382553,706.707847371904,614.110116480491,595.409416355248,535.410917643953,666.500186515698,578.29937287669,590.475389166442,613.412736511667,553.869395820507,575.400395622095,625.90086883497,561.683457289488
465.466441043549,682.826543410888,647.738070083002,706.611568617545,613.293633090972,595.274188117902,534.821677874995,669.689826049004,577.211180121788,590.0104853418,613.110067530798,553.743442666962,575.1853973605,625.898969610777,561.543594392648
465.065597029231,682.812697895345,647.774210728999,711.709454535335,612.467885121179,595.135902063928,534.195099699468,671.95007286952,576.061596381101,589.538667679314,612.816597173932,553.623007168474,574.960805896102,625.881788706169,561.409703196967
464.686345458431,682.799869360956,647.821698209729,711.689162830007,611.263575319998,594.997365616946,533.588201754796,673.739249491772,574.892538421835,589.064773877691,612.487218287014,553.504445460824,574.721935408031,625.89061251709,561.273976739524
464.291945596086,682.77771244462,647.864558333794,711.667811696236,610.365730402926,594.848853008806,537.333303838244,674.40325343827,573.689839538494,588.606534849624,612.180413807371,553.386699459297,574.456088056304,625.930514033877,561.137114849861
463.992743498189,682.706477410515,647.88778180806,711.628676129971,609.42939183065,594.731519836806,542.746726181556,675.214284271603,572.486921766124,588.167079109473,611.86714053182,553.280245551473,574.11678794172,625.979003461438,560.984903732753
463.858758190744,682.604789655866,647.840563285006,711.580938000445,608.464222339291,594.662104327021,542.491409284815,676.211713864957,571.31633227968,587.781719460912,611.564877115598,553.169409389492,573.768532944978,626.019629386657,560.800126969891
463.705574210875,682.480972273484,647.887244194666,711.528958399837,607.47109805571,594.594176225522,542.211225390538,677.094657027387,570.172111851497,587.421004296643,611.263770484392,553.026190185496,573.413512411226,626.010704417416,560.591650777465
463.518429507369,682.354386307929,647.922802914514,711.461692882727,606.448124775356,594.532815951809,541.847107495072,677.892124392459,569.065574916685,587.077539137354,610.948663808619,552.875711955153,573.044442367366,626.017518631537,560.353146854546
463.378858136285,682.237601815631,647.959786709292,711.378882196779,605.389761896583,594.480103736339,541.423662905992,678.59504985041,577.270360144261,586.777028682034,610.67138570705,552.712076870463,572.676704117303,626.038635892968,560.14700707535
463.204644695773,682.129763419552,647.954592216133,711.306864670103,604.296318951006,594.450101868459,540.997789434679,678.738260870944,576.622621512904,586.496559355183,610.409164625246,552.552488327885,572.310399411283,626.041166483355,559.938674312638
463.086912801014,682.043343876093,647.866904496617,711.236271596117,603.180866315409,594.439678776921,540.569769228565,678.914582884784,575.967968844339,586.216292241529,610.232751556116,552.368977785335,571.950323753316,626.070211277575,559.737261368295
462.947647494301,681.948662011282,647.499603582025,711.146303746369,602.142075763526,594.451082601695,540.111242484519,679.052813091261,575.328556122007,585.93293000177,610.071723786046,552.184830270063,571.59699958316,626.118428066529,559.530343403359
462.840837661096,681.844772228906,647.086477312862,711.027070951167,601.083701745526,594.453165732237,539.584919204776,679.121667756847,586.30114716428,585.645895175713,609.848192928796,551.998560341721,571.260092360468,626.180695510992,559.31927783098
462.704150425378,681.747383163446,646.471274287403,710.861671955006,599.977641765867,594.450520903971,539.023623924348,679.19994493246,586.030148427512,585.343910424522,609.679708120341,551.815837519283,570.926963968474,626.270507395306,559.103954812066
462.466999417932,681.635028343661,645.781615153672,715.361651046835,598.829528920509,594.456810375468,538.294633023681,679.252704158609,585.673717170771,585.038699604874,609.559320521366,551.608061830984,570.57628725044,626.36675396887,558.882645805504
462.234430508896,681.512116103645,645.039664106149,720.169642143387,597.63815472523,594.467942328046,537.645214271551,679.060488385816,585.270741285012,584.735457992265,609.425927615274,551.403722741566,570.229488146803,626.472099226581,558.657734751158
461.981362559275,681.369100745873,644.170774831858,719.934775777259,596.202688880714,594.496063760439,536.950474277472,678.880723805416,584.821260875713,584.415112580144,609.278716289749,551.207024765044,569.881374709641,626.565581795635,558.434270661045
461.971870971974,681.213602576897,643.339749601609,719.695415114761,592.740671048428,594.52749774177,536.198452556008,678.67034661584,584.340494830147,584.069425303274,609.107221223291,551.014348765166,569.534113049458,626.633906261989,558.214118198
461.954166411722,681.053894127028,642.360909292963,719.4539913529,591.1011232211,594.599351194054,540.5330184831,678.369229099604,583.815141609286,583.671494374726,608.966083940808,550.829184977187,569.165546477678,626.665854280688,557.972955903877
461.893418975858,680.897646287906,641.393713064931,719.231735185492,589.378882120684,594.673683609802,539.82268887683,677.814335707855,583.280500053195,583.265481449452,608.835131157135,550.638750198974,568.791729066421,626.712593949752,557.699587774357
461.846930638787,680.74759425129,640.548250444915,718.994158346264,587.522316082639,594.74201176339,539.059129870328,677.067616565662,582.715375145986,582.863977800548,608.688524394839,550.449444021192,568.414661433598,626.778130115861,557.417273482856
461.749847906033,680.603519633229,639.953807471871,718.713173659332,588.457077774025,594.814024647491,538.255952130844,676.246677808925,582.144271280549,582.466976499106,608.52164607689,550.255471182868,568.036442933171,626.860206609547,557.136505596531
461.620965915507,680.455539299993,639.502946653137,718.432055106632,586.680034592474,594.861609711432,537.443405662754,675.252142635438,581.499352115472,582.049198278854,608.334119539892,550.045935377481,567.658581611349,626.950034819431,556.849433740666
461.449855814184,680.320952984811,639.03792687499,718.205903688353,584.856748559533,594.911238774571,541.945956757365,674.309955893052,580.797577842382,581.623656886697,608.182126667141,549.856077294762,567.281952584339,627.031136514351,556.535557791101
462.755488256005,680.181333926748,638.605449195116,717.983566996523,582.369267980661,594.969154526053,541.104528965834,673.526947251557,580.065332848837,581.205310794579,608.040095390659,549.660480886948,566.906184115098,627.202966643744,556.220596297909
462.559014999378,680.023998963726,638.270976507902,717.762924187589,580.473268948131,594.994797318474,540.230810674993,672.987682986751,579.316547294642,580.790134409051,607.909553290597,549.453864217129,566.536018029534,627.305144100122,555.891118802028
461.994915724171,679.884518292816,637.859070454994,717.558594430924,583.88995754334,595.025278674286,539.3420692999,672.449346431994,578.567452413766,580.378474866395,607.830426853405,549.243673224663,566.191832945937,627.406242636497,555.546313901202
461.42489241328,679.738371843103,637.394721964774,717.347794888973,581.991845592484,595.032330704291,538.480516064136,671.94669521016,577.795508513984,579.988319304675,607.751743158802,549.020515131071,565.854726781721,627.495025304948,555.207080777149
460.857550876113,679.589337387024,636.977909698853,717.133106463826,580.025612808336,595.016893929251,537.610844207003,671.567414878695,577.028563179053,579.618660341611,607.567980210518,548.800456318511,565.521720724612,627.562212976433,554.870087729108
460.307543999719,679.423979430378,636.554847388302,716.919561761038,577.87702412752,594.996201030923,536.72039063721,671.160722812432,576.300177830686,579.262099216953,607.402436305014,548.58924000492,573.704493566098,627.62727497727,554.541845958227
459.78615826706,679.272858659565,636.155554379379,716.692886251367,575.680196983531,594.934577656767,535.912769370972,670.686884701718,575.481373187899,578.967205522326,607.251275022419,548.378883817074,573.544657417342,627.692020066546,554.222564978693
459.294615486453,679.115553124555,635.8307435837,716.487324052658,573.45282127867,594.876349930124,535.145704664124,670.197380768706,574.59835111969,578.689840822729,607.11261653681,548.115470707785,573.367327395822,627.740354230003,553.91626858352
458.800968191076,678.955516285605,635.501919218949,716.281057691033,571.198686888729,594.818719625755,534.387376660036,669.636282089623,573.69349140991,578.417762555333,606.97169385925,547.855927947917,573.168409858982,627.768710426676,553.61946842874
458.278625769468,678.789867109404,635.594538486608,716.069935721659,568.906119045055,594.754576138988,533.620021012664,669.135697406066,572.759128417415,578.188826762047,606.841539530871,547.574898726433,572.968497955368,627.833485650481,553.336605613684
457.748855323337,678.622092352715,635.657773447643,715.85962540943,566.400407662683,594.688006777792,532.807466236927,668.705282402724,571.800450324947,577.986284882923,606.654421034432,547.288888588808,572.775545956171,627.911698536957,553.068414187638
457.239130117914,678.476183661801,635.691732100466,715.669641343713,564.050276402554,594.619099660934,531.925105117673,668.29874582411,580.106567259638,577.743584028466,605.944642405714,547.015514580518,572.581298005043,627.997621726735,552.783080714023
456.673101710603,678.318024435818,635.82700506408,715.51214762477,561.904277925424,594.532408636759,531.014020489918,667.983080901348,579.33703638928,577.483856917544,605.597269201807,546.725979126771,572.387572299264,628.09464019402,552.515150576072
456.090627092976,678.139729620893,635.923877455475,715.361843713491,560.14191872712,594.442554841295,529.815155553555,667.70548410781,578.525216404047,577.201345968212,605.243071133053,546.453533324322,572.160890116788,628.195929978725,552.250558916823
455.618262921554,677.93555941542,636.021700770058,715.213949407996,558.398723647563,594.353172995753,528.570636531661,667.45395125022,577.670170732112,576.89473486641,604.921052419279,546.189434925649,571.937887787183,628.292419881439,551.928868465313
455.055753351376,677.738979250175,636.016887699759,720.671548598497,556.686208062908,594.260828231252,533.569672746106,667.129819043138,576.769878787824,576.595879544808,604.638756278749,545.902754224017,571.715779125172,628.41706106161,551.566657233977
454.466591097957,677.557186305394,636.055953267371,720.434415019384,555.002756107352,594.165967429256,532.200300021198,666.686424548026,575.794873866055,576.273585699248,604.328144508391,545.597574208061,571.508584102131,628.499102388032,551.212161857578
453.837749495176,677.359525391148,636.050825173269,720.195171787677,553.352697381644,594.080515397515,530.467503633203,666.201028830024,574.776929063817,575.931043948606,604.08948064318,545.252153883697,571.270468308931,628.551876990458,550.838635364887
453.172002143261,677.155582691338,635.890849383747,719.953965774451,551.719244774209,593.996591580236,528.534643955222,665.59773678266,573.76634112792,575.534310085797,603.806945367067,544.896731173539,571.025819183798,628.616909366746,550.469541915802
452.4854698097,676.951216936691,635.780161976437,719.677535488365,550.112087868921,593.907041016708,526.477722772166,664.941186390261,572.712570399225,575.171241217879,603.513666470848,544.547605248564,570.67691173173,628.675644456694,550.11279004378
451.699617065701,676.766524020414,635.572481152545,719.425261080528,548.521811204504,593.802952148232,524.405693113369,664.21255540165,571.62697076118,574.803537231911,603.238288708032,544.205215764532,570.229184916817,628.69686732354,549.771191578664
457.641719287478,676.565602309257,635.387349975692,719.183324462893,546.942962959045,593.690809363514,522.402205867418,663.552659798739,570.514438969633,574.374072509093,602.984752535146,543.865261497737,569.907403060528,628.654456319122,549.436699188804
456.772299500212,676.351326185332,635.194082891358,718.933289824726,545.398656873718,593.575584166804,520.519215528459,663.34264893758,579.413548922733,574.013749115222,602.747279281238,543.511586805753,569.527700717801,628.558168148411,549.105103946445
455.963729225299,676.198529089541,634.984626703972,718.674868292561,543.890194236566,593.456011520177,518.698231858212,663.139960284852,578.742033888998,573.640119187587,602.47238244002,543.107477708136,569.129858055196,628.461466949011,548.759809695618
455.192241166822,676.061888090067,634.763979026229,718.428203425317,542.529650779755,593.330015594274,516.940546319058,662.921674675665,578.081551945016,573.267655501968,602.220066439743,542.671902304003,568.683628436803,628.377620543737,548.411720133017
454.393046953212,675.938138011782,634.592749733909,718.160111800622,541.997240121352,593.187609797474,522.271974021642,662.776915524235,577.464051894582,572.89967863179,601.971538502112,542.241795848391,568.398167910395,628.328798664128,548.100283672253
453.784845976434,675.820548178784,634.552387391653,717.878020414278,541.19184252941,593.027928227174,520.669000571328,662.135828198529,576.847516707726,572.538545147507,601.722542012573,541.799954248347,567.937668462934,628.290588267735,547.748815058756
453.148540465461,675.663092989156,634.573336876608,717.580585413018,540.299799920689,592.874300149066,530.384942803411,661.345585795192,576.229823894331,572.210472638535,601.535977580728,541.360281564455,567.473011829902,628.253105289515,547.415237592569
453.101729182217,675.516016920361,634.567160994474,717.26926135437,544.587308529058,592.687672830341,535.51936306532,660.464094272945,575.609089277553,571.859100291673,601.262627036518,540.918232466312,566.990498903014,628.224807943677,547.037438296706
453.210384190583,675.381597119361,634.704035737053,716.923458787317,543.920242357803,592.477848238319,534.795619588155,659.529889146403,574.983908893325,571.480587479475,601.014471745432,540.474425974901,568.50626619727,628.163928093284,546.602091237199
453.353059526212,675.252648118387,634.887738088723,716.574412710233,543.22940768867,592.246692154397,534.057764098613,658.629393437808,574.353915589749,571.123427508377,600.781260690441,540.024755889906,568.056482151808,628.097450719823,546.125736382128
453.517642166658,675.039567223311,634.953140875839,716.209484979586,542.303797597477,592.003925290113,542.310025733634,657.733013479484,573.722309810724,570.68414072146,600.53286966873,539.567929696857,567.600594405871,628.011481542831,545.643417201994
453.713106762034,674.843110716012,635.008461226048,715.843910741216,541.472091793379,591.752520103431,541.53994515317,656.870993722207,573.082435048292,570.293037328253,600.231904174495,539.09560474676,567.13966006908,627.919510465379,545.177218764898
453.78011500394,674.649902222997,634.689836909722,715.469476847972,540.236200538391,591.47946391353,540.756631807631,656.036634309638,572.434355916627,569.922442306908,599.943879447492,538.61519052698,566.675164733994,627.818363018104,544.716643951126
453.829257623842,674.467655507665,634.358438710826,715.09711082922,538.50817883228,591.171075766293,539.933699262692,668.446205447676,571.769007321024,569.558810057057,599.658427105255,538.122668922789,566.209099588012,627.496923720739,544.306180157442
453.925415925492,674.282685502311,633.952284005372,714.725335886117,536.868572266853,590.853981119196,538.94070623608,668.226683191492,571.056567780381,569.217289055053,599.40307775675,537.620652560298,565.742380878164,627.310437671621,543.935417380705
453.710856906894,674.075727947272,633.448172336141,714.330528055989,535.117722964363,590.520273045528,537.791533044012,667.896475725615,570.251758904212,568.917489192694,599.166673839819,537.103550050943,565.273821004277,627.112593909071,543.582419484108
453.487372298771,673.877058161961,632.923167034356,713.93465445017,533.165071532189,590.188685179324,536.604723931211,667.548896845937,569.476090789106,568.627358741698,598.960929358456,536.540065015278,564.771518766271,626.925164773648,543.242534755477
453.265830943527,673.669716451846,632.501957611745,713.517439082896,539.662977787509,589.87002614368,535.357596776541,667.249573667301,578.66688390848,568.310864400873,598.786785013902,535.95341741987,564.269527586966,626.792230841214,550.921510623193
461.13759691102,673.430518293142,632.073887391093,713.058665047008,537.908703865412,589.535319777924,534.044692689629,667.066444940597,578.168229096201,568.001308874126,598.626273647213,535.342882286167,563.765533632001,626.625853314696,550.609889142396
460.741860900256,673.184093922993,631.617251380287,712.560636953114,535.757055936864,589.21719919625,537.413457457592,666.61964283547,577.659271742654,567.658010450286,598.442485608314,534.707268505863,563.264638666248,626.446638717728,550.290792831625
460.385965497465,672.938884038982,631.166762166736,712.040327763899,544.008984266661,588.905102783525,536.474380307881,666.111298834962,577.09866375561,570.794306851942,598.25207361,534.045740365262,562.765116027998,626.230646284984,549.962335193247
