476.615821969255,485.480734421536,459.233259429316,525.694170265077,667.255365780131,553.414606716221,431.134789020465,472.531382288506,648.334206539488,684.389987901008,601.911875815296,483.091657872372,540.811016675262,409.196844137854,480.162159478722
481.012098769338,485.929208887712,464.095933044073,523.226951815884,669.219033000944,548.766159498819,433.234754856418,476.704461531255,649.687372532066,684.527645988997,601.085587433966,483.731577758449,539.219738201379,411.121428284755,483.816050527661
485.094756188933,487.199691011494,469.001926205874,520.596188936836,670.411633387319,544.627584393507,435.428286063329,480.719792326194,650.812966600055,684.69092842403,600.068015337803,484.022930001441,536.445649527982,412.90652010859,487.343477060764
488.926733550364,489.741838648804,473.961159252493,517.84216379209,670.472365842901,541.01653502982,437.511139221683,484.540410294197,652.145408436645,684.73392882074,598.744834639629,484.414809456612,531.947134964492,415.011424462399,490.51088478353
491.737139258743,493.283582057247,479.114958767834,515.067724640694,670.257323308593,537.523920352974,439.663824655881,488.162175894087,653.384156202541,686.300030161391,597.685942707528,484.930675198028,527.70502198673,417.096487824582,493.637265337699
494.053028768858,496.74220227243,484.378877719695,512.356345388295,669.850331557924,535.262010949921,441.894780741726,491.413111868313,654.3814319094,688.776214126514,597.391596684194,485.573447026213,523.271294249891,419.241038795315,496.868601712211
496.411220421923,500.146272525946,492.20677332316,510.024589808253,669.339940479087,532.464905771519,444.198311730834,494.553320808925,655.350341869281,690.595547842889,596.925712821866,486.326756378826,521.164407362288,421.440377018781,499.806104129066
498.827991701291,503.559416840476,499.699851412401,508.047012224018,668.796863271237,529.030842107467,446.542876368178,497.581507059955,656.207533626449,692.370420316209,595.130473173719,487.365920934888,521.82174295193,423.648272206917,502.619249877936
501.287939413436,507.03171552599,506.62799581049,507.275696298853,668.249819471782,525.876390389978,448.918337467163,501.128457018523,656.787201578909,693.899238593901,593.417465702913,488.441671562597,521.829105215773,425.752870559866,504.768295716754
503.775927357228,510.578697346452,512.971759036798,506.602054362583,667.142011366946,523.223573222558,451.359131006698,504.656410192018,657.274746995091,624.13776398916,591.797602426996,489.452582168228,522.162614032099,427.942513933804,507.159529651169
506.284916663182,514.190346081046,518.830034962917,505.052435644075,666.559227556117,521.270384945107,453.867347057651,508.317066728249,656.733482300896,624.201659367105,590.373875364863,490.466223397005,522.779911423862,430.144944820541,509.695191659119
508.795253152469,517.846006052972,524.31898570736,503.81025501158,665.37798416839,519.708201758121,456.442962840044,512.092246408976,655.266743698407,623.690288649262,589.17104983633,491.554192953844,523.393307712345,432.538869290511,512.224906130645
511.314397772077,521.5235820646,529.535457121447,502.971343291893,663.848981752194,519.123899858347,459.079209611699,516.055792736138,653.721779896796,623.985732066282,588.625099425093,492.707717845465,524.745343358204,435.139265116915,514.739279051163
513.819419516643,525.201308157425,534.55839013474,502.317482090944,662.053829719708,518.231057223465,461.760507313582,520.002074628535,652.147394880388,624.581899098015,589.011585307412,493.910720197242,526.112439942866,437.901377411577,517.226669760557
516.278368736058,528.856697971504,539.445553799077,501.907478266031,660.917287740985,517.771887614198,464.46279180006,523.924838243249,650.663235696565,624.886324008412,589.503666616293,495.13137610851,527.486441858873,440.602670344594,519.67542521742
518.655446668887,532.466854866983,544.219710593814,501.618838932528,659.778475537411,517.745354733474,467.155440953993,527.815938379846,649.375364979914,625.454122773969,590.182050799165,496.358850633528,528.863149669638,443.38501158661,521.971655116321
520.874692834161,536.320133155335,548.848548510628,501.312078287639,659.124080632695,518.310312127965,469.807858206908,531.558689360638,648.081464470682,625.391010636714,590.796714088209,497.508902228952,530.239324204883,446.089358000057,523.957469898155
522.950948804409,540.114753288026,553.252417497923,501.091668604561,658.868921262429,519.2264533843,472.398143139898,535.196333358475,646.723787461789,625.623777392838,591.501985655876,498.6481329247,531.609196536854,448.881393380855,525.959493943887
524.871268694489,543.834685454232,557.358953692707,501.006281509855,658.938449634847,520.463699289685,474.876015019445,538.739727725924,645.127402649754,625.567173972404,592.434100842027,499.807749831342,532.963246550732,451.801611558034,527.976340981676
526.271023583242,547.464581441215,561.158556035296,501.116680004326,659.163866396289,521.84800840511,477.230349196128,542.211198941883,643.179986754091,626.332717911927,593.424236827546,500.980710589289,534.644921985187,454.861583679343,529.995728872398
527.557267528759,550.924854928869,564.706263764362,501.472486816391,659.097418528377,523.357432997433,479.486960231209,545.600157658628,642.500953043151,626.926136066159,593.802684532646,502.151779040805,536.270702852908,458.058964102641,531.651385356601
528.738438994914,554.256444673895,568.069800657746,502.555379633934,658.760953764039,525.050461552622,481.648366479543,548.901687114527,641.818412068094,627.245864866043,594.474117198673,503.307459112524,537.88306655623,461.380492523533,532.589156171144
529.796068132513,557.488331844814,571.300077569052,503.520771123533,658.231336346659,526.884249582752,483.718668919233,552.117013338001,641.177447983704,628.011424370822,595.498650550791,504.447866322345,540.268715363413,464.805347366248,533.208744928264
530.74117742521,560.622860754501,574.193115845051,505.065513985524,657.456247764353,528.825083613489,485.702631584917,555.252554989313,641.17175810505,628.055440363298,594.624657083168,505.579157276718,542.53771703131,468.308930875802,533.484636199127
531.548568634617,563.664695574425,576.778627769388,507.246221150333,656.955386511365,531.243188992259,487.606534692122,558.318568733708,640.447027086565,627.654048317409,596.330957503671,506.692927389601,544.698716145869,471.865905727064,533.434483569487
532.241691029852,566.618819555719,579.126649102462,509.617885385505,656.473890472817,533.773432662935,489.438177417152,561.326651702404,640.806345495506,626.996956888375,598.525367949902,507.804887230496,546.804591452816,475.451351802684,533.134618650363
532.845360162619,569.490440527728,582.245788563201,512.192598848848,656.401804279674,536.450471206349,491.206458929451,564.285443925814,641.158243341095,626.492475267191,601.242367073849,508.912567362537,549.037022633951,479.02265036346,532.709042256086
533.377094499965,572.285409110053,585.340633230806,515.094666164649,656.6666817277,539.05820090007,492.921081443704,567.195458902206,641.48641531084,626.104338334244,603.981505942187,510.074674684972,551.222396846829,482.576854726231,532.288023168224
533.840726894342,575.009423542876,588.421067637039,518.172890886031,656.521536876843,541.647930680423,494.591545217478,570.046485751276,641.800350480299,625.794307707402,606.696029585567,511.261440290002,553.353167405956,486.110319654931,531.9438531801
534.228379929644,577.666977586304,591.493065416297,521.408078058946,655.894234095352,544.255490659162,496.225826849618,573.162119738952,642.098552662603,625.512810411966,609.343882278272,512.461679972617,555.445175770711,489.60343353747,531.678909406571
534.566179159334,580.095113705288,594.559506437928,524.845020070393,655.645632922937,546.864914362633,497.830360853072,576.134490486426,642.380073213964,625.256391344757,611.812851321498,513.665301992527,557.490158629596,493.040737319351,531.597767682734
534.590493713288,582.430983113865,597.620106613197,528.479362431895,655.403386721676,549.40317531248,499.411223817035,579.022864185558,642.674744978775,625.193314033776,613.868463056818,514.86864455907,559.459419753599,496.411620164047,531.714430461157
534.57177092024,584.732656896506,600.671407558313,532.303928535223,654.916000487049,551.90733288783,500.974792708884,581.6798994443,643.246942936145,625.58851855103,616.026889178551,516.07240076625,561.39082183372,499.71021582116,531.9069244941
534.523920413125,587.008461804445,603.708773580009,536.306302725246,654.200939906126,554.402146138025,502.528234406579,583.415574282903,644.02727108495,626.026658340283,617.761879625352,517.277266728221,563.301860858112,502.934618009614,532.276192294733
534.459203998841,589.186180279515,606.729443218524,540.466384535826,653.679928823825,556.896509955781,504.079434595012,585.055445539964,644.741505072653,626.402402154599,619.708028959239,518.482530492117,565.519497312031,506.032384885214,532.802927091532
534.387662334102,591.240885804784,609.734560177986,544.747138188298,653.181989554644,559.394342318202,505.636365200508,586.667630917861,645.242139036871,625.270245549952,621.38538201194,519.696040736369,567.903049954992,509.009912046645,533.468077681618
534.361165442823,593.249549147265,612.729181350224,549.220988106739,652.636968572693,561.894780508507,507.205942079015,588.107072555383,646.364127526633,623.72808505817,623.212650033325,520.904432521325,570.217736695349,511.921487563266,534.271046122351
522.205060793703,595.226968182705,615.720739283156,553.753859712666,651.618067844212,564.392869566665,508.792685918552,589.547961335396,647.477700324238,622.296144835612,625.110551557651,522.102245301214,572.073318832391,514.761836696904,535.39872280585
522.234426687019,597.179851324119,618.717273790707,558.298169016258,651.155497784685,566.879928960872,510.397461390232,591.140868979877,648.586299108426,620.941357710928,626.671115898741,523.25376186213,574.188561014707,517.522105273125,536.560003934006
522.242942476348,599.117821499037,621.726757783027,562.737504781768,651.665836936763,569.543078822673,512.016925955431,592.613565583884,649.604938024447,619.739049922587,628.502683426981,524.376108134544,576.313269449227,520.197424698262,537.640364562775
522.232526113109,601.04064560331,624.756277511851,567.036084724222,652.379475049246,572.202770788269,513.644471359244,594.334019456001,650.523820873462,618.730581298912,630.286854798456,525.472124627414,578.14185016324,522.791599239571,538.655401599798
522.200247388719,602.956096893385,627.784184393441,571.293284544186,652.816135484336,574.775274779334,515.27198249991,595.847882347854,651.334740175739,617.970252480247,632.013980351601,526.530661426943,579.765876243638,525.312319077395,539.679876353081
522.168452153862,604.867634906177,630.807567770668,575.47704620493,653.192694303476,577.285636659324,516.891124273636,597.681454298626,652.033913454173,617.462465258269,633.640196882819,527.558564124345,582.193847726155,527.766117575,540.709287524393
522.141038552677,606.734614767562,633.869227628086,579.512790688583,653.996346158007,579.595484366655,518.494337778294,599.190402616866,652.660842036541,617.298269313581,635.135912141031,528.565651625542,584.459243082122,530.141177211847,541.662580741191
522.119903997857,608.56543039593,637.004380207801,583.401973892524,655.21448489564,581.636427869201,520.075180847239,601.163580329799,653.211412352295,617.380064234475,636.095481477614,529.560204356602,586.603866524535,532.435369369171,542.312410583092
519.077491327524,610.380683244506,640.265308158227,587.149355685747,656.333729929521,583.478529521062,521.627985584871,603.203597273549,653.698319209378,617.666456491869,635.641226303834,530.530344363768,588.628547192615,534.675489439519,542.482327112342
519.113783342463,612.184311208566,643.600513136478,590.616170426742,657.850572960345,585.165819737343,523.148328119128,605.306711244241,654.043267348629,618.279869147552,635.980078082521,531.48748325449,590.537401990883,536.864316777974,542.450272813206
519.119568188928,613.970688857255,646.859119275158,593.817254563127,659.225837653254,586.765050178299,524.633782079537,607.503060480198,654.216361803439,618.99539587039,635.99433535912,532.435425581541,592.33231557026,539.012114647318,542.134867193003
519.079620912806,615.736344503664,649.969959911244,596.888786735204,661.424281568155,588.2728102613,526.083941304848,609.760151178744,654.374744194609,619.815100549962,635.954560560787,533.372699185976,594.011853411599,541.123828015172,541.610523323387
519.006168167178,617.480544274202,652.960692164928,599.734014722168,663.905460546093,589.631634222489,527.49993449292,612.032051915992,654.463604372347,620.650857592186,635.882098637171,534.296874118771,595.117152460517,543.204192994142,540.853889366671
518.957520196501,619.165051252115,655.871413863326,602.411911183263,665.932290469717,590.851318325416,528.883653782171,614.26305427996,654.531704319906,621.477712447857,635.776042952675,535.205237654255,596.044725573541,545.257760933964,540.219711749633
518.948268539404,620.78096515673,658.710766792008,604.986727629023,667.803146357039,591.953240157751,530.169294082805,616.47605119893,654.57195621585,622.301529538474,635.588045102241,536.095400424576,596.47224107779,547.289118100935,539.476074872329
518.926917243683,622.373747516123,661.449547064748,607.435716071245,669.905247711535,592.968600459507,531.430193762494,618.661550050863,654.587643208193,623.120334034325,635.370743883001,536.965814628837,596.548931933742,549.303002230781,538.731433199871
518.945808298274,623.961712853416,664.067892122821,609.776536647015,671.572662555049,593.899222896674,532.669346760348,620.810654637614,654.590950099922,624.001097485942,635.124102494557,537.816352872495,596.309810726737,551.304187831895,538.103568880287
518.965505570271,625.544891375903,666.534722003524,612.026736442511,672.995863771462,594.746676579536,533.886175293276,622.917158415926,654.506379550609,624.96219791182,634.892682095853,538.647953917546,595.877970872395,553.297243508062,537.680998559805
519.031684040811,627.102335824036,668.829444198045,614.165202362382,673.954751463756,595.512443115275,535.052936607531,624.976266310385,654.416213748227,625.905431059754,634.713591235063,539.462238843453,595.097952749936,555.28628547469,537.506606398696
519.09919417736,628.632171727415,670.945357570201,616.202422682592,674.656015414376,596.015193457319,536.120280496336,626.984070932091,654.28460863246,626.866673432019,634.54952636973,540.260854546398,594.199060946841,557.274967758123,538.348507850577
519.385241348938,630.146292967891,672.887953390355,618.132230125504,675.153737730323,596.394762235183,537.120868370807,628.937848101428,654.155485163648,627.798607498994,633.584877879963,541.044924121886,593.294295961412,559.266255885818,538.484257167607
519.667218242401,631.64492030718,674.670073681783,619.984473328816,675.590295415546,596.634361798614,538.007642871947,630.819032993659,654.036286468852,628.693302594572,632.351956609206,541.815054612368,592.423476121,561.262027187901,539.226725944788
519.878508589347,633.127661576398,676.307163765834,621.766949881456,675.759239102096,596.798448703981,538.890906818618,632.716214003793,653.891621889483,629.528669951261,631.422017045605,542.571479012018,591.627461187143,563.262384444457,540.218768276414
520.072934263558,634.593029307474,677.814979972849,623.475959538408,676.030689152482,596.898390924298,539.777191012132,634.626266613785,653.761035638359,630.405835813292,630.659951445837,543.314188052935,590.936684511576,565.26480898375,541.172130268431
520.301557116415,636.038081112553,679.209359206165,625.141010766431,676.277400349673,596.917209290416,540.673482810718,636.544595625998,653.618632657976,631.39939546492,630.055846718721,544.019187515909,590.139468659679,567.240283489991,542.105770016035
520.527904264413,637.458975960322,680.429621911508,626.715164415396,676.88871004556,596.765375379835,541.585481963912,638.425526895027,653.474034009983,632.343502988579,629.593570737881,544.696784964982,589.598026666228,569.152158995803,543.023923358244
520.753830888302,638.851642492374,681.593244345391,628.189307865941,677.209981885454,596.583303176433,542.515665287714,640.192701386425,653.318210545245,633.249358714816,629.246884466501,545.364631131771,589.424471559435,571.025937240268,543.930918162459
520.982887537296,640.212839157931,682.710228668098,629.602710910296,677.5154335073,596.385460691309,543.487215111418,641.99455381462,653.157208158719,634.129087707712,628.996212742485,546.024816057221,589.326068014323,572.890450592452,544.817265892223
521.223998745372,641.540191580561,683.808357975041,630.99425760361,677.804277570135,596.236715817515,544.486907405219,643.821612068145,652.990618486348,634.974802369933,628.862585848733,546.679419614156,589.275371966307,574.737505592803,545.68712216272
521.477000554236,642.831997613773,684.872419760678,632.337135118853,678.076644358906,596.136167295501,545.46483502541,645.672073588145,652.7912997275,635.787311608136,628.8161623771,547.330414869205,589.279738207799,576.549807889578,546.527477511284
521.681995192422,644.087270007007,685.939370981942,633.660245478288,678.097458100463,595.996760141174,546.42463863244,647.52019717334,652.578733958974,636.619716422943,628.854916853157,547.979391782203,589.71545772393,578.292313392656,547.308385343824
521.882321140488,645.220295362945,686.983740908281,634.97231102965,677.274241278501,595.858565427166,547.222811245327,649.347320428505,652.337043004882,637.42623400497,629.041545606476,548.627244838564,589.919247162337,579.955258932193,548.047954989692
522.09389749238,646.352564493052,688.034073137176,636.265541512566,676.218969166391,595.723179180544,547.953953654386,651.144405197851,652.084771109772,638.209883168537,629.389160297562,549.274236075553,590.106552788604,581.585695407574,548.758602757198
522.472306139033,647.45857382322,689.033706457344,637.597090678192,674.993884298931,595.591762680265,548.605102105046,652.889028668543,651.822765774655,638.979809032714,629.885102277857,549.92009281954,590.272413257709,583.184495585861,549.427903978694
522.861138731128,648.526423027484,690.009275742868,638.975364560494,673.46116417812,595.464669064721,549.231411220927,654.538459214497,651.567262197186,639.740275799055,630.165339520126,550.564403656096,590.825594870024,584.734111719446,550.411035580779
523.216584628033,649.554308395975,690.962724881557,640.395854566793,671.338166801595,595.341621888061,549.846888162334,656.045187422008,651.325406797296,640.501287806984,630.475190524151,551.206816451397,591.403808063588,586.138439658174,551.268011992603
523.540285847878,650.552558124813,691.890669669112,641.868424637278,668.983324970512,595.222546401572,550.457590855024,657.446245903992,651.08153158575,641.23093971864,630.812730333286,551.846962610897,592.003365932241,587.51572970144,552.11642000297
523.833661469618,651.482995918109,692.737847795054,643.402923009355,667.034044534523,595.05454074419,551.067428390394,658.527086543795,650.837129357701,641.950854711192,631.172275974734,552.484211971241,592.620217127808,588.865704056465,552.884919341877
524.094375143569,652.310609924472,693.518586845909,645.008971528531,663.863282266667,594.88724506592,551.678324999081,659.563579601293,650.593415017018,642.656902370713,631.497018573519,553.117262698775,593.281412026296,590.20703269879,553.646411895649
524.321425227094,653.088670678821,694.238667434994,646.694872036333,660.973867383653,594.72147809017,552.290336884652,660.717815954755,650.351391079387,643.328847250149,631.76400789177,553.744074148242,593.921714921706,591.545780794506,554.405275829394
524.440456714785,653.886177854563,694.848862010127,648.430299544489,659.189213859511,594.619094900166,552.917026219806,661.849215442239,650.111666508123,643.97717832252,632.023738831006,554.361867698879,594.568403953571,592.886589122341,555.168236052068
524.433958897443,654.648198332887,695.367281383262,650.257057672649,657.30190306118,594.622971472006,553.672690824653,662.947210610553,649.874118175757,644.599272165921,632.289260355255,554.96679577556,595.218130287272,594.232158125605,555.91402906715
524.40542456008,655.399665108157,695.795991685659,652.178736301703,655.375059345615,594.601219560618,554.440564290176,663.995310984026,649.644276971841,645.192391135757,632.562549333195,555.554336164036,596.318402949245,595.583178421353,556.660100690765
524.356826118097,656.186827999066,696.165781890141,654.182997016946,653.478733560352,594.499142753832,555.215704983385,664.862848880901,649.414330040169,645.753594642001,632.847585862836,556.120098427749,597.914446950174,596.910993706095,557.445795813164
524.289628225812,656.980393070621,696.545336271616,656.271221654369,651.652833277736,594.353571276749,555.900560228824,665.729871906196,649.18409855312,646.262331110251,633.178963040555,556.660222977186,599.589293622977,598.149300140832,558.244186100084
524.206938471536,657.854398551483,696.930723954804,658.407051773194,649.935984669537,594.219565340702,556.534265992354,666.593061630579,648.953633002427,646.731203885924,633.639379325807,557.171986628357,601.311054860882,599.381683200401,559.050023909727
524.012367086352,658.727240567403,697.329586319589,660.522085925156,648.353233078139,594.132118592732,557.162492504052,667.449822827027,648.72316075259,647.127201019393,634.10173792066,557.654210871574,603.183390867774,600.513467867749,559.855935545677
523.80746271035,659.615708403718,697.881678965642,662.667251647711,646.936328135397,594.068172830233,557.781872141147,668.118516816258,648.492886759992,647.48352634337,634.577206433125,558.107134475982,605.444871864948,601.603146869467,560.556082738106
523.712873039477,660.543461937891,698.553994373438,664.806763359357,645.956124943515,593.983134198748,558.38769431038,668.665122206152,648.263087217997,647.718182175907,635.078764078693,558.526443625772,606.918827461334,602.670935173037,561.225880695229
523.632330381047,661.409249525871,699.284498087096,666.94400609693,645.049105636132,593.895718960443,558.927793435248,669.09997512201,647.998907492229,647.934501434144,634.339335617655,558.922279202056,608.564121815883,603.655295115329,561.853099599387
523.576079942924,662.27958417292,699.989616999282,668.96454046355,644.365634806565,593.753636837598,559.21441354041,669.379836414007,647.724597891481,648.130499166895,634.869895881326,559.299194496044,609.765253773586,604.551777007904,562.434311694219
523.550570666105,663.147621320608,700.635507044167,670.9159744954,644.047302807266,593.613635891745,559.473194773011,669.96996128128,647.450210041156,648.319025953958,635.357409082988,559.649671606971,610.79980502487,605.404031459165,562.961170889523
523.557663221535,664.096290222751,701.252386889321,672.805555657534,645.436511732231,593.51568957566,559.706943844682,670.801033074261,647.180712871166,648.536464503383,635.861617534238,559.987735682282,611.705075565061,606.205946372276,563.398034110669
523.460785302082,665.009701222471,701.846254765563,674.643006033515,646.766217642964,593.472196743272,559.910421349999,671.643482218703,646.889239851933,648.781013086884,636.386425916316,560.320165515866,612.499670325575,606.980888539997,563.777230766089
523.388303223153,665.918691531011,702.427928454113,676.432482474673,648.039130790781,593.456956272597,560.087281871706,672.482432031356,646.600632706295,649.050196157627,636.903504848259,560.646170173828,613.20255134515,607.67973011473,564.107934942674
523.341933751218,666.818488071609,702.976164550782,678.146726930532,649.275060755654,593.488935974029,560.266835455845,673.317618377407,646.311076707376,649.350677151553,637.407222717894,560.966397669083,613.81517640918,608.332560024212,564.376515654438
523.321891526114,667.714922989876,703.516774997594,679.733356657847,650.489174891394,593.607645383906,560.411640855633,674.147714252549,646.021881084211,649.671064648343,637.905054065091,561.283275168825,614.387947175681,608.974000104122,564.681437612438
523.449375659076,668.658564691164,704.005394172903,681.193098099415,651.676876863736,593.752588770835,560.443556425634,674.893559589011,645.746663059702,650.023859331878,638.435716934093,561.591448358625,614.905643556454,609.5918456553,564.953373560702
523.584883852541,669.587888720115,704.462216731619,682.623460982629,652.847112965932,593.969600936371,560.489987969498,675.65300280671,645.467985766462,650.357157741563,638.935966573685,561.894671508849,615.404022059415,610.175333455924,565.203019182508
523.698135917491,670.499618743299,704.831309163878,684.004933868634,654.006671008176,594.246546600482,560.4046231474,676.763308301367,645.185330086658,650.689464524555,639.417565023532,562.197491071421,615.913361962005,610.756390219327,565.436207840563
523.844884477101,671.39223578281,705.167018329696,685.396335359047,655.372687831682,594.66057314291,560.292375332241,677.864960960791,644.901882993485,651.002092187209,639.795849806268,562.467480034833,616.410994563504,611.317503889214,565.662558754007
523.997258730866,672.265482031981,705.404488969889,686.757595563103,656.657760569853,595.071397964957,560.21075885222,678.971068953603,644.61230675804,651.313386662674,640.116150736388,562.729195478657,616.787233820793,611.873477082779,565.886712896764
524.163887873831,673.119549791929,705.490595573124,688.089044833194,657.929907275629,595.479826451154,560.141152161677,680.134074131283,644.287668831988,651.650304195554,640.568443481214,562.986058005591,617.554206515289,612.445690383773,566.114963019208
524.332379717823,673.954705112815,705.452662114407,689.390284803277,659.204567373302,595.881834473412,560.135267887659,681.305920025424,643.954134983236,652.045788063521,641.015152988239,563.224685027421,618.412799798696,613.023627850362,566.344387609229
524.3012960254,674.740928588094,705.408827358872,690.660202251565,661.116516160116,596.337289524596,560.128994412773,682.938147007173,643.624375313139,652.496096791437,641.403766095592,563.458132330809,619.322551115957,613.562405173233,566.578401334102
524.252614556679,675.491256457734,705.353149406907,691.897129047512,663.08845159254,596.769314505509,560.159952685968,684.557165103897,643.303322349398,652.973537052203,641.913193531804,563.698858863313,620.240647074253,614.081464877324,566.796000499229
524.18463725594,676.224009730489,705.299156063059,693.099447551832,665.11973367199,597.105798667959,560.173984458374,686.137088180881,642.997844499281,653.471761606225,642.53988061837,563.93744013041,621.199275752221,614.608966874285,567.021155128907
524.096952032988,676.937719250258,705.242491902082,694.266360967097,667.186842007892,597.320416343893,560.216322159999,687.465209535473,642.704758412695,653.983223162575,643.222120144482,564.173297761192,622.117467903998,615.112032177066,567.274903142524
523.989616627923,677.616307101332,705.221951097467,695.398087508029,669.263720933586,597.417599162809,560.245635440328,688.598256243682,642.431445877989,654.499605565436,643.971022872948,564.405347017075,623.034322762933,615.572856527847,567.547081962035
523.884607515471,678.274953218653,705.238796906543,696.495726610875,671.324085161661,597.434771691825,560.277555031173,689.428902159695,642.191128422269,654.985062820942,644.630408768228,564.632126687887,623.915458453106,615.952398365058,567.859696194646
523.901537678937,678.909838851387,705.245297932312,697.560869028537,673.344135439482,597.432702769508,560.365812594622,690.243961786409,641.953599251391,655.436811734484,645.287858860553,564.852099160109,624.714646144382,616.342285503457,568.188758969295
523.888015153921,679.51684765287,705.239027929881,698.59569800525,675.304547894258,597.412005334918,560.452666469531,691.187553801422,641.732574616895,655.877035473248,645.944793254739,565.063908056925,625.587810313035,616.79215853482,568.534071448206
523.858483816727,680.09171377353,705.106246425687,699.625123932482,677.191163788383,597.463179314173,560.51830779791,692.310465427379,641.523054905326,656.300166728469,646.58987423459,565.258426471214,626.382019672391,617.270711989225,568.893937230537
523.768433121992,680.630250270994,704.896028661637,700.600905220996,678.994114543514,597.50654104774,560.604938267919,693.407988121751,641.325055173782,656.700959286552,647.174935440617,565.440279288377,626.976299744511,617.776472834405,569.265361904974
523.663918937443,681.129594015039,704.689710722101,701.548371501364,680.656101617841,597.597284265997,560.742176924369,694.464173132814,641.125710934926,657.074621231818,647.578476606317,565.583724853886,627.382408400076,618.30705140771,569.662089859822
523.546850710126,681.585185091574,704.265284303058,702.46326256993,682.21759762267,597.699658779628,560.904792740582,695.465183006483,640.946872353492,657.417172102504,647.96448968873,565.675473941104,627.752128057675,618.858622842077,570.074817113525
523.369010896453,681.986829135065,703.848771133048,703.374779309603,683.676722897934,597.802741322523,561.066418693527,696.400756798772,640.775270746847,657.735705108918,648.315154619432,565.751827592129,628.086908500103,619.425901043073,570.490283396175
523.033094209377,682.355361000187,703.485517671805,704.286472468549,685.038647462508,597.910587978374,561.233448100569,697.264159089592,640.60665476608,658.021491760281,648.611476695133,565.832334997603,628.38677786555,620.002393492593,570.885266221372
522.687178063385,682.693453518884,703.214518134413,705.202970536627,686.307659430227,598.028650882416,561.374206334543,697.811521607963,640.43563155927,658.276222683706,648.870497878483,565.915005736856,628.650610046531,620.544097951283,571.276637527254
522.107704766121,683.008407018969,702.986333720863,706.059339663679,687.488182263547,598.151776633075,561.515277127508,698.217278292109,640.263213477446,658.503239505665,649.101776073757,566.020635073772,628.877293373699,621.030102810747,571.662408979102
521.544454043649,683.306437173287,702.829993312568,706.879777669783,688.583919221224,598.140456466631,561.614931057243,698.435160466886,640.083382571785,658.707420081526,649.314119907092,566.137273894747,629.14513772725,621.44977870635,572.061472952612
521.006468132108,683.581270602829,702.751467264476,707.726703632509,689.597453068629,597.947192028525,561.653433131264,698.419437089319,639.900317622918,658.895027570273,649.453614437356,566.248306211763,629.283878209457,621.788294624041,572.453179458258
520.497058089523,683.810686471711,702.6562635377,708.602464087324,690.523947041088,597.767994768237,561.608633487022,698.384747858116,639.724062099167,659.006060032577,649.58045306217,566.360501890653,629.400270437654,622.036818557277,572.836826381562
520.016992879871,684.028819559151,702.541853002176,709.507584436775,691.318115685371,597.615220036374,561.569679350563,698.359157603004,639.53993293798,659.113392994258,649.679877777202,566.483377115791,629.566639297623,622.278141817505,573.212166309504
519.564308243568,684.228499567875,702.406049922557,710.440630234094,692.03789308028,597.481246426617,561.525195475975,698.367461337337,639.343909778331,659.220641162776,649.738896165572,566.587891391525,629.63318285579,622.522846921093,573.579218011993
519.134638493391,684.436817556955,702.247323833794,711.320778088135,692.688925612281,597.394716275052,561.486962067964,698.429222943264,639.145862189568,659.348519137769,649.800619144923,566.700876646668,629.716567881447,622.720575344309,573.937818190394
518.722160876307,684.660278830484,702.065825346185,712.207344077432,693.274806529665,597.371453428378,561.457695172592,698.557948717093,638.948080005371,659.478807863825,649.803051691654,566.797946046361,629.850921314291,622.784960525899,574.301831712662
518.321420262758,684.889796644795,701.864840387437,713.094061365247,693.85968640458,597.491133703977,561.582648417458,698.760190420024,638.749922694524,659.619035043798,649.807558271437,566.89419752219,629.904200582376,622.827680370962,574.715613857814
517.929426045042,685.130635407372,701.615242225785,713.9760921298,694.349120421663,597.639904357493,561.76743164634,699.035653344925,638.552564355881,659.771736877862,649.821773326253,566.981836472031,629.950134921658,622.869815397995,575.11616642329
517.546433609018,685.377289236858,701.355684243137,714.809585475799,694.784166919937,597.908892663606,562.006383884,699.3265108435,638.35990586963,659.933292479511,649.847789543019,567.052149082098,630.005841974496,622.897087017833,575.499990249635
517.186592313257,685.596147995569,701.210085047865,715.613830096442,695.170060492702,598.191302800694,562.210124173126,699.735198274991,638.17112825782,660.064687881315,649.84478111756,567.118519334657,630.059014998684,622.929747230521,575.868899445963
516.789597114384,685.813407244744,701.023417422755,716.3201700452,695.512436652705,598.499506730407,562.235268460942,699.946997446884,637.978481845873,660.201905440195,649.844424232732,567.181334836117,630.063492059474,622.948542171458,576.220346265758
516.247373414309,686.02472918866,700.890158769796,716.962355751617,695.869125853408,598.806467961698,562.2387311692,700.019793166365,637.784469912456,660.341953959098,649.8563273037,567.219591488304,630.082479039555,622.984178485651,576.550732224911
515.724890617096,686.226497462336,700.814129946492,717.579034809164,696.044984070874,599.200245772777,562.213063612561,700.139574319535,637.592426449005,660.483239558902,649.858147118199,567.248698917976,630.11523541122,623.081999293326,576.829796067476
515.240928611141,686.374259694949,701.007489660844,718.115275268848,696.169818218198,599.543349702027,562.123931847617,700.442688744318,637.402150611456,660.62003516685,649.821716348321,567.262782258943,630.157606136311,623.183569654055,577.089957536345
514.788171354907,686.509329452952,701.254823483102,718.632068090699,696.255646593357,599.907859170337,561.967764031402,700.933970813499,637.213509508043,660.738082557509,649.790858412935,567.25811963406,630.353229333852,623.30349501518,577.333240211535
514.490426412322,686.601287800817,701.514531712249,719.135621147814,696.311488826534,600.202023317689,561.814010226098,701.440633802398,637.015207400251,660.850606194515,649.718653837749,567.262083581898,630.471232221644,623.461239274595,577.516301366301
514.267973907602,686.68526999005,701.75696574253,719.637820900036,696.344080101028,600.472759746853,561.663014870836,701.737576891785,636.840038775885,660.953475145003,649.688260269664,567.232021320884,630.578153355813,623.646476086474,577.692941631414
514.032768166883,686.792285499126,701.964045974524,720.166852200771,696.358219867679,600.716991270536,561.512654463617,702.01632692715,636.663745216131,661.060835859638,649.666030499762,567.193836059039,630.672021311374,623.830867270807,577.823055042606
513.759310812187,686.89276308325,702.121140641855,720.663206921733,696.385282364159,600.95763510487,561.364684151385,702.270115012199,636.487432083445,661.158247991035,649.591322857936,567.143826567534,630.752566289686,624.027804746082,577.961970827334
513.433169570016,686.997527603681,702.230453790729,721.137510727018,696.409495030512,601.17556736864,561.221429326388,702.24998492278,636.312511000414,661.245039338951,649.530207716021,567.091101491809,630.821155127703,624.23157917453,578.087864777675
513.064213794441,687.119332959169,702.244947760493,721.578380985319,696.450887237056,601.33683832125,561.085869355803,702.223101630875,636.161176486084,661.320533626997,649.486279093811,567.029243849855,630.880337023268,624.435852989961,578.202969106598
512.671401618286,687.213871384401,702.10824175652,721.99955275963,696.516182382503,601.482435599976,560.982573372509,702.251344898421,636.021999452384,661.334845198384,649.466879345307,566.969651373794,630.829276214607,624.664357213556,578.299718110542
512.272330908603,687.261945280263,701.948897286796,722.396964800471,696.601687756105,601.619062130199,560.878453556675,702.55098575734,635.884688597259,661.29987378951,649.480065645891,566.905671149471,630.562860154689,624.854175858711,578.373460739835
511.837558132503,687.296493216816,701.857045524706,722.773677207231,696.717139771347,601.752223864575,560.820057548476,702.923470595789,635.750295803739,661.24533292615,649.530992601463,566.843635325692,630.335180912146,625.067468256913,578.452926450639
511.407584481918,687.305088600673,701.727483321763,723.173847052096,696.821323045294,601.954275291602,560.807081491171,703.380988232231,635.619553272305,661.085756337532,649.696201043717,566.768907882713,630.108120153557,625.285780918284,578.572913840927
510.966526842651,687.29989976902,701.55673327581,723.527730475182,696.887675139701,602.20053931988,560.796219360246,703.751752668273,635.492001882668,660.887523737723,649.887190383892,566.715136083672,628.882049431046,625.494584546495,578.671707520447
510.525969646354,687.284219091841,701.464190538848,723.859862832625,696.947893185717,602.392151194919,560.717818502678,704.192455972927,635.363348438422,660.656356068987,650.099996369646,566.671399569592,628.438107928418,625.722772246933,578.772388875552
510.097898418897,687.264393383546,701.351252655872,724.166186438418,696.991164491631,602.612949661806,560.605063972028,704.593460065644,635.240969467038,660.37398586054,650.389313693134,566.622087401505,627.983058461397,625.939448020274,578.851493621493
509.863054745943,687.242907436089,701.244513196969,724.476103495269,697.038153589237,602.832621181566,560.489865602042,704.971999516467,635.135102784303,660.077508644079,650.6836460446,566.576659130008,627.528306133952,626.186461640041,578.935465558124
509.597440641616,687.274405804518,701.127837428267,724.768825166222,697.082762557393,603.083222782913,560.402694717956,705.300819159452,635.047884990146,659.83766796895,650.96964246184,566.535824220151,627.06293949804,626.427174268189,579.03159057082
509.332944989744,687.31614211186,700.966791100403,725.001286066337,697.126368108233,603.349559478306,560.312950361372,705.7332316201,634.96504414885,659.574565000457,651.134221186254,566.500222000647,626.634724121952,626.637886250275,579.142070512167
509.064988480151,687.422916907409,700.830907770818,725.240034265372,697.152504238555,603.621964856456,560.221722560231,705.830103839023,634.886379424742,659.449934227194,651.293677636504,566.481521768241,626.215681312739,626.784122202551,579.299068728937
508.794084558086,687.529538894745,700.683130135849,725.479503465475,697.18560406233,603.894417038249,560.11751350426,705.762087275816,634.811689539071,659.443279677991,651.352141497296,566.493165371631,625.822956015469,626.905727188046,579.473021248893
508.518189611005,687.64397589177,700.545737679165,725.720378784023,697.203126253263,604.107381785804,560.024862884169,705.592775778397,634.769930523106,659.404256834694,651.409056993833,566.544454781155,625.438489370439,627.044722076938,579.660076401995
508.225016739183,687.763160470201,700.329727850209,725.964477926795,697.271277976925,604.327105692907,560.035072422234,705.334838868354,634.733124743397,659.337076770872,651.474805571393,566.575900965046,625.035549624244,627.163621170226,579.856628322478
507.957087282087,687.878989236095,700.096261155577,726.207762773312,697.348810431209,604.54113902939,560.039988631547,705.108940225159,634.700284590985,659.264016520659,651.528453152025,566.606016996308,624.650953166741,627.264262615497,580.041115865392
507.748260021007,687.969124142956,699.77989883899,726.451036055461,697.429055820467,604.746589521866,560.079386829218,705.011492340673,634.670190037559,659.224457518649,651.626972537348,566.615649879626,624.287190461177,627.322962904899,580.264287484728
507.498293742543,688.048242200162,699.451525065283,726.694071077261,697.515740295893,605.000744895598,560.117532804217,704.744559955703,634.641387356377,659.183991335811,651.662496413598,566.624458463375,623.925349509918,627.372865085156,580.471087282669
507.056370865697,688.124932376697,699.097927537008,726.933395330465,697.606609508469,605.24593731588,560.120284921683,704.705935254155,634.612357166107,659.155509867726,651.701364271674,566.634485658531,623.593260856611,627.415986907177,580.63980197447
506.571557397984,688.196670156925,698.903368788339,727.173158899489,697.700472075923,605.44123416276,560.082363012362,704.761411883146,634.567601237312,659.142085691796,651.725382830973,566.657873604636,623.265345861953,627.454202410127,580.80049630663
506.034864666249,688.277906533262,698.710269867645,727.455801779536,697.819517459448,605.666072782385,560.044554963514,704.887363030726,634.509359976685,659.146123774621,651.719406052527,566.682797197383,622.93859978077,627.473451300875,580.95230587629
505.436310378712,688.346869178471,698.433464730815,727.722935371394,697.947219452993,605.925309673503,560.019276574893,705.095611659584,634.434881934737,659.182546836923,651.686970056889,566.708610648648,622.610977155896,627.482406174134,581.08675834135
504.766022056814,688.402201387616,698.061718757986,727.96436496465,698.049440237012,606.194620386298,560.006097854223,705.470801437801,634.353143694809,659.269528226779,651.583168218623,566.725923488588,622.28138673403,627.468257048806,581.211589198275
504.011427471717,688.444024317437,697.674260061153,728.2056207551,698.150483197788,606.473240583744,559.995923820276,706.039880967191,634.243491919743,659.374348781803,651.349479559928,566.742402009614,621.943572637471,627.425377966211,581.327365341654
503.113800238889,688.477497987206,697.274497136334,728.483678995543,698.2474092184,606.752491275296,560.005753273909,706.808615079422,634.127459656353,659.688352441142,651.046079421913,566.753899426888,621.489404349729,627.388294377376,581.438501778049
502.150205384833,688.501072086451,696.86769320192,728.767725794801,698.337236174014,606.974561282421,560.025306443918,707.595305820352,633.998416726083,660.019681405574,650.7225218245,566.775988222882,621.010145743801,627.370716695529,581.539955666472
501.122132713371,688.516757543456,696.460725087966,729.052088575262,698.391750595208,607.119084890912,560.015725995804,708.32037263766,633.874363631485,660.373194459854,650.411659938753,566.838432796608,620.524253791378,627.382648159705,581.634959507529
500.04936015328,688.528514542364,696.011160745135,729.338018335996,698.435918186703,607.265152972152,560.009867719555,709.008877381872,633.7492567103,660.729938412688,650.093284205139,566.880455462284,620.059005782299,627.399680109499,581.682079790255
499.635170795017,688.524998725515,695.586232422911,729.618694225715,698.468029110766,607.424690968436,560.030846127253,709.614398962369,633.625871524152,661.092735437708,649.754901713299,566.92797250912,619.578900315561,627.414550869709,581.718207674448
499.298854596191,688.530877068405,695.187595646937,729.893819266336,698.486701066757,607.63836100426,560.045719850072,710.159823813877,633.546182546793,661.4072462356,649.375909162464,566.977905571178,619.105947908704,627.390801232112,581.747081898688
498.759334704943,688.556078118659,694.823816798076,730.161794096201,698.490432785202,607.848367006936,559.972056764019,710.939746854947,633.418506674344,661.595796778389,648.861870067554,567.03000441578,618.69232084452,627.341439122343,581.719936431221
498.147117353409,688.578502666329,694.556144168796,730.419250027315,698.454599746971,608.049255903318,559.877402975904,711.667070779778,633.284212834883,661.818818873089,648.307973920366,567.086021688981,618.273160689829,627.280315050499,581.700228634028
497.476206742662,688.600698038319,694.379706094004,730.621964425921,698.404741660761,608.211217998516,559.756604657884,712.373820074184,633.159312488511,662.056615447436,647.73611450822,567.144997848274,617.867074383679,627.217122097929,581.693022058609
496.802683256094,688.631186857554,694.078004991334,730.778324946167,698.354536764949,608.337996785271,559.612484042488,712.802510258069,633.04553470455,662.307320532748,647.133756968523,567.228811993535,617.454009912665,627.140070400918,581.702030927306
496.152415792186,688.66313162826,693.596094418767,730.915720109671,698.19896630552,608.463084596905,559.459301653516,713.15938035028,632.928574539091,662.54956276578,646.527982667045,567.326717347277,617.054481710552,627.044835224915,581.733051569614
495.512401426892,688.696095633833,693.06310142599,731.035137064906,698.031037829396,608.579889608203,559.296691812529,713.425213560778,632.757028573943,662.800016004621,645.799988821669,567.416736206171,616.655427490518,626.898534108669,581.803500006664
494.83132245988,688.735276574211,692.51912455251,731.138152023324,697.857769002992,608.685280190762,559.042555496993,713.661838007235,632.565428156897,663.039406091682,645.08119861761,567.4893595671,616.233381974544,626.722759990747,581.835017103768
494.196615391629,688.777317921212,691.940567701161,731.206173961647,697.67379371707,608.756556689228,558.671088210524,714.02934576236,632.362733864084,663.229401694805,644.495789992141,567.567386175461,615.844991462145,626.549696659521,581.880263928762
493.77141572761,688.833565078703,691.338473684775,731.264070096396,697.472284266635,608.756688996532,558.29986755243,714.459290346115,632.15284768676,663.438086054484,643.934360727739,567.650603485129,615.467331733188,626.388254291656,581.904357441523
493.385685236462,688.897285233227,690.710744503372,731.307712593341,697.239761137194,608.74879881701,557.921258765995,714.962224269945,631.950851655627,663.635300623759,643.476097857571,567.738634406008,614.988250856288,626.255440247518,581.934274461876
493.098146098611,689.008905796206,690.090745645346,731.350336079916,696.997836855351,608.778789994826,557.529962798627,715.487678250365,631.755244663325,663.821836772686,643.014173557136,567.830170629925,614.555958735939,626.108109404978,581.970677070191
493.651224092231,689.127543527563,689.502221840578,731.394552156184,696.741424247938,608.823150022641,555.67436245219,715.877613565801,631.564469736781,663.999597711438,642.588994831786,567.921973830127,614.159153346639,625.967737026567,582.017006761089
494.210930711904,689.251144800962,689.149195101351,731.456490267509,696.477381402586,608.864706672263,555.385634592105,716.329403439313,631.388049993462,664.015949028765,642.220666733995,568.009638940347,613.822195676585,625.842481546673,582.071311609415
494.746623076708,689.418590533553,688.804800843234,731.497297924039,696.203762127815,608.907903453328,555.037876327204,716.848012669311,631.217419092603,664.024128806388,641.799257901287,568.088622074931,613.495856040798,625.754755354324,582.088257230371
495.211073654166,689.585034880381,688.502551590902,731.538970847982,695.979963448523,608.946230391153,554.685529535738,717.416795320688,631.052621058331,664.026925563424,641.400442356731,568.15530946319,613.154119069782,625.664586458835,582.109290205154
495.639901009618,689.750148704951,688.225480278482,731.582599880298,695.768966693619,608.897985904432,554.45620125257,718.014097282308,630.893204663633,663.998873860071,641.038639143285,568.208080579361,612.832848782184,625.578833984161,582.135336281895
495.988592320799,689.917447219467,687.676843787494,731.631258012347,695.561862508136,608.850772687258,554.470178288368,718.388820209801,630.74199852833,663.911229930725,640.695083194256,568.235429462279,612.507363380199,625.496401583269,582.1619217209
496.245924592874,690.059520967827,687.118542524966,731.686936814223,695.34497609159,608.805467875563,554.48240266429,718.727500204555,630.601379641403,663.833744202388,640.397126228629,568.272835962679,612.198421697204,625.405109554467,582.236172038209
496.482700971807,690.185613674812,686.546971155296,731.759903992713,695.135670233702,608.724672236194,554.453156974473,718.706775658484,630.460848860286,663.777463968451,640.109047180426,568.313194486659,611.861714432875,625.316575505608,582.30654863045
496.703258147285,690.306850657258,685.997402523088,731.83566770507,694.925604436238,608.643782731484,554.38875785294,718.782515629152,630.314303362879,663.670415265338,639.877835999838,568.342605818944,611.546391149476,625.217987637925,582.360222852259
496.891763247991,690.432549803981,685.818931170565,731.917005340194,694.758750277777,608.576273898207,554.317325413536,718.803200963808,630.148781788562,663.586324734745,639.782073821281,568.374907204439,611.16794964383,625.113290440933,582.412487897459
497.117409094463,690.562772545474,685.49026326473,732.041799520591,694.557183566805,608.521720773997,554.227932263144,718.800245961274,629.975126343632,663.57839809113,639.704973381235,568.388293046706,610.727559253524,625.027600090034,582.447855063746
497.398797190359,690.736236992778,685.364363134275,732.18968127769,694.364090613834,608.469145140843,554.149809364054,718.976852798829,629.791847718442,663.558346909185,639.432376748783,568.393484407871,610.25758092628,624.936510871129,582.45476893382
497.659109999137,690.920396543946,685.180931921128,732.315847838192,694.152000533492,608.417633403844,554.040444125747,719.25095077736,629.597614263143,663.527813065718,639.131229978487,568.4004837303,609.769214130769,624.810520301804,582.466544143111
497.944708408636,691.093286847075,684.841277428514,732.424461234303,693.91224315939,608.378077002687,553.924158137593,719.409806169112,629.392276372667,663.489153773922,638.748015869565,568.409126342603,609.277873572707,624.708325671848,582.484973838189
498.124881533101,691.270550025475,684.67247834531,732.557884281757,693.568504870371,608.346406806436,553.780259942873,719.578354446554,629.177452120696,663.44521586305,638.357135961602,568.423728656387,608.752263406053,624.611493001725,582.512317820387
498.335837729681,691.449366903847,684.486587038556,732.667203282556,693.208468079745,608.320632547798,553.64861677516,719.752848994685,628.953083277354,663.403726795131,637.9156256112,568.464240722809,608.243183216439,624.544286193792,582.530337516697
498.516612428986,691.620795623834,684.445849321709,732.778744967137,692.860222030694,608.306150110561,553.531490331858,719.930594875085,628.720729500578,663.372657116512,637.4456022136,568.534336855688,607.708240859434,624.480536356327,582.55118883555
498.679343227259,691.780348253914,684.31430667883,732.855272237824,692.502886016287,608.12383287284,553.436721022143,720.108827609008,628.48029237082,663.301537213788,636.953525580129,568.610087233714,607.150298553697,624.427757760456,582.577205190271
498.757947182683,691.924209413411,684.301781191585,732.875629374458,692.135873653634,607.915016798486,553.363977574545,720.285052268262,628.246025281596,663.231800015516,636.375783864775,568.688399979168,606.576939035683,624.38338402933,582.597186455734
498.822230976749,692.008220277733,684.302353387073,732.891307171387,691.77408356165,607.724150887112,553.274904477085,720.457665903073,627.984558266248,663.140597378372,635.763966514272,568.800239568968,605.997499338002,624.336718417257,582.614461227812
498.862462624773,692.071945721294,684.309288310693,732.902000976002,691.405022475673,607.510234338314,553.21363628287,720.845145094067,627.730003327426,663.030291332565,635.116282168813,568.90831270363,605.472442738393,624.248255794151,582.643759131068
498.879758851578,692.088419183695,684.541489930653,732.900368124002,691.03777487327,607.307863081508,553.158424997831,721.294692433479,627.463765114659,662.880097562062,634.440625240054,569.025234991659,604.941903676564,624.137600563053,582.623836878583
498.902533209818,692.089259834037,684.284812509917,732.872467552261,690.67593514255,607.125478025228,553.151407261054,721.763262866907,627.167361697245,662.742305463831,633.937156317826,569.04624163476,604.398379303253,624.02664448663,582.603955519824
498.886005708042,692.075926441584,683.962126940422,732.884935172055,690.273817003442,606.957742366803,553.104718629122,722.240313827506,626.863274117925,662.589548601281,633.4495131555,569.024749176087,603.873221691867,623.917951165324,582.578438845769
498.87873912545,692.049548385755,683.330799356005,732.900797827279,689.837115502088,606.793560477147,552.989879640138,723.008836663594,626.556150922257,662.424577803911,632.715175810106,568.99672205828,603.366942960027,623.814229507797,582.544097156667
498.916170503038,692.016052414238,682.695407519607,732.883534994248,689.384946623197,606.66371515677,552.846330983824,723.567135260776,626.257046458941,662.246161160356,631.933643486871,569.002072955296,602.884294016937,623.725216251594,582.506012907597
498.919209711508,691.97708353041,682.057974926513,732.76486777386,688.87497074452,606.522555711182,552.678099090434,724.582051981433,625.957003511882,662.056678686537,631.126431874246,569.006752206758,602.427760821981,623.71069603043,582.472463269226
498.977630371032,691.931164573619,681.504078492502,732.54881349497,688.324735053497,606.348742361688,552.481755439403,725.634916559083,625.66107685838,661.852402012111,630.310777064254,568.976645449365,601.997676944065,623.772655966688,582.466342526317
499.152457399767,691.879129146832,681.08151719602,732.340034876008,686.406878807584,606.15102558456,552.264851320804,726.572491060714,625.373504598297,661.64164475961,629.499386739441,568.919119074699,601.609655367736,623.881970540309,582.43685970769
499.320953667892,691.81119160541,680.641147119379,732.141624916993,685.842043801797,605.94209429684,551.521350309148,727.413914492427,625.085449143964,661.418513522814,628.709236827353,568.855065603982,601.228401317095,623.991699270418,582.421516711386
499.439189943106,691.716046241675,680.207358988346,731.889685803171,685.287293930315,605.569021558505,550.654184061384,728.26486097431,624.801660195269,661.086680954085,627.962254099887,568.758879760614,600.866776039612,624.098266926332,582.391124742111
499.542622161947,691.621695420682,680.199804937166,731.665730517774,684.74896497894,605.179754196786,549.751279319309,728.804031420585,624.517632270666,660.715072421791,627.396371436692,568.660028192411,600.522929612815,624.160306507933,582.374848478951
499.632024669502,691.529805908944,680.141155918379,731.662387194349,684.232754315515,604.822668511884,548.85256792899,729.582767394354,624.205339465386,660.292674763616,626.866710267834,568.560417562377,600.250615989118,624.196972973607,582.346896112725
499.717229204297,691.441303676223,679.947999038236,731.652957976447,683.743143899963,604.397977324503,547.983795653801,730.348524377718,623.894393319594,659.850750697562,626.371557366145,568.461722123714,599.990567349416,624.218588625473,582.302392973788
499.786652400784,691.318939790876,679.695608305034,731.646232733525,683.285534555919,603.76582942986,547.211788767229,731.088868814114,623.593231347674,659.404022478626,625.863758572064,568.365043916327,599.738092564987,624.198644452692,582.206135915738
499.812758980432,691.200289830849,679.390852846099,731.613764799586,682.861183790956,603.094583824373,546.519031197277,731.793003054085,623.297052310035,658.95361453358,625.483835785079,568.174239314388,599.492373237011,624.163173368927,582.14327488306
499.715309469259,691.087389239041,679.092078722581,731.576540073367,682.468742963257,602.395521574344,545.97185195755,732.451311880737,623.014676215521,658.512387478128,625.046736855302,568.066336603611,599.20305332107,624.091519192095,582.072760281769
499.561117350394,690.961086962013,678.929158623947,731.537048707891,682.094878446091,601.680403427713,545.57246666348,733.055635228988,622.739843671442,658.098658997205,624.760370009719,567.979334778812,598.915635157976,624.018869206387,582.012058378788
499.262824363968,690.862903809787,678.629617734646,731.461257125264,681.787067060267,600.962286239656,545.538552069007,733.630358869935,622.49775414846,657.708477012104,624.522932418662,567.921508335926,598.627485920922,623.976965338627,581.951508242727
498.763223023405,690.793189305089,678.318569357204,731.424812861995,681.50711584828,600.254327811216,545.565487093487,734.144052308929,622.285914347652,657.3323276463,624.273976106486,567.864437635065,598.33728210498,624.014490642559,581.86968133248
498.350904405067,690.730913977618,678.000732246456,731.404262124188,681.251372528506,599.6063137702,545.600085457474,734.595620910035,622.085632787755,656.970716121375,624.014473264856,567.774964031045,598.044595028402,624.186799170696,581.775389853883
497.869671024924,690.67038418684,677.68105077883,731.379427547321,681.020777812948,599.036503987787,550.943833080654,734.874620987078,621.909666721758,656.628994447508,623.754611748484,567.684356360982,597.734782557428,624.382568830563,581.662552579012
497.315562608545,690.570353256948,677.363924684563,731.364280579993,680.812386045958,598.502494185933,550.943660027422,735.07059938379,621.745745200864,656.301086817524,623.422177305827,567.565494446926,597.421072599681,624.5950420972,581.555139387694
496.686183268687,690.433736170633,677.247649794379,731.342137032774,680.62246835245,598.010140747709,550.945542639024,735.01712883171,621.587986085725,655.913424477959,623.133980491448,567.428083982032,597.091402309861,624.817460473623,581.455705346659
496.267396911499,690.298415738198,677.378767043547,731.361258054092,680.447069949127,597.566941461524,550.949683203208,734.905565323216,621.480414446548,655.524263817912,622.87354143774,567.276032640184,596.770829020747,625.04381295012,581.347995442862
495.790626442705,690.166041001488,677.540607874532,731.346140854678,680.275160793975,597.183074840017,550.956171600167,734.801371159933,621.371182863202,655.130823283834,622.624980143527,567.144430457141,596.452238261046,625.269422426137,581.253272524392
495.228093625923,690.038449851462,677.847032642746,732.371568730506,680.099941109006,596.988754590884,550.964476264583,734.690349124089,621.253234123264,654.741969212781,622.382163752054,567.000237699513,596.13314580605,625.491317349305,581.157994967905
494.565017359683,689.917272404738,678.190292651148,732.319268641785,679.908814154289,596.820283671992,550.973100858914,734.579568712591,621.126645870298,654.369379653306,622.256442633933,566.815661974833,595.811157563709,625.641573229092,581.093459982943
494.261325426857,689.804204104424,678.519316662019,732.24284180374,679.712216870356,596.696043572061,550.973251782536,734.478474438078,620.992459904256,653.99289811187,622.105815615964,566.672558172048,595.449259892682,625.796350844557,581.01183810073
493.95458279209,689.701305862732,678.955354810001,732.159716756125,679.498648132634,596.599240098715,551.018904111027,734.795965583397,620.853801399975,653.599642472247,621.792654214995,566.520912645335,595.09884804511,625.872364796324,580.933159782453
493.673772054435,689.634397367743,679.59755097318,732.077356847155,679.25536452849,596.530631516154,551.059509280086,735.117744348075,620.704408515101,653.209556919718,621.544764764857,566.324905103522,594.76222777308,625.932718469562,580.870897631218
493.386803355691,689.620685447218,680.187508771515,731.998138390143,679.021461984394,596.48832236164,551.128356005791,735.474039663009,620.585703030654,652.810543098716,621.285917839078,566.173165067492,594.440472973543,626.002478814129,580.795249757355
493.112781296573,689.59133013577,680.672353683697,731.920247492743,678.773000163134,596.444709444855,551.194994746233,735.772674337427,620.48181751022,652.385896382997,621.006649765041,566.024414839287,594.133708373816,626.084403518455,580.706031100332
492.864109920236,689.547936472966,681.048221893839,731.867238724757,678.510841210455,596.459382078667,551.256565677931,735.976738510791,620.386114300206,651.956186475222,620.750140597036,565.877383068216,593.787677811954,626.180226034592,580.609009682655
492.598262544047,689.511916589121,681.223132737102,731.82029423323,678.236176418916,596.528073035299,551.255948132,736.143500073943,620.297506960327,651.441953595973,620.499234893259,565.734725140904,593.449460046609,626.290366429793,580.473957020949
492.374457315469,689.465473231241,681.357725215349,731.780561052538,677.925603000474,596.624121518959,551.198181058239,736.076928725186,620.209305463249,650.978005854989,620.140987480658,565.601813668655,593.101310598313,626.413552736657,580.312013046807
492.193304410569,689.40384651079,681.487539654626,731.748183954977,677.607847752598,596.721432866221,551.145306214564,735.969781102956,620.082187990649,650.511802889925,619.75106528386,565.475696494074,592.726244089767,626.498460159254,580.149404081282
492.078123367752,689.346488303453,681.591633545338,731.680282928345,677.285456539856,596.81841758159,551.097207244621,735.861202324698,619.996022204254,650.052399447964,619.358560955876,565.325906298641,592.34329590971,626.618696620631,580.012580111076
491.996281464967,689.309474709129,681.638875815435,731.621676229342,676.950892770253,596.898132433792,551.053354283555,735.720374568628,619.939327203382,649.609987222702,618.951879479322,565.171621922108,591.96951007677,626.763623231882,579.887633502652
491.912306598664,689.27969352065,681.779295200297,731.539211676409,676.60009473686,596.986020797834,551.013129151575,735.562968750224,619.873664047207,649.207356398496,618.699638227273,564.99725963103,591.605052711897,626.867874742378,579.778582120975
491.877627426809,689.239713856452,681.896163898049,731.457063948551,676.256996922419,597.064246085429,550.975741418876,735.389721423878,619.799923595796,648.894834534054,618.419198324798,564.829745534397,591.245069422689,626.90365301565,579.669838159985
491.755937190266,689.199505465829,681.942577825027,731.370391181568,675.921858520888,597.172784903375,550.939764857285,735.161397905836,619.673633508272,648.588477805759,618.059297828531,564.660929760228,590.899686627243,627.00401987424,579.569968531962
491.764778859775,689.185912347694,681.920723981361,731.27482168934,675.586441636703,597.28059511089,550.903606635669,735.102157428143,619.569400937899,648.288675304545,617.682052022747,564.501668926346,590.560393876304,627.025477658532,579.484290239823
491.667566580283,689.155978221851,681.883097269682,731.166548526152,675.252304212915,597.404004050715,550.866574627323,734.972452981744,619.443909468694,647.990985658094,617.320897611871,564.354300051987,590.227764967149,627.116252614283,579.428290038266
491.669966753787,689.170284409423,681.843099318308,731.042240503565,674.926398152162,597.528980105045,550.829089815712,734.774905579929,619.316707595194,647.693257051532,616.977614244346,564.333519241979,589.897778293233,627.2067019268,579.376167042922
491.792857710761,689.199406865311,681.758565264633,730.899042480417,674.601179990312,597.666981440524,550.792616353363,734.382368559117,619.187814110044,647.390454336947,616.640926674542,564.314276528115,589.593495875237,627.267541212311,579.325929102295
491.878875446817,689.139721636877,681.645604334835,730.734634166436,674.259741873293,597.780593032041,550.759240752516,733.995962447655,619.078084539133,647.087394475514,616.315667441553,564.295449112564,589.267279161044,627.388113104996,579.275324537806
491.967799874797,689.090724716338,681.289110607877,730.524302712454,673.932925300288,597.91481396099,550.664423026972,733.448681248319,618.960382628168,646.7728315983,615.998593966434,564.275710930822,588.943671086907,627.465564232881,579.192815052198
492.07544690881,689.027309108642,680.967145275731,730.294964602501,673.596933513139,598.041237288256,550.578725774473,732.89097151175,618.85655329911,646.447063706658,615.694676501619,564.225054612943,588.621785510352,627.538369553452,579.099379594439
492.174267410786,688.950392302433,680.638931770546,730.000595088522,673.263555528205,598.167307573556,550.502211404607,732.326170628706,618.712047325411,646.103602495811,615.410202069709,564.14986318347,588.259955354312,627.586464493284,578.998209353715
492.353633605256,688.896839129987,680.31262615925,729.682125722742,672.931691178562,598.203659822179,550.433799898984,731.741914785486,618.55877129956,645.757536961255,615.15006927164,564.073699738625,587.915781171455,627.588499571903,578.911601075128
492.160056695795,688.802997074634,679.985810554377,729.350227133608,672.610176149008,598.143488374533,550.371111723025,731.156613531571,618.324341304818,645.444857931337,614.957716801247,563.992191802643,587.595090893256,627.544410542594,578.825858436119
492.301949580992,688.68644095029,679.637825756552,729.009381149285,672.306532491576,598.080439369636,550.310818222705,730.575558538125,618.104777586743,645.12337777725,614.819494898618,563.892235779514,587.264450044968,627.516759191791,578.746891429969
492.494508274429,688.51850261569,679.298547685113,728.660306448032,671.993780390863,598.018874027439,550.249828816806,729.911814528056,617.861613128915,644.785337641684,614.788389536761,563.777229377747,586.94148370802,627.50594423143,578.666721194986
492.686011974622,688.392374795487,678.885659469205,728.307462863867,671.67216584166,597.970771135176,550.18551194071,729.355536965776,617.628333102102,644.430715395153,614.782711538467,563.64271443462,586.62693018518,627.524403875243,578.610977445831
492.842564391925,688.315350701095,678.419620891742,727.955320941094,671.34268447206,597.932903102306,550.115605659742,728.817548197019,617.401071752938,644.031336784792,614.801654824468,563.502697711106,586.296479907138,627.564102555446,578.569508700948
493.000554725029,688.293222242997,677.926753843997,727.603748119608,671.007121720116,597.877709859704,549.942021262888,728.161727265372,617.185572598208,643.613933924414,614.689204678122,563.383125101104,585.97570650763,627.596868225549,578.543826826853
493.243737951937,688.227787216014,677.418483437552,727.312023483905,670.654874649424,597.815977457368,549.843186644425,727.466140139225,616.973399386584,643.184344951144,614.49669950676,563.330571679555,585.687408452994,627.648712964497,578.507720449738
493.436295792958,688.160809628041,676.873842973294,727.006396856981,670.306383592182,597.766898502283,549.737067722108,726.766576277371,616.765597550461,642.747340700599,614.255792790369,563.281656037502,585.399786022971,627.718344790126,578.462850568813
493.620316845366,688.091257274068,676.340262058444,726.692122713653,669.977019709338,597.675304918278,549.617523055131,726.185402269723,616.551704197597,642.251135467127,614.007205454254,563.255552178802,585.127032582515,627.719958077839,578.419572514471
493.791912651373,688.018209096803,675.703361864698,726.379142529527,669.659564564245,597.589937279158,549.483291992132,725.706212583386,616.340947779305,641.726992422738,613.766395737187,563.223386749977,584.874081497434,627.775837650259,578.377501867514
493.891821878281,687.940782927178,674.956369698032,726.057601485636,669.346254039372,597.511267393155,549.334196881076,725.184246532277,616.106961396905,641.211952775369,613.462303250174,563.177123284561,584.634125766691,627.808995948873,578.311437331775
493.96399712024,687.861095556786,674.17660135098,725.722141479794,669.038995991693,597.418948326386,549.170758522332,724.669161418463,615.840704444312,640.662391476844,613.200775477463,563.102753496677,584.377815810026,627.882128545051,578.220234388672
494.146331557251,687.763663993841,673.399130931571,725.3761962467,668.718794970822,597.307337589604,548.993799124084,724.07010820729,615.587994991308,640.122941472686,612.897389124779,563.034345422773,584.134932994079,627.937953581755,578.134957075616
494.603110824379,687.643779424494,672.649506456725,724.999161293154,668.340948258979,597.205538255195,548.804464206192,723.279637759422,615.321398493734,639.649904808223,612.591608365284,562.955699046571,583.904466446526,627.974591467914,578.054510517901
495.28312373821,687.567984213553,671.903424691112,724.635426139798,667.958827722894,597.113399961311,548.604324110193,722.46764057943,615.092329544328,639.220217102287,612.281763048861,562.877580391637,583.658971579109,628.010202507268,577.976763870268
495.956355022326,687.487100688214,671.133901037706,724.243592639929,667.552365719743,596.983133636295,548.38240314511,721.487323485473,614.859980645065,638.818766667112,612.000123171818,562.803271796493,583.277948835717,628.037116177714,577.899042914112
496.574214319014,687.478374834749,670.371093287118,723.820677259111,667.140095499284,596.87191587603,548.16184029084,720.375470816359,614.578484028022,638.457329614403,611.727469295235,562.739405287111,582.884166800108,628.074254561208,577.82100340622
496.987146960587,687.488368639703,669.629147972254,723.375421783776,666.711766522032,596.806130661803,547.859042133986,719.146508569762,614.293072347344,638.126633070561,611.456767317591,562.672208365452,582.462762869835,628.118479710413,577.736829620053
497.322525374095,687.499313335776,668.983246554103,722.92662213102,666.269221018674,596.697321695483,547.500840755375,717.791486593749,613.992786642586,637.814808115631,611.222564230231,562.58013791518,581.95156443414,628.183081672772,577.644498777794
497.430935731286,687.49171162404,668.267433205425,722.465244177946,665.816022211086,596.587212715185,547.230073668101,716.308288063557,613.692035208576,637.518359265573,610.927550275504,562.504693773947,581.42696095884,628.307272384949,577.491298883135
497.424167421932,687.484075080451,667.509890227054,721.937568806361,665.356859809431,596.499485472395,547.048487450015,714.729231381471,613.425410721559,637.265728893244,610.60318115699,562.442465854698,580.89631033159,628.408493290111,577.315667169928
497.321257743541,687.439196071988,666.718440903279,721.415484764993,664.859035842695,596.415232084185,546.919853493477,714.106148646895,613.198558194295,636.997836039796,610.261928324926,562.383009962942,580.367726702914,628.488308878516,577.130434677192
497.094723768401,687.394735810441,665.950769701729,720.902737238308,664.360172677497,596.318701430474,546.809181324537,713.647222288784,612.964626464913,636.729203779512,609.914670994478,562.330976662944,579.849416892824,628.562250139509,576.937353667276
496.816646023803,687.350287307398,665.15298123141,720.393165239333,663.863623777801,596.207918035152,546.732670626095,713.20665187414,612.71824910351,636.461632551024,609.549749038722,562.264746927391,579.349116243432,628.644632118667,576.714854381017
496.476015580016,687.293012381823,664.329775384915,719.8923079291,663.376795183871,596.10145367221,546.662906943915,712.863747683548,612.472035076988,636.176097066843,609.026276931243,562.193451146425,578.873943297326,628.6882601876,576.492073214654
496.076168239932,687.219978430881,663.446261203075,719.404494190132,662.922327864096,595.985075217634,546.600834127905,712.384561074797,612.228259940504,635.815963938045,608.548727864286,562.122383263093,578.438813062181,628.690798693509,576.265585798888
495.701475865612,687.127517600974,662.638922633101,718.903645956336,662.496311845126,595.859909641681,546.546965274694,711.873169940853,612.047225722091,635.469717472459,607.928028713543,562.046957226446,578.051748543804,628.700320371751,576.033074178757
495.306129267561,687.091991988214,661.835400169973,718.376609769646,662.157775624106,595.753975650406,546.522341134214,711.40790843657,611.874610964141,635.143258712244,607.270280975019,561.956567443129,577.709095633923,628.640450100063,575.794711233066
494.932970535001,687.055181570061,661.021257970749,717.855731755607,661.820532594275,595.614695334588,546.499893737897,710.619567222014,611.689099349126,634.814753506876,606.583296258751,561.826779930107,577.395017342053,628.536098080379,575.566813188273
494.627670766751,687.032541545443,660.217251336068,717.349866924957,661.477146876469,595.472572825844,546.478467955945,709.93801426105,611.429169727149,634.492539291317,605.877545266454,561.68292968031,577.108594042095,628.431104311431,575.321258117294
494.423587140463,687.02598010193,659.395229598724,716.85994097236,661.140491881727,595.345342149295,546.424298467721,709.277360894494,611.175067620448,634.170069896445,605.164760297993,561.5200165224,576.847627022277,628.311877720524,575.108488981994
494.409163628485,687.020164026295,658.631543208293,716.39743248095,660.816681232626,595.240956450665,546.406418421725,708.648745107581,610.929878308884,633.872244377414,604.457030627379,561.37673928684,576.5962465562,628.241634372717,574.891244539033
494.392218761542,687.007001591172,657.890348178965,715.939112615805,660.499076615367,595.166068871774,546.426674199954,708.262225304882,610.70505661704,633.509377762593,603.771630315351,561.2013002848,576.370380444117,628.148015739706,574.670119832877
494.355221706036,686.978771976757,657.181162291403,715.479846712769,660.184707351986,595.088033320223,546.327080812085,707.861721092927,610.568786710224,633.097561818048,603.120619691435,561.028039703321,576.129446957268,628.110564202138,574.456742252352
494.332914018278,686.920443044709,656.517309327973,715.0144650202,659.879802743354,594.919770530074,546.237864724631,708.344009071511,610.504294133252,632.633089429715,602.418934469666,560.876152024054,575.86250393726,628.079163149459,574.272970399187
494.445576366076,686.833189450178,655.901970542252,714.565553025849,659.584326162354,594.666934129673,546.195695813002,709.079947075178,610.462389288031,632.100881048508,601.744938496729,560.750819195309,575.621852520755,628.27008733593,574.093681908261
494.558885170201,686.738324552989,655.336104425478,714.118897308266,659.296436825644,594.384935812956,546.158894478236,709.757534722597,610.382945667788,631.533117413299,601.10306509892,560.637103875474,575.387829468221,628.234557499824,573.912852547003
494.673866774634,686.630243362724,654.823045691455,713.679155053205,658.999945845197,594.100329175972,546.15963091094,710.43998943652,610.330635409756,630.90182751746,600.548528422994,560.542903084423,575.129467387849,628.191981516924,573.752486096429
494.793107924567,686.476528112483,654.382909013367,713.244848797656,658.723838313199,593.816322478311,546.141393074538,711.027292783235,610.324830156297,630.239767003964,600.067066718493,560.479719961476,574.888172544421,628.171032185479,573.603090571802
494.919900131854,686.311639310827,654.041760478004,712.739268208757,658.556959093695,593.535796618834,546.174741947487,711.515080387999,610.416873858625,629.537824466713,599.510871387449,560.4389482717,574.681037537238,628.164156741149,573.473061704806
495.069182164521,686.120147904471,653.742014120346,712.170226433259,658.303558680277,593.306553436899,546.230377471433,711.69873764302,610.52173028168,628.809754761305,598.985950030298,560.385082365005,574.40871569192,628.218438429284,573.361014420794
495.229166230831,685.908190910485,653.505074804481,711.612530582793,658.021356251927,593.086929430512,546.306211178613,711.412800150169,610.638297209949,628.05210677979,598.494115998336,560.343754704815,574.144153597206,628.27163088447,573.251638833758
495.47015437865,685.688995481619,653.217273995731,711.055360695045,657.739526821222,592.877410695891,546.410742236509,711.24586003095,610.775098129149,627.284925290278,598.032368124522,560.307835056583,573.871661119157,628.314844143162,573.17294238026
495.844183044316,685.468723972,652.890591351965,710.478501808253,657.457743833642,592.644503308758,546.501233678845,711.25670878385,610.90295605202,626.515483806996,597.604321470089,560.260394376001,573.592848041132,628.35673822145,573.11698845027
496.159305827668,685.244915711825,652.568408756486,709.870578942992,657.17562608505,592.43767356885,546.523585601978,711.549988468003,610.965066378681,625.745420028869,597.203839373778,560.202508662011,573.301790174128,628.385150891869,573.044247313084
496.501637193099,685.017004780195,652.194371857344,709.220706795325,656.891698338847,592.245055098037,546.540159473946,711.699459300151,610.923297212094,624.977546017928,596.831896432204,560.095052139063,573.011518584789,628.391754590835,572.981736517705
496.874004737839,684.785889524947,651.787490632071,708.518809716786,656.603481936954,592.081303239202,546.518393541497,711.848923128754,610.872669087767,624.204723412351,596.481791769421,559.992869596045,572.698790266181,628.421374747414,572.951381547472
497.335997479171,684.541318544433,651.313258626415,707.720778125897,656.308149664585,591.913780389398,546.47956382839,712.093319759706,610.782391340119,623.398560958366,596.124654463013,559.912527508186,572.360839744492,628.44893303965,572.904290025348
497.834572500335,684.28399546872,650.763235535386,706.871537006226,656.003180320624,591.753253445787,546.432722503977,712.402366952193,610.674630433736,622.580554880316,595.754025152726,559.801105010462,572.023057560885,628.489467912701,572.846552018311
498.327281141682,684.02503365239,650.124094973334,706.00037344603,655.686665661639,591.60599952838,546.384924267772,712.332277951808,610.584471293192,621.757004635235,595.389729286236,559.696801574899,571.688544067601,628.549147528028,572.823163344315
498.791660833262,683.772510525894,649.386921198308,705.093654350415,655.356759532596,591.511849836937,546.334311844772,712.273857124562,610.508951322903,620.892256417859,595.087915275436,559.585159607949,571.364473578225,628.608154135329,572.787113633517
499.063521175788,683.521991565425,648.527810793975,704.171406720184,655.011695818813,591.393208309061,546.253237208869,712.226749311682,610.377589694738,620.049795490156,594.766570874321,559.466327384646,571.03733838254,628.634882557299,572.746772746111
499.22898568519,683.276717019293,647.461665235347,703.243137441063,654.609142131605,591.271419304303,546.203565986482,712.19053633927,610.217034277236,619.236150092119,594.428003594533,559.358566422072,570.658166387411,628.655916166344,572.697494571731
499.339396837599,683.043480008546,646.278048645513,702.342605690441,654.115852789699,591.14912785083,546.214348510249,711.997376808582,610.074084745437,618.44188546972,594.114862274328,559.249519874942,570.260867500391,628.722175099046,572.626731049967
499.321710959379,682.818509439286,644.996170387499,701.480057428964,653.606162702561,591.005009355242,546.234534255778,711.751397594501,609.906073829895,617.671401679915,593.841691326048,559.1411868832,569.859874398715,628.745056780589,572.540603751131
499.377160191956,682.605569065406,643.665534466276,700.659109580159,653.082928307728,590.89128429423,546.262487744128,711.482531660477,609.773566371314,616.904529525132,593.543606738507,559.008447278112,569.443676665785,628.712179098211,572.436126267113
499.354715915695,682.397884975739,642.276249643628,699.878685354242,652.54848341366,590.759916230063,546.205655848594,711.325448141363,609.623439974144,616.155602260148,593.222635781597,558.826922932513,569.021815621231,628.682427669735,572.329498729392
499.273303840914,682.19934405173,640.862336440612,699.13267470478,652.004545963528,590.607719260135,546.092860568998,711.174262715699,609.471418668725,615.446651887158,592.908007949754,558.665196896232,568.59738315582,628.65727763386,572.232896437182
499.170776069384,682.031984981385,639.778066834131,698.408474691578,651.452094444313,590.455667116429,545.952737736019,711.002701068141,609.259703008024,614.782135041052,592.566477255333,558.502182895419,568.158050810893,628.616151406364,572.125616746689
499.065828423953,681.877602565178,638.821156289245,697.709338177551,650.889981889963,590.310176266191,545.79155933692,710.825051007786,609.013973471081,614.164519157609,592.164985004062,558.344144114107,567.698469677614,628.581989626106,571.947716773978
498.960425981083,681.776960333363,637.914881988574,697.028642519331,650.31887793799,590.154583232422,545.625178411538,710.60643468878,608.760382847428,613.616894176585,591.761159910864,558.231634942948,567.262005410611,628.573483203693,571.741861412798
498.840786325998,681.696659982969,637.243526342449,696.40208700078,649.741429199116,589.977402692387,545.44854174689,710.069545887889,608.528002437075,613.096403770521,591.356146120398,558.12102938706,566.905778614892,628.570169129758,571.547801802295
498.760524240117,681.618422625248,636.633950861787,705.855608904803,649.158727837124,589.744814660317,545.269892678637,709.42247507125,608.266775909478,612.639710094999,590.957762784245,557.934121343484,566.563897528747,628.567692261353,571.361014128897
498.654574786921,681.545558180342,636.066730547032,705.353292310094,648.572875438811,589.478472965075,545.064586665603,709.038663778639,607.993997280811,612.215727332808,590.557143298727,557.726459213793,566.245149759862,628.563473224789,571.190638232103
498.406057788991,681.475799083371,635.558768854575,704.861154413013,647.983157118651,589.207318644817,544.822403115562,708.66795406263,607.690122272492,611.802775044301,590.179553573831,557.527195117434,565.936779729675,628.565966904773,571.055419909346
498.168363888241,681.414730074917,635.113732161268,704.373056870757,647.394614081158,588.889186919407,544.570069754029,708.285704933198,607.383238261208,611.398602674952,589.854326272352,557.34153660972,565.631013378849,628.019353123426,570.922881636417
497.95559967911,681.363886718595,634.694079106233,703.883216587862,646.850220268655,588.571410197432,544.307339163845,708.036545795569,607.063246615878,611.018097079569,589.513361735607,557.171276722881,565.331069431657,628.027227740499,570.789140125558
497.734792243721,681.320197027427,634.307467150821,703.386142585325,646.357679171036,588.260056275836,544.033354411858,707.791333829933,606.736945428722,610.643713405844,589.201885849367,556.997060333979,565.04401112793,627.92928176791,570.671993735626
497.536425221535,681.28240415975,633.914173071131,702.876681803011,645.865879078256,587.990058649202,543.654910882704,707.541127721871,606.408164793833,610.258911303954,588.905314987026,556.801603924151,564.770587682384,627.737769561515,570.566670424458
497.338316448598,681.252588863004,633.220235396994,702.369474922515,645.382080986189,587.766087415124,543.255158467956,707.338964378159,606.081928903404,609.838662024843,588.649539988616,556.60171383716,564.512901863932,627.532804586817,570.509984041618
497.183902780585,681.231290074942,632.769032388543,709.574805269407,644.907877443617,587.568706049099,542.850247634149,707.058638585341,605.763626905673,609.375487374558,588.440254830633,556.399859281108,564.270962110609,627.324662783708,570.469294089956
497.047881522107,681.200150497501,632.321451990742,709.044831364921,644.443715073131,587.398311394541,542.452238855013,706.81984304131,605.430116133943,608.876716295652,588.224087417168,556.199043300741,564.041389927102,627.077440905467,570.429279400515
496.932201317045,681.244678118595,631.793465288143,708.505846054152,643.988926473014,587.247044807169,542.066567447667,706.584534165391,604.933082252404,608.327617101706,588.01039712279,556.06156288828,563.823293668161,626.853347767018,570.400541319343
496.835169266585,681.303783426198,631.280823522093,707.917031857085,643.543432623988,587.097944293648,541.695620913095,706.410431731715,604.455043947443,607.727279992918,587.81662839568,555.927505294338,563.658665343117,626.643910303793,570.405128050871
496.735222836471,681.38340676637,630.688239921231,707.297715915641,643.068175118806,586.946840327283,541.33416741387,706.142622781585,603.980957104363,607.079974972898,587.605639347025,555.817022533636,563.553166470407,626.476970830685,570.401849893182
496.631967272565,681.476467724692,630.072533004834,706.642239511267,642.61785034619,586.789475382104,541.051843777005,705.842824104914,603.521667858384,606.454160900133,587.266557574898,555.652061680515,563.45953087149,626.317592509845,570.344368448546
496.476004902321,681.581722373114,629.435310843396,705.937859619357,642.188619448353,586.659755863931,540.811112096723,705.508908569532,603.095848090778,605.810646704658,586.841319403819,555.479046415998,563.36887058818,626.124176876382,570.306913923725
496.440460539855,681.699666467719,628.779599768761,705.2173242236,641.71268207219,586.546277862071,540.577048013731,704.941089251641,602.705031079982,605.150824340171,586.285323361835,555.303907289098,563.276537614691,625.946255078166,570.237079061411
496.396757132561,681.834021393441,628.111144027802,704.453088335873,641.294030266276,586.453371785457,540.361557321786,704.465836845773,602.307096010345,604.481668168124,585.699254473156,555.126813723199,563.180602298727,625.779450417647,570.151386306317
496.346538810316,681.975765339311,627.439803329658,703.687502836348,640.844655318035,586.372971399661,540.15194491549,704.085096295669,601.928962825286,603.809062490468,585.110751896864,554.929670726207,563.043758198256,625.617027994649,570.049527649363
496.406121338013,682.1273914243,626.777358671384,702.899146239422,640.420585700544,586.306523196971,539.957776139784,703.730442788936,601.550841973428,603.049579592445,584.594390759978,554.721596549268,562.890794767151,625.436314486424,569.932952649887
496.355041652378,682.286767808592,626.710814066267,702.107563717079,640.012015592254,586.250201188219,539.848672833504,703.406246455103,601.149768064252,602.293532330106,584.104852160651,554.510640432351,562.73367131816,625.289770207395,569.801673977636
496.382183533016,682.450739168155,626.53891351671,701.318898158098,639.602356921026,586.179250378234,539.738898843068,703.113428394401,600.741971581641,601.516550524333,583.632954059826,554.297291387945,562.54497689977,625.113082211792,569.657287144382
496.424086136637,682.613712772674,626.315553798318,700.527578148854,639.18808327079,586.133808586187,539.615536083682,702.84793216768,600.302078028665,600.755358399213,583.244087436449,554.081987735141,562.357358364086,625.031223463956,569.488823627179
496.464867232357,682.769675644444,626.077764025588,699.774765128844,638.765007248009,586.083772913175,539.469291791327,702.596727823956,599.848750767612,600.012494522821,582.976964136355,553.865164127277,562.170916029604,624.986283946414,569.341737822763
496.532838284561,682.772507901439,625.572713621942,699.074606369988,638.328621660621,586.026216793172,539.317252813128,702.334358331992,599.351435141113,599.284741521305,582.77802354043,553.647398366961,561.987831248103,624.962897801071,569.210785589953
496.619987032198,682.767836573801,625.164632385137,698.400258456777,637.87468889063,585.954108892746,539.137486659414,702.055995450694,598.822347254773,598.630646434715,582.605275117865,553.429746808691,561.81102560112,624.981035255481,569.066294221172
496.737560250562,682.744840247394,624.827300498122,697.728293725109,637.399924591938,585.85995536925,538.951032487802,701.691475376975,598.252847630192,598.045109175267,582.486666269002,553.239248941125,561.639894427577,625.000100165589,568.882367043539
496.928729703207,682.707767522951,624.551695218986,697.01886987237,636.806241358914,585.760202066423,538.80960941911,701.284090505264,597.670952648078,597.445410152607,582.367343578802,553.024782978587,561.46721985835,624.981362367002,568.658222837868
497.303654021593,682.674876970531,624.400059192117,696.395625271799,636.174277200416,585.656937240971,538.669745665971,700.185662130586,597.057131054218,596.830219438903,582.255390536013,552.811619550946,561.298585536838,624.951581643749,568.353463847717
497.714572992407,682.695169118373,624.305919691773,695.79666475542,635.516586410551,585.526383182656,538.511784606998,698.939812688116,596.44491981702,596.20079536179,582.137498401454,552.601626229198,561.130596217339,624.929538460927,567.978266383237
498.150264930221,682.654820134523,624.24549096966,695.22636175636,634.843102105606,585.386963404774,538.329088092073,698.044650468856,595.831194860119,595.516605451655,582.013949831699,552.396983833572,560.935422434985,624.917938211063,567.593764204085
498.601146464102,682.617794698954,624.261273536811,694.687064421205,634.171399735405,585.252879741322,538.129758537629,696.953186016206,595.145867374616,594.791474091708,581.911099754907,552.199995490747,560.694761890004,624.918588464178,567.232934133811
499.092833013301,682.587909440468,624.380615628662,694.183996906031,633.622286004414,585.100884844613,537.878454009574,695.679081914528,594.434949032493,594.025247985488,581.704275827318,552.012633301776,560.449126769357,624.93741496216,566.923202911466
499.490781958162,682.55690314708,624.712094556961,693.716629333049,633.075455608174,584.985514780003,537.652781024142,694.185755314639,593.693304711043,593.206848264716,581.473855097154,551.812205566746,560.197103713919,624.961609703812,566.6343561529
499.807673607989,682.525714773113,625.035370937854,707.207594428597,632.515749000832,584.87998278833,537.430388461759,692.598875018033,592.914594055137,592.483067820261,581.236087075002,551.636672268341,559.927722304274,625.099941325073,566.347555831347
499.903552330022,682.494137297683,625.272716537533,706.987977431245,631.968031642512,584.837111254288,537.225255240234,690.987150918181,592.094333905285,591.751720443042,581.049543522434,551.487538152367,559.666360693971,625.299915670455,566.067212771329
499.729130963517,682.453308610994,625.557623187175,706.777529176191,631.40123265403,584.824601179324,537.081902757708,696.382904442392,591.209967795246,591.057940017174,580.903514775816,551.348722393401,559.398296530281,625.552897201608,565.819527326186
499.471135715697,682.268306318064,625.773156753793,706.576351696662,630.874388496009,584.882484371793,536.921259266664,696.168098099938,590.280028885651,590.329359411204,580.79104103848,551.220118804452,559.132711293785,625.800997146432,565.568277165343
499.182653869693,682.077681072907,626.100397561527,706.38443944714,630.32582882367,584.976966022355,536.766201305122,696.023538049579,589.307570405935,589.640046895614,580.696680195607,551.120415368455,558.869860244738,626.002818136677,565.251560883312
498.875619375949,681.884843728993,626.654152156298,706.142822849728,629.888819019988,585.083704379354,536.624077763636,696.165835832658,588.252805046353,588.878355971705,580.528897841724,551.039768518149,558.605075176869,626.174037731865,565.009123758612
498.640564124932,681.67570866403,627.255880538667,705.850043947223,629.464791052745,585.154078675288,536.492159155506,696.219659473728,587.13679601123,588.097719260301,580.31147217379,550.963273196805,558.379167831285,626.305809857397,564.772987855362
498.407144376874,681.480803214188,627.707660876994,705.554226649085,629.039495254233,585.247717086239,536.395344155187,696.178069278397,585.976530242581,587.342752781587,580.102681662721,550.881450345868,558.138688932994,626.436601834811,564.520129046947
498.183242286489,681.259337492809,628.263547353766,705.25267743811,628.620605068235,585.340300483089,536.31804289491,695.920548857152,589.595021537334,586.58887774809,579.942324042292,550.801556259667,557.896872342775,626.531174688487,564.286379934285
497.975086094841,681.039530402429,628.860970255366,704.937072936143,628.207848313569,585.437270389419,536.228051004676,695.729898621894,588.996218335691,585.84042561762,579.859772167753,550.720247881556,557.652941215848,626.637121227636,564.039869821526
497.938863718479,680.853952461405,629.482348483692,704.603314941499,627.807936900969,585.514189283544,536.103588023953,695.671353192727,588.366370210612,585.102140974566,579.825862691074,550.641964440637,557.393680655457,626.766457760105,563.788134602137
497.843770636009,680.674728445733,630.118511439023,704.247416116897,627.351583304241,585.564084053601,535.984611106732,695.576195597145,587.709008035233,584.301140025685,579.735441936632,550.539252155027,557.12594741869,626.9146685018,563.579980202343
497.758373401572,680.491148201771,631.074385410896,703.866326913208,626.933859361659,585.526936651688,535.862942124744,695.493468533533,587.028236966354,583.455383333224,579.629982710088,550.436562342036,556.854072045781,627.150956369312,563.344939848559
497.688060384116,680.30124883913,632.056300842508,703.459564613789,626.475000308653,585.480878508572,535.733218031701,695.536756562287,586.328285332063,582.682548367923,579.507285041424,550.34828316007,556.581514196952,627.372813907527,563.041905908806
497.491078937015,680.127454987092,633.04778603712,703.036139803406,626.008933280374,585.43256568121,535.606349497117,695.624732001678,585.61332001868,581.860172979718,579.357859336776,550.233750208863,556.289097216899,627.604228117061,562.729628899094
497.23690849452,679.970486420637,633.856655411437,702.624075254512,625.512347221896,585.354240884736,535.464933046628,695.697211266462,584.887475793513,581.055768810839,579.236592860774,550.116022200715,555.994296260434,627.840422863573,562.420237127942
496.985644552625,679.830810057704,634.607916299615,702.201999994068,625.013718748642,585.267276411551,535.3286502956,695.791146509848,584.175719931374,580.284111441749,579.072017279195,549.980728427817,555.669657134899,628.042958567365,562.095317464008
496.737573731959,679.709181635005,635.318912624295,701.774496123465,624.365453554466,585.171499700109,535.189452269573,695.458435891256,583.45536676135,579.519427415081,578.926889148586,549.841611260655,555.324344231789,628.222359038548,561.770212370473
496.494399636271,679.639104539239,635.961474827996,701.346378886665,623.725288126149,585.075475626658,535.000650703027,694.942064825895,582.728741790366,578.774101320222,578.817566492358,549.683322495432,555.001922894226,628.361867954169,561.479264373948
496.259318235537,679.592009465729,636.447982967623,700.872383558736,623.075856446518,584.993898829735,534.804043922826,694.175470904251,581.997348849109,578.038700123131,578.685436106688,549.496648343472,554.653965705082,628.422373418346,561.197972973126
496.104218519471,679.552743166581,636.823600554672,700.394540859566,622.423393728227,584.861521957335,534.599323001601,693.054757773958,581.279290564199,577.314044855248,578.566180082181,549.296274540194,554.282495765591,628.428468099405,560.911976318293
495.953409692626,679.498757680652,637.074217935474,699.931817335545,621.79548728401,584.730627205853,534.382571839515,691.419629547495,580.571956108409,576.605190337485,578.399510388557,549.082469268077,553.90674200938,628.44206371525,560.63438197633
495.835661247578,679.486094488663,637.096322271175,699.488523952652,621.17438585909,584.612798584001,534.13879444157,689.607159425692,579.860506119902,575.903248405184,578.264868611437,548.855677008336,553.51016479877,628.460241848361,560.361630558385
495.765759073173,679.447930626359,636.934586984718,699.042852246382,620.558079744361,584.462227113552,533.904773082233,687.701687329899,579.141237313487,575.216405682628,578.082493773073,548.616552547442,553.099483489163,628.478493696811,560.098316705799
495.621207934777,679.403267918473,636.799512560968,698.607882599584,619.950830019146,584.331679158993,533.643976372134,685.722552599105,578.378948162903,574.542056355854,577.91126106799,548.365626596778,552.691696342587,628.496415177691,559.839520412938
495.361090074586,679.356335162804,636.769698194086,698.198492704707,619.346921069512,584.211556117672,533.35052115677,683.688021709413,577.604687073856,573.885839343724,577.724070636086,548.107661365742,552.275988756065,628.439623482799,559.531601960584
494.963656622011,679.305643809088,636.796468857598,697.814887854607,618.764899176374,584.13498839668,533.016761040845,681.792935908944,576.820632195053,573.249615421901,577.517533535263,547.838622045456,551.882215833735,628.330712183126,559.222566919391
494.487537024554,679.253307549221,636.789931148244,697.449618210914,618.136517958289,583.981908514299,532.632953676927,679.99322388728,577.411065715799,572.580325384416,577.322654452102,547.55574632502,551.499504392413,628.205412855785,558.920240308319
493.92964045159,679.191731713252,636.675286977362,697.218938816766,617.520686379853,583.830454308096,532.187936261084,678.302501960993,576.767486563518,571.937522833536,577.111234627897,547.264090903003,551.102977545879,628.067058114205,558.626907934536
493.292452514218,679.115118880831,636.519154572456,696.984340714782,616.883980635052,583.684093940197,531.67086860082,676.791817244754,576.096032814518,571.319186591477,576.841025742169,546.962289468355,550.683033386149,627.919709923789,558.343640553971
492.583847287407,679.054138908587,636.332860505276,696.734444342424,616.265916645112,583.547101895016,531.073894836448,682.0849677609,575.391826083031,570.676900687341,576.493954582993,546.656361700784,550.262943600507,627.767695274149,558.072743008065
491.816861245873,678.998577858076,636.103129790484,696.461787933363,615.672822440305,583.423155782063,530.395128031384,681.111315830318,574.650939989539,570.067523784213,576.133322248664,546.348926148414,549.844030829632,627.689114716745,557.8156072892
491.009601660441,678.954237681624,636.106547499736,696.17126544738,615.086699706161,583.337408244193,529.641581172188,680.178034089663,573.867573382868,569.499805560154,575.762862232704,546.042876301309,549.404215144409,627.634577203767,557.570261230355
490.227481877912,678.880303145812,636.132759763637,695.84893468471,614.496308280283,583.290761182826,528.82830132024,679.10120474923,573.038107255989,568.97314278276,575.363293311117,545.741413150223,548.951420755134,627.568109406193,557.300275869117
489.44614247795,678.807325560236,636.173429658814,695.509727613631,613.899260365316,583.261187177489,527.973770357714,678.007888420178,572.164525443063,568.483833350963,574.934155760151,545.447462317284,548.49136166915,627.483768509568,557.025931902488
488.638565281483,678.705546371854,636.218145851144,695.146941712262,613.290963857857,583.249078009987,527.159515646693,677.079421821343,571.24346748656,568.025281276049,574.475014283379,545.163927832622,548.022750323973,627.415920466399,556.761506556583
487.875991106342,678.607537785086,636.282212616702,694.7247052373,612.685355714703,583.254952043164,526.352462787052,676.246009617643,570.268536377285,567.588859388707,573.988643544287,544.893957361895,547.560591078094,627.349324923361,556.499663790008
487.172191749463,678.507437764505,636.378810629558,694.358305106546,612.072293620384,583.318325018588,525.561494992441,675.500885122261,569.170711406248,567.164984371132,573.4310574366,544.634300434593,547.094252261075,627.277799780117,556.25287625255
486.399154749447,678.39599415692,636.514881009948,693.984348132868,611.433119441295,583.35141740052,524.789418241625,674.751572577838,568.016748322303,566.744173591013,572.871947512682,544.404746934018,546.615202565527,627.172605667109,555.982679029582
486.017009391549,678.290628505205,636.959308779609,693.617918155823,610.775150209539,583.362045463122,524.033606111665,674.032895740152,566.806231691722,566.318165542601,572.317029682315,544.179619096587,546.15509709644,627.064536854463,555.702224379275
485.644371061211,678.162117789016,637.495669470618,693.279163493588,610.091727551524,583.370365219521,523.286252141754,673.520010649651,565.542144259283,565.880031147308,571.70974847131,543.95816660964,545.685946719529,626.969911837755,555.39621134149
485.353917832873,678.038877536947,638.099386668978,692.944378471647,609.377167561913,583.373600890633,522.534869445981,673.039346144103,564.234088081087,565.423966628021,571.172694298636,543.737121822583,545.215073250316,626.917396514133,555.077649807566
485.155595958934,677.915034521636,638.684792855728,692.583995761011,608.64365208551,583.37168993137,521.737561249306,672.53028715426,562.887445614355,564.945402247192,570.668210401036,543.507350489657,544.736286785628,626.871976292588,554.748835095997
484.970152614566,677.780017120693,639.231782073585,692.214195804086,607.90477912026,583.358503422264,520.750950485346,672.197760804854,561.510437914561,564.441446591463,570.204588531092,543.258891469478,544.221054203755,626.889650511087,554.383802864038
484.797258797182,677.639829898785,639.926444892331,691.836712974886,607.303803303075,583.33533177475,519.731905279529,671.832543314797,574.577328732822,563.911253013042,569.740725767232,543.007045636873,543.704619947033,626.946608722567,553.965166505135
484.636574144678,677.491291477574,640.292470320894,691.455555675439,606.68609946457,583.303709211391,518.637467317966,671.505938110819,578.907101647839,563.355900753708,569.279769568347,542.754488670515,543.191023665742,626.982919946451,553.532139531643
484.484929932304,677.348041518468,640.639105530677,691.07688627628,606.05902705212,583.264020700384,517.487282543534,671.220477843715,578.495841363045,562.778196035422,568.775902382392,542.497484302037,542.684028588621,627.031592023434,553.065055632286
484.292359596513,677.204070070156,640.747429041211,690.708425577538,605.407454496376,583.216754445702,516.261706277885,671.036203885705,578.086255038667,562.182198489273,568.277763841447,542.243370011601,542.191907327715,627.179651645599,552.571870947794
484.070100647772,677.053991361724,640.820496646731,690.423582796613,604.737931289171,583.1623044328,514.938943632345,671.058676242139,577.68266563833,561.572900003834,567.730004745417,542.017217055443,541.709307981499,627.319902627555,552.069793582874
483.822838589887,676.904840937424,640.847699355787,690.1735999507,604.05022119324,583.105953860103,513.518964442328,671.108827219994,577.296795911085,560.955742734537,567.264121117666,541.806455578021,541.254220259676,627.462332927431,551.541744500268
483.552401481813,676.756093486153,640.830240408775,690.012180789636,603.344707231569,583.074803197977,512.006458862214,671.093381654135,576.945569292289,560.395569900144,566.767180379345,541.587404172626,540.811034986433,627.624583583675,551.00440319954
483.389156684658,676.65760795324,640.718109631539,689.873777811638,602.622025528631,583.008409643773,510.395097232511,671.112324809207,576.598929307258,559.831544072145,566.243810219437,541.338815011677,540.382196733588,627.767959406177,550.458570768089
483.391459901297,676.591104162053,640.528540160837,689.752293260659,601.859995664519,582.936223960607,508.697119407559,671.026986825175,576.230671299659,559.265022254435,565.683240616248,541.086519935007,539.95231759844,627.906361793531,549.912782711737
483.366383861628,676.541373446429,640.269788547568,689.639865086786,601.039020997549,582.861085526502,517.973127094878,670.871150142115,575.8513501366,558.690375460315,565.055398299011,540.830287243685,539.555170754725,627.940374611201,549.373962218421
483.47383021488,676.508675950568,639.958273189531,689.528030650064,600.189580926366,582.755057919148,516.430338365776,670.442353503392,575.47507087875,558.118500534239,564.376473068476,540.570172531398,539.199526102189,627.942092635404,548.818331029874
483.568433644809,676.490547566555,639.589153572854,689.408166546484,599.312315200996,582.678282118006,514.543533146422,670.143789007227,575.07372296643,557.553827140857,563.681213025948,540.287674581188,538.837861267467,627.932568723215,548.313037829127
483.641038425113,676.473522518625,638.909259733072,689.271600322228,598.450625411379,582.597687433453,512.557927606455,669.929580432855,574.70608732826,557.000461311103,562.961012148565,540.001164333614,538.440438272292,627.903150859834,547.859045031838
483.704339475606,676.457533691115,638.157593792707,689.110032967207,597.580264133341,582.51228805618,510.495871133548,669.48776995585,574.334661323649,556.462188115761,562.232530333616,539.710919608064,538.029231278371,627.909534645578,547.41486188475
483.755354176676,676.449764176426,636.86789544119,688.916288815877,596.666463083019,582.416033701878,508.386839990043,668.989981300954,573.939890657512,555.941464017971,561.466760742891,539.416798681034,537.617985968017,627.834112350001,546.958335138389
483.84249267334,676.45581647689,635.443448382267,688.684869158847,595.68159030668,582.304087730444,518.313483919439,668.400636722178,573.48248748101,555.438373892274,560.676992367784,539.118006012916,537.206613553832,627.775009206715,546.49964765711
484.007867742721,676.46010487342,633.769397228424,688.420276316587,594.67081976343,582.20182122618,517.526214291284,667.926791302897,573.014244766316,554.950413358059,559.868367282756,538.81317923536,536.792195235202,627.761147521941,546.041943458746
484.089171607052,676.45449040646,632.12019704309,688.083841359431,593.634832026583,582.150786775365,516.731938091853,667.766157569976,572.511767646776,554.473175699122,559.008265174003,538.492740292455,552.851748670209,627.819681661122,545.592439487294
484.243629224389,676.428549140749,630.894392263239,687.718651821788,592.574348001807,582.117623047934,515.929228802438,667.601489640033,571.992312794647,553.956602732953,558.137175031413,538.14488534338,552.743182197865,627.890209609143,545.148941624724
484.45352114986,676.278303759675,629.692434908721,687.332960013351,591.490223471071,582.105900410026,515.120535118164,667.439568723631,571.447367289873,553.485955996288,557.24520879688,537.788123847471,552.642020079307,627.963026025501,544.710886078887
484.73982608043,676.023420229723,628.508339282074,686.916853225222,590.383461367199,582.120848623306,514.31895921765,667.385673855597,570.870587191323,553.012288717859,572.557892292864,537.421166463811,552.519856786507,628.042829580664,544.279496387512
485.11056041056,675.766556882989,627.796551491747,686.46433306948,589.255013243512,582.161427936963,513.52024326299,667.369170573833,570.273107029523,552.533265215689,572.241670047772,537.042865402972,552.386719611764,628.086393597431,543.867208265051
485.545354570119,675.504435290218,627.29863387127,686.016161515647,588.105635267867,582.222314077368,512.679187480396,667.313106646446,569.613595672314,552.052201527906,571.963750046284,536.652015967613,552.251701304452,628.136890779924,543.50682510168
486.030905152173,675.240451029086,626.846815542873,685.576589292016,589.848706814277,582.33538843252,511.775269103005,667.178177392305,568.91854471599,551.571552073425,571.693499601886,536.247240439527,552.093863719013,628.18294927922,543.145018372304
486.550818443883,674.974470380701,626.560724942161,685.156913076831,588.676483503362,582.513456220712,510.778895409025,667.192868901318,568.178789355093,551.089863047688,571.395930231122,535.827294921049,551.93529714735,628.195539211955,542.801881183762
487.074522745691,674.699855179577,626.451881329939,684.75947948393,587.487400310368,582.690111521991,509.658174876316,666.856069909236,567.42150239032,550.607732058524,571.113272025153,535.391296913489,551.78186755664,628.218160537732,542.465222941105
487.567316803421,674.418066140199,626.374421559311,684.392825022528,586.280695527816,582.878140916125,508.259662807882,666.490463046282,566.638935753719,550.128429565894,570.818885313604,534.938891274888,551.635321136541,628.291793144497,542.12463907439
488.008317585309,674.132469368003,626.303233557311,684.048069973156,585.042390386472,583.069539734639,506.803461108649,666.286363179019,565.849425000791,549.650199854325,570.45616212437,534.470574425431,551.495118830248,628.368565588473,541.762341079384
488.362035512374,673.883493934918,626.239947500558,683.763509419795,583.745560818415,583.233367475456,505.325931675892,666.083763644098,564.89586844412,549.170357846177,570.076469396506,533.987831971498,551.363116949946,628.429400958394,541.39435126994
488.236040028736,673.603861681811,626.185946276846,683.510124448364,582.420191714013,583.351571336092,503.815656729359,665.939426037337,563.916873621813,548.68637050093,569.679796057331,533.493190684036,551.268421321664,628.560774453039,541.022890153112
488.068911616264,673.326051041618,626.377342358485,683.25137816656,581.118450337859,583.45019978109,502.564905874414,665.731801936519,562.945465875894,548.192178121194,569.29353928257,532.951075342689,551.18082043518,628.724928199409,540.648248016417
487.899854688769,673.053068317417,626.593671020074,683.000609160899,579.835523700587,583.535055656648,520.585370520476,665.571473847661,561.982610396567,547.626405178995,568.911789718519,532.401689111044,551.09961003223,628.908501585433,540.273105575025
487.746575492998,672.721447542135,626.858227979898,682.74664146053,594.804070104563,583.598731188875,520.393408191278,665.447294028024,561.026242829579,547.047585729073,568.537492928725,531.849361961825,551.011021234968,629.111534048103,539.90322493876
487.599015496875,672.409862498294,627.062192051422,682.473052567141,594.169370474016,583.629427668063,520.226002002629,665.276676403168,560.072146183681,546.45884531161,568.110853750642,531.296992329218,550.926696728663,629.313988757372,539.531066453758
487.468553870492,672.126663056504,627.883489719385,682.191566376841,593.525475685403,583.640915584644,520.065742213093,665.26141090273,559.114419493856,545.863169947346,567.770269140148,530.745512613943,550.811813568103,629.334387712394,539.174294672255
487.352158803949,671.93595729942,628.657116511359,681.900156277965,592.898028914352,583.599553270523,519.908256170729,665.297156564092,558.16387686701,545.262597346198,567.499635732527,530.193942183458,550.688261994679,629.377398078904,538.867266937781
487.230278463813,671.793575967008,629.097655192614,681.619722852111,592.2535489892,583.490596345111,519.749953424058,665.050892106996,557.196944031841,544.658389520118,567.294873919028,529.63978577201,550.556846995121,629.433715688029,538.536296178245
487.076942746788,671.658396692667,629.57599066305,681.342162833533,591.634450188789,583.368134718146,519.588890705229,664.819361018692,556.204363045415,544.051528624589,567.145134668841,529.079791759023,550.416066991593,629.491586322957,538.18226123035
486.932741711045,671.543273993324,630.230097257917,681.049885810703,590.984975505948,583.294994329948,519.424055220126,664.288335324357,555.183240653365,543.443548077113,567.047583467732,528.492945416845,550.265277017379,629.519557391644,537.797644837504
486.767660888445,671.506645859618,630.918435583465,680.734035905732,590.36149634133,583.27545019897,519.254035177845,663.935422439144,554.132319983847,542.836953390395,566.979666504017,527.890247468806,550.104153751857,629.543762083409,537.381273317992
486.575863569581,671.524699378591,631.663561349854,680.38282715414,589.743569844584,583.240229593352,518.322725368562,663.508424746927,553.05138546066,542.234984543981,566.907829447573,527.276654939138,549.927752366821,629.597315340483,536.951626141461
486.362700703837,671.570036430422,632.361779574019,680.005960325166,589.106513251364,583.20856180041,517.33321498487,662.987694931716,551.939199350232,541.641517457551,566.828065043706,526.65318742633,549.722530689462,629.588020241336,536.501548454767
485.810479725684,671.634780129041,633.096362641262,679.585334360012,588.513682470874,583.158103909843,516.294974206865,662.401446136106,550.792167032761,541.060668121567,566.740234110674,526.021668879434,549.52811598358,629.614422053302,535.911395929306
485.214414734018,671.716450869715,633.898120047982,679.094037314689,587.899195125832,583.067275886718,515.220494374169,661.753965895002,549.604349940898,540.475555039416,566.645201951752,525.384138327754,549.326563357696,629.591830021437,535.244027366049
484.565775866604,671.791125878229,634.747629001112,678.564631976337,587.330454668794,582.970360137242,514.123925140333,661.052741606358,548.367973975548,539.891799551335,566.53393881475,524.742252223747,549.120047123149,629.568847323784,534.564753185125
483.903442812298,671.860859011869,635.659875978581,677.993071424036,586.777915897943,582.867962645725,513.047623298056,660.305785145696,547.074373687669,539.297820108254,566.359868219985,524.100521343984,548.906723061456,629.519226425051,533.895418693608
483.210074752607,671.92385173829,636.432648706456,677.375841456683,586.258834650888,582.761464042418,511.958341617721,659.493610090492,545.715668538567,538.725283795698,566.189677748739,523.460363632708,548.684722724258,629.452813797045,533.226221869857
482.492998266624,672.056042749578,637.040431972241,676.710518537253,583.17155742813,582.652922284144,510.879196557985,658.668450938373,544.286486388008,538.170100579415,566.027241490319,522.812957139907,548.455509495142,629.410386554329,532.566016150112
481.792883118857,672.218352544471,637.462588477525,675.995971487453,582.42548941251,582.474784394477,509.833516461943,657.811494200826,542.794392965278,537.627332101236,565.841994506839,522.158167555951,548.220261540808,629.32835607779,531.858199996781
481.067365724771,672.433940034392,637.83786726659,675.232888227974,581.643131366435,582.314772616386,508.838243861835,657.040468522232,541.225230604953,537.091658218047,565.612613471237,521.496930176924,547.982481032378,629.256229766352,530.959224944766
480.311698228006,672.649868232423,637.911686956921,674.424578633384,580.817259696466,582.170592344224,507.896521537876,656.151433266762,539.577415981473,536.557673640705,565.394299609857,520.828283980173,547.743146814887,629.181264352394,547.16734361999
479.520381327131,672.855906620053,637.722914587857,673.571490934524,579.941507919853,582.100266432022,506.992528572307,655.111378744527,537.851206108767,536.020460534035,565.181776313286,520.119587749024,547.502742646582,629.121330897445,546.685749164946
478.719696171899,672.96186138766,637.52897882797,672.663339830254,579.010721571674,581.993329120295,506.090820414243,654.033763062741,536.049548580489,535.471051124148,564.949718834343,519.414389062256,547.266146519702,629.040433853855,546.207220577016
477.86887014439,673.058735899262,637.33267691664,671.736653774497,578.02024356959,581.877660757999,505.139723253158,652.959316475402,534.179911080127,534.899453171399,564.71645960442,518.716876910199,546.96943924817,629.020111870616,545.734957551323
477.015357601557,673.143082209673,637.064660242406,670.800124317281,576.965845955002,581.736867349181,503.947956499845,651.88997324951,532.254690040009,534.31498158136,564.499343113392,518.030030788505,546.674235401782,628.988119953367,545.265547077957
476.448230505311,673.225745645732,636.761076907853,669.79864291782,575.845165093401,581.62153539737,504.97860647171,650.82517246289,546.646059023192,533.716397782828,564.314655950313,517.355191653017,546.379383534401,628.932674218569,544.774282830695
476.041099058321,673.221097791921,636.523670348918,668.805714055675,574.65964057985,581.510471839934,504.454401007545,649.751896105038,545.501001722829,533.103977909535,564.130035377053,516.69183086443,546.089019017853,628.84322688025,544.29692460636
475.613510427429,673.205825701417,636.274160670266,667.830857260937,573.414229147879,581.378557960552,503.892976799941,648.824514156719,544.344609773707,532.479940030023,563.905344299805,516.037620134001,545.794099825988,628.70714491827,543.833892472358
475.169761073444,673.168502202037,636.103995747853,666.881802099895,572.115744941806,581.20177047255,503.291839103057,647.930966602999,543.181901570012,531.848636848863,563.666944829504,515.389073020535,545.463464039978,628.558106744547,543.369999580652
474.67791290247,673.170264126251,635.956770990214,665.964197654851,570.771889311302,581.007917522407,502.650367508405,647.001789730238,542.018247629113,531.216189698038,563.403301733127,514.741740698811,545.127499457986,628.388929334665,542.935958509973
474.251394802876,673.094881679116,635.589774391116,665.099159673278,569.391400709027,580.794891883618,501.96890424061,646.098078623904,563.453138779112,530.614669740519,563.197647499883,514.092033443332,544.778919651663,628.201663656848,542.520124944959
