446.033240053748,572.671834725424,537.451710668223,497.559875609596,518.990913393354,570.536279121909,447.779429183401,490.9213744144,504.761510341249,482.144436419342,502.32936135597,488.211821836012,529.747463023201,493.543620806174,499.110483045981
447.638081209063,574.425064603351,539.642329675276,498.895047229873,512.242018937294,570.334642625691,449.443033770747,493.197781177429,504.345675927804,481.3986521029,503.53829774436,488.992877171305,525.822336920932,495.238892112368,500.247899553131
449.22223856739,576.942351537546,542.677100136879,500.2025460831,503.176495024563,569.660840003954,450.908078245974,495.441981904369,504.06427982123,481.584873837135,504.830829629955,489.5193080942,520.174061693328,496.980901001842,501.78762414189
450.862097811321,579.082118601909,544.063750728868,501.539729213021,502.812497840647,569.889377483949,452.317919332317,497.673778589286,503.595012707509,482.356188208677,506.218903842678,490.036002090802,514.05125345104,498.951303461234,503.32572306739
452.532999319139,581.333540085839,545.46451963117,502.939240830342,503.634067997295,570.263074121499,453.668198002016,499.908389993146,503.161688407575,483.101751116251,507.71469237254,490.70573304141,507.016246198748,500.910802969615,504.855399659134
454.23589067023,583.363142975855,546.863510016905,504.379526883258,504.285821035951,570.744152273174,455.211820195742,502.157720940368,502.857152705741,483.857524529504,509.261681379197,491.10348253318,503.188619754788,502.855836971605,506.368877161201
455.979069543004,585.510144479822,548.245307902008,505.868396075375,504.977461196099,571.280486871879,456.823966139859,504.431751155888,503.593436488125,484.627814943769,510.911151120628,491.473538701993,503.880634004869,504.780198758908,507.859580464779
457.763808822552,587.500525485334,549.596207983398,507.377397618999,505.911022675886,571.734685281321,458.507593933513,506.737701528633,503.944424639704,485.492179735314,512.677517885887,491.673743766216,504.88720052892,506.676363031499,509.324899214626
459.583546312386,589.356601158719,550.903985445111,508.882880299321,507.209979429448,572.073053009576,460.263871152711,509.631604717243,504.232055585337,486.69346796757,514.556594151321,492.155842712371,506.12734799269,508.538704762946,510.766671586135
461.425006024935,591.141924584638,552.158318430309,510.426616594091,510.135714904299,572.214574074795,462.092140127597,513.152071813569,505.156435286632,487.989292411977,516.542194503245,492.772160763275,507.316485541961,510.366761971,512.190153620991
463.270731684546,593.168825532451,555.163689894214,512.013156768426,513.016596611624,572.052174151566,463.992569506819,516.770058720326,506.505963823139,489.357209251948,518.62663706909,493.392390046786,508.458124856598,512.165490017937,513.647444125313
465.103205164269,595.041505881987,558.233391644066,513.637213287418,515.844167249884,571.459387055344,465.968855491342,520.466650882355,507.928559533614,491.097300839529,520.798630871687,494.444149419879,509.942808085073,513.942535957734,515.48771011574
466.910682033199,597.396542623783,561.361869736717,515.270976934718,518.611611960408,570.297341244781,468.028392249469,524.222381036058,509.426688600219,492.892667711495,523.04046776503,496.010947171013,511.389073312485,515.704816299579,517.151344205882
468.690550892955,600.101287551383,564.545307644157,516.896234507968,521.310002763043,568.303590961274,470.177614148036,528.0160583262,511.003814450654,494.704010870465,525.327456266658,497.437580050597,512.797182475287,517.456885457839,518.785174324086
470.448506233172,602.713789988178,567.77755663621,518.555593249481,523.926491893397,566.500959552617,472.412573913601,531.825750725624,512.942484755777,496.645589944757,527.631376253815,498.891534415991,514.169599891535,519.201670491235,520.574287042417
472.194057911749,605.210645796652,570.250747420345,520.219016008718,526.446474546605,564.182585541364,474.531779431834,535.629793008423,514.973118980448,498.798056785961,529.923315336178,500.396072712269,515.509707866356,520.941183388227,522.287835444793
473.905712576087,607.592851054992,572.851442342219,521.900002790744,529.55619169217,562.239977760975,476.301180594974,539.407946906722,517.074672478872,500.932546045886,532.175943050116,501.962640200378,516.820033629643,522.67694303768,523.998199975844
475.58590082053,609.953869372547,575.571287395162,523.579721937458,532.500275691281,560.702834655854,478.144427834652,543.140806867951,519.236649456617,503.047843175224,534.365109748077,503.656053664251,518.056713181302,524.409520154272,525.758682615554
477.281597864828,612.310922376604,578.400225448724,525.272278741061,535.339802089915,559.757331891374,479.98232536726,546.810146949453,521.481148123695,505.148304628311,536.472394107294,505.380761770802,519.395420069891,526.138543291867,527.580819486392
478.855340029779,614.593030355447,581.324583042377,526.992880072451,538.148492323566,559.308575440605,481.799040552694,550.401974967369,523.797463762102,507.239704878951,538.489913102736,507.084231007005,520.724692609434,527.846960308756,529.473143759659
480.296254094631,616.775698005595,584.325461006958,528.742757285233,540.49396430626,559.174821191128,483.571392926834,553.908536441036,526.173774878117,509.324288877277,540.422241373917,508.678036379847,522.322267755374,529.550941361577,531.436457034648
481.740290746046,618.970949295976,587.378094916896,530.515789949499,543.058673560704,559.488010491602,485.260049322535,557.328697592978,528.596402452194,511.395494910572,542.284989956767,510.150147824796,523.946362196206,531.245948942219,533.460116557016
483.182529695428,621.187971828747,590.456099758427,532.29506377209,545.91694949913,560.161581398646,486.989749629649,560.665178635456,531.352170445296,513.434344311052,544.100518473344,511.595953505485,525.59910931206,532.916102413927,535.490153312286
484.621617918857,623.429976311122,593.534066699637,534.074819282663,548.82912274176,561.169250047192,488.408060656042,563.921027852969,534.136005839062,515.316282448127,545.894226349648,513.034000063217,527.275147827542,534.553975259931,537.525930729224
485.951842925427,625.693222411488,596.586954754378,535.866134831329,551.721154919986,562.605508552605,489.985570433907,567.099122791125,536.922423075106,516.908885685615,547.692980497456,514.605846952131,528.957676257882,536.187049411318,539.536810308279
487.234712782612,627.967433223364,599.58965840928,537.65527637241,554.414496579685,564.016592823813,491.434751952426,570.202213446644,539.689622325323,518.395740284427,549.522296198828,516.411963736948,530.621883050066,537.781750449522,541.493309875316
488.495863790668,630.240289665016,602.516485052832,539.450988571847,556.86330172025,565.259400961524,492.907782991959,573.232642758989,542.421646269053,519.834557270151,551.401764380594,518.199192037632,532.244794806512,539.327392760344,543.376790679612
489.741497481077,632.504478424378,604.554599491734,541.371466594674,559.062882389065,566.503678361036,494.397561219498,576.044005338135,545.107168905439,521.277101306207,553.339993240906,519.904192676219,533.770343388872,540.848813056287,545.139235775561
490.974474661583,634.710619994055,606.33858865941,543.311373168925,561.049225215138,567.726446859184,495.906835283176,578.700590062284,547.737396938429,522.747408435965,555.33110136104,521.556272361652,535.0274700306,542.318273653415,546.840366110074
492.195057038028,636.866738523636,607.937299309317,545.266566930833,562.898595855018,568.980205494783,497.451867109033,581.260974206131,550.304675628924,524.275058434953,557.355337476851,523.176302488785,536.269008458325,543.774537886068,548.515757809342
493.401210950544,639.026895583207,609.319761856314,547.232807580745,564.674103182153,570.250135757807,499.006250787667,583.727390592979,552.802818552036,525.893779081292,559.173927011527,524.765641333468,537.480342019146,545.225051942464,550.177395719961
494.486014176251,641.18503139356,610.454742224159,549.205913843684,566.404687765399,571.521594262638,500.567642643818,588.024996759856,555.228473615086,527.571734306734,560.937489788093,526.322278206633,538.625665216154,546.67646967678,551.828230380305
495.439327830471,643.334519122161,611.317864409511,551.182755678043,568.095615035583,572.810683741175,502.160632121071,590.176209860918,557.581530918173,529.295200973201,562.663382941387,527.825500943919,539.757234875347,548.064443800446,553.468827596824
496.341368748672,645.468407956949,611.8994831946,553.162489152831,569.744977509982,574.114285882341,503.743459904157,592.263543596206,559.864657491495,531.074018315835,564.215378566189,529.306639180505,540.852001722281,549.445976691007,555.101172824663
497.22016212104,647.579130883769,612.207124549275,555.146649222478,571.351248426408,575.430864384206,505.276029225299,594.301149225005,562.082928253954,532.907964603259,565.712890854307,530.768736883179,541.915329982326,550.844069787455,556.646785071133
498.077679057283,649.658875561327,612.267902627144,557.139272803478,572.91699764776,576.716206465678,506.754904682721,596.302757083046,564.24307380337,534.79586388976,567.280183832355,532.207862844362,542.976157359442,552.226309142371,558.151965037367
498.919735133141,651.666051367046,612.130212908284,559.119519565905,574.448526843671,578.242707999406,508.236936866475,598.280576021434,566.352398598758,536.735094174412,568.953883376468,533.6262254106,544.01060638494,553.661229989804,559.670219511522
499.7503390922,653.63514589617,611.863847212338,561.12130825306,575.932826624274,579.604699678464,509.520857104934,600.243730289762,568.41876603049,538.722397705851,570.695183054832,535.04422056872,545.045395526474,555.137681413207,561.100954877744
500.575519025919,655.578591038962,611.554231572241,563.09528346735,577.294942768261,581.038644234485,511.75604624766,602.197317874254,570.421772575077,540.754842387517,572.530140371605,536.466873157312,546.040248516799,556.648025352304,562.474983900491
501.345895783505,657.491391269944,612.685211845173,565.208801676716,578.637713623586,582.556165136389,512.79689838387,604.111578568618,572.406188687912,542.830097403111,574.486558276933,537.820344347777,547.046862758744,558.183271097316,563.848310479469
502.128481862485,659.367999359041,614.123175933146,567.401462832669,579.965248339592,584.166036397269,513.823431411796,605.97452233921,574.384242217161,544.946371895961,576.507141321671,539.038899352706,548.060848190142,559.733293527803,565.201948956545
502.880445614904,661.166211542833,615.555305074989,569.655170560118,581.237057665676,585.871875520402,514.84051247631,607.829064913015,576.368034291478,547.102628605375,578.577811457157,540.262150623394,549.075853910035,561.288329123986,566.593895004039
503.663118742982,662.824511781454,616.998437255849,571.960880266439,582.455640912384,587.662182454574,515.79875581175,609.535902213041,578.369408014441,549.299072775367,580.617837080362,541.497703866977,550.084484548191,562.840200864916,567.987857187745
504.431174838624,664.427220141105,618.466570307511,574.302619566008,583.672722342206,589.337710286788,516.759684910916,611.252800260763,580.346167947405,551.536911918281,582.685382136869,542.740848692898,551.080025946749,564.382934622456,569.370640333371
505.229515452244,665.982878343434,619.969901295936,576.650265480387,584.895483506731,591.074473248578,517.718661849818,612.945026032365,582.360543562181,553.802504665194,584.792868498296,543.981493254356,552.057515159813,565.912505108738,570.762381124425
506.047594418669,667.502338083184,621.514278559849,578.945350635347,585.900531202573,592.865938682951,518.661391089756,614.569100521464,584.372239000718,556.016570450899,586.861805478757,545.209766424494,553.014084146343,567.405328797373,572.165707995082
506.892258211605,668.955156033634,623.10110862196,581.202674312706,587.129319127302,594.702991003438,519.57160507517,616.153144617108,586.413156962664,558.235934544684,588.941062181835,546.418829581666,553.94884888843,568.886188091687,573.578280683497
507.772716195878,670.369181309923,624.729796946497,583.399936742201,588.23343751362,596.575058697035,520.433624205419,617.79605614425,588.50511406162,560.449773042089,591.032222499289,547.606210114467,554.862170897961,570.34360710646,574.996046460383
508.687933777312,671.749039897544,625.612134108177,585.520280904545,589.471458869667,598.471140679095,521.235006535052,619.379268492135,590.640825871946,562.657661303793,593.13647949391,548.773129394979,555.741711161765,571.778231677102,576.413900104882
509.643286930176,673.099572099664,626.711280980552,587.553073198744,590.673252337008,600.380221052371,521.967811535647,620.902862869025,592.808135457162,564.815096948475,595.122565990926,549.917399355574,556.599327378396,573.181039085731,577.891163346665
510.656481631546,674.425972819339,627.715070225721,589.492999378332,591.908689695931,602.228433968954,522.577337629389,622.368150381564,594.99076745651,566.917884702573,597.103293488719,550.971228837599,557.43854152537,574.54943110616,579.365154149862
511.637066264424,675.733594030344,629.150679116556,591.339185113671,593.187128764283,603.908252855293,523.138215516691,623.777113686579,597.147288709823,568.958631732626,599.094008210188,552.011813011819,558.26197318586,575.891634724129,580.827514722506
512.678228601643,677.028326350073,630.427566734466,593.094335822539,594.594421937393,605.277834360855,523.652232734249,625.026424757133,599.261429740048,570.921548528517,601.090597134248,553.042649132201,559.072688634558,577.191665343798,582.201481948237
513.78478102238,678.315751772905,631.287981402195,594.763796711636,595.999192833284,606.608580667386,524.128296987501,626.012538832837,601.305724317324,572.795726528671,603.036793458215,554.064358304588,559.874109711802,578.415550026531,583.554140395441
514.958618596081,679.599942459893,633.045115322726,596.324257670853,597.295799530323,607.976604759391,524.568254732111,626.979238328298,603.306280832055,574.548460146344,605.000196087661,555.063281461512,560.616364454608,579.552145850687,584.832721037578
516.166252506,680.882426232269,634.755404124227,597.799944480903,598.591142329157,609.33553501491,524.982608031627,628.43863474115,605.259818384217,576.073408652984,606.868041585553,555.980658820424,561.348496291443,580.627050785504,585.933142981877
517.418071205255,682.161984258018,636.391520941374,599.205754405042,599.89572531513,610.705522854354,525.319160390656,629.361542437798,607.166102045308,577.503558302163,608.693271231797,556.878540760438,562.069493907002,581.642108624939,587.006667205466
518.694649648994,683.45376177882,637.927137044394,600.54469889802,601.221461466101,612.060475768806,525.649177111095,630.169059065713,609.025974578424,578.902918530477,610.583908428643,557.777869521171,562.778293086475,582.600910170392,588.049312938857
519.963237511308,684.662453521737,639.341726970574,601.820145840508,602.579691970264,613.382500266115,525.978855751948,630.869289437151,610.780324702094,580.249972389273,612.292231669954,558.677862444023,563.474088650895,583.507513027807,589.057219765601
521.188518127375,685.862504922604,640.624189948537,603.036757849812,603.979157004843,614.643032950625,526.318450678207,631.550296090594,612.492031953503,581.601487805491,613.790671368653,559.577867915256,564.156041680324,584.36590323258,590.027479824603
522.340655541597,687.062822723828,641.773016140584,604.20035313164,605.423560576821,615.88300623007,526.666792479719,632.251079299214,614.160705968886,582.903060067687,615.207562618512,560.476735870625,564.823336673069,585.179977885317,590.958770628445
523.369932481691,688.265902887005,642.794479137138,605.317690092394,606.908939572924,617.006381615887,527.022154957705,633.094732939328,615.782402185744,584.230897449343,616.546434437857,561.372826773418,565.475105140984,585.953317027113,591.851647830538
524.293755652201,689.473624948472,643.378538853555,606.39666979178,608.45062039673,618.11989369815,527.353305439556,633.918762503109,617.323678785638,585.479180083204,617.813613983136,562.263492288525,566.110286518596,586.713014265308,592.708305271619
525.109135868038,690.688464861392,642.386569794835,607.445881453681,610.119590922207,619.122467680377,527.714252856789,634.882025874329,618.818565330508,586.708374000914,619.020279644328,563.144361197125,566.72786643361,587.4382975478,593.531872802282
525.815507695209,691.913084068018,641.178230688223,608.474130132831,611.951466350943,620.084712806145,528.11051095433,635.841704841634,620.266354658093,587.950673690058,620.213368564197,564.009001079253,567.327259621759,588.130123849664,594.271522462362
526.412651166793,693.149217758889,639.869554598917,609.489218027794,613.55745734126,621.000017288031,528.556915437475,636.925365793887,621.659215797709,589.169784489939,621.493260938819,564.849405256252,567.908731863263,588.783067667194,594.957388862704
526.899608499276,694.397208071242,638.53777551921,610.49688159287,615.124557439551,621.83645655975,529.190612949051,638.1016025771,622.960561954763,590.434356304682,622.710369425667,565.657027965825,568.50352856626,589.372818091593,595.616758106527
527.276814502674,695.65588514655,637.199281596148,611.500696595127,616.647277081659,622.623839252753,529.873005499473,639.300122493472,624.13741195238,591.65930696985,626.107500970066,566.339975836011,569.088472232732,589.927596089405,596.152772589481
527.548631681834,696.923149236136,635.872486893761,612.502101151927,618.12500333357,623.345549967717,530.589562518213,640.187020628421,625.247156271648,592.873639498233,626.804943478423,566.986917529787,569.664581375547,590.449527974264,596.611680802581
527.725243450801,698.225565605423,634.580350610233,613.445117942916,619.560857571312,624.118770486436,531.317069393706,640.927229209853,626.211393772969,594.060332175225,627.412014523313,567.59984706472,570.233208915108,590.899718412123,597.052031349985
527.822095986681,699.503768448499,633.34306269505,614.375714199695,620.960239486171,624.942699704629,532.019698720333,641.606048476536,627.056533294481,595.232969785244,627.810114240076,568.177064125357,570.795496636476,591.33155938339,597.454583903012
527.857717626022,700.777369550701,632.172847200397,615.299329529932,622.32899799834,625.615259444029,532.73987216962,642.279408451098,627.809750214831,596.390441910259,628.026938029458,568.736251295554,571.351967115816,591.751256301188,597.86265747221
527.856351522731,702.034117608363,631.077059454596,616.217130983593,623.671555474972,626.229636234459,533.472578409121,642.95476065976,628.514753024849,597.515326218667,628.287694981796,569.276134236662,571.902639210599,592.166709876656,598.27839629839
527.906299547957,703.270322490844,630.062128705948,617.132301795303,624.990051959995,626.775382919521,534.212891986296,643.667629030899,629.176916730452,598.625271896594,628.467456328546,569.805792799603,572.442023197507,592.586432770418,598.620614734936
527.952811490619,704.478592109058,629.137317192898,618.049851861427,626.285020274542,627.093268090175,534.901967452694,644.424862028139,629.802017824319,599.76222232853,628.766388309653,570.327129274038,572.92909380251,593.017079229361,598.875726641139
528.029505713023,705.651921943287,628.309736300267,618.975313309163,627.835961897559,627.345898511751,535.592654075439,645.326137146008,630.396772291621,600.84764199976,628.965477149502,570.838629373609,573.410220794059,593.461919837498,599.093669050454
528.170580531051,706.783720314477,627.580267087951,619.913480315329,629.400704869387,627.542298274803,536.279201813242,646.362936943494,630.907109258824,601.912422593055,629.204047310398,571.299847032985,573.885091518795,593.920776027835,599.332461275544
528.383643841566,707.86857062738,626.94597551491,620.868260977755,630.968788444655,627.697027445281,536.95523085392,647.499122049119,631.373765037747,602.941000212528,629.484163969395,571.747629337783,574.352824901783,594.342817930208,599.497465361274
528.688252714117,708.902584010375,626.404232216987,621.842958138204,632.526090453771,627.740128666366,537.702693962154,648.961994408235,631.852265601747,603.947837074497,629.691681436156,572.190147317345,574.81187534058,594.77203691427,599.701279450725
529.101940847629,709.865590221981,625.956995023272,622.840886190654,634.057494604206,627.743193391475,538.381911930071,650.544001639111,632.283678130276,604.841269126012,629.96061565014,572.626985525132,575.260293773397,595.201207910554,599.963518115382
529.639475281882,710.764740644615,625.606017442978,623.865247516388,635.436662484186,627.723240685475,538.985873541814,651.728066864572,632.703974210959,605.692942218142,630.200487797027,572.979063203125,575.679586372854,595.63334250763,600.224519409165
530.31286334672,711.612774385805,625.347568207578,624.918642377163,636.700214530625,627.794994904846,539.546320531459,652.992867577724,633.059037208844,606.507553196837,630.199292867824,573.321602553516,576.069233961529,596.043409506803,600.461109907649
531.128617670836,712.453597196463,625.172566830062,626.002457955743,637.875814672044,627.859267670509,540.146398868408,654.346553983905,633.441169932201,607.27783120762,630.156698944205,573.676708130382,576.446055994936,596.320354238645,600.650044380866
532.081233260046,713.254271337101,625.070061580774,627.116217891036,640.922075418977,627.920522389393,540.723784046131,655.797505181889,633.85825445211,608.107434538122,630.18043733754,574.034406514434,576.814497906801,596.585360378705,600.822183330821
532.942230357137,714.031770189081,625.031713873756,628.257294577372,641.933902146583,627.955261243431,541.305548543075,657.202340604643,634.316477184856,608.923510920743,630.143142184571,574.475944689218,577.175117153595,596.79265575643,600.90068213398
533.954041277726,714.785222629162,625.049403192796,629.421194785123,642.928125041432,627.989982524152,541.893022267739,658.609400532303,634.80810705603,609.704194302583,630.10488152984,574.899427650183,577.527785634639,596.992477186224,601.017800419027
534.932219195511,715.468644070528,625.11015912617,630.601992290543,643.744023680817,627.985993048337,542.421104444735,659.977391133333,635.392512018447,610.45712789793,630.001791054602,575.33309301772,577.871759317632,597.18820731723,601.120237350258
535.870983586308,716.097367747366,625.196079031705,631.792964228345,644.551003910455,628.023785161652,542.890663067034,661.262849952997,636.035237789795,611.185819745985,629.932983172749,575.738032758367,578.206245897555,597.391180365321,601.226055845755
536.727097759604,716.619058108968,625.288312184544,632.987008042546,645.493315788087,627.898602582458,543.396080191451,662.428029930415,636.707966092089,611.8568120494,629.842660935299,576.135084528833,578.520701451795,597.584632810536,601.340332205027
537.488115989007,717.064967898303,625.372302366229,634.176635358548,646.352669085087,627.820225260418,543.893644435741,663.447941163573,637.325807345552,612.530766166914,629.733406070033,576.544726383577,578.827525589068,597.790112945559,601.389830359659
538.142962556138,717.439029084992,625.438378970317,635.299480465018,647.258172405045,627.616638027346,544.387003775733,664.51023241589,637.964465681733,613.209357111095,629.609391268761,576.967075950345,579.128921611052,597.953638293924,601.486005815647
538.697300437246,717.790889687671,625.477154782856,636.358357979717,648.234935804154,627.435649448536,544.880606582961,665.254185327986,638.616054334614,613.898298157327,629.475361867684,577.412108690637,579.426687477069,598.142338684717,601.569271271294
539.162106356127,718.136149356554,625.478505643164,637.393309895858,649.189918127194,627.251171415322,545.25738132516,665.615973794579,639.275121291057,614.602206989293,629.336590062462,577.87301177902,579.714382819412,598.335562885088,601.631477433972
539.54926553544,718.468265891984,625.433896378536,638.399401849573,650.172798796492,626.949179571588,545.586995184441,665.976549939911,639.912507470716,615.322667599177,629.20030624975,578.352690417496,579.991657647483,598.517270039692,601.666842199526
539.870471963085,718.768209503609,625.340191381088,639.373454291231,650.877738747081,626.675311052071,545.930272784768,666.193902987267,640.615836312306,615.976596989025,629.076132190823,578.81034073548,580.230938986237,598.70257651562,601.67170888846
540.136462277495,719.070085958064,625.201552596762,640.314447880623,651.535914001044,626.293601259503,546.297726275819,666.408961236183,641.291316354366,616.601603686781,628.968136688757,579.308479240304,580.467303594225,598.889968320959,601.644466701675
540.375273413398,719.308368461399,625.024229558012,641.223264117928,652.172398869949,625.960329991708,546.812567721262,666.648988448448,641.959618809992,617.215553391239,628.933792471792,579.838698120538,580.700399946928,599.055147409986,601.585729167451
540.555500966683,719.513487983068,624.813566023396,642.102318409636,652.778097822757,625.626788621891,547.440336642447,666.840104836187,642.627844851909,617.818031260452,628.98742960312,580.396725169579,580.929713412401,599.220611092175,601.430735369853
540.701901386207,719.686289894461,624.573615027598,642.954951267667,653.344232877846,625.299997828054,548.064567636786,667.002915294276,643.195771743544,618.398358387238,629.073207287074,580.974997008326,581.154704848052,599.382557429351,601.248007317948
540.801304464724,719.86176180038,624.309662036523,643.785115985263,653.680947268292,625.152786854908,548.668602523379,666.997361440844,643.61850524197,618.970009792539,629.207174784585,581.567660622358,581.374943657539,599.535038658155,601.03459162839
540.783847559141,720.040554547333,624.030653660816,644.597427698252,653.637457969306,625.168156923932,549.304776376057,666.962148353284,644.008905706748,619.503073947856,629.405054244297,582.143287291885,581.578189896366,599.699258425383,600.81023564427
540.750226025778,720.223962382437,623.74541091141,645.364516597341,653.940399159484,625.166508568214,549.923216050431,666.723103694745,644.282509855596,620.019738491034,629.679729527523,582.69574434186,581.773312911047,599.880727222921,600.580284286438
540.71239191868,720.384721161229,623.459424361895,646.090417854601,654.509103887513,624.953424809206,550.568958278096,666.503339256613,644.421953902236,620.448241058958,630.039715667448,583.243753378794,581.962548048795,600.011889345057,600.346495330969
540.676722341534,720.552394144184,623.052260181176,646.711829886534,655.077841389972,624.736221356692,551.218683320754,666.314729036138,644.576523151309,620.861069155347,630.340590493765,583.78301591473,582.146939635603,600.133549160726,600.115746469346
540.650144598413,720.728116377537,622.650202480315,647.349005897367,655.519427209369,624.492253431161,551.857320387967,666.072843078683,644.751039082181,621.227988729606,630.654327614416,584.309480688426,582.314288418343,600.243522860925,599.894663364949
540.64018793477,720.912533203986,622.270012803724,648.004453488409,655.968333368298,624.226634121947,552.475501135959,666.119292198916,644.955517097541,621.560633209131,631.066427489387,584.819626747166,582.495074991741,600.257147199872,599.689022415059
540.654099024628,721.081255298119,621.913323485383,648.677808178796,656.428139581184,623.942413242014,553.063907342428,666.189034595116,645.261191751849,621.885299314582,631.571919073594,585.276178256859,582.667043278707,600.347468930749,599.504089957398
540.768812514961,721.261023675872,621.579010870612,649.366207486848,656.930953466947,623.636592809337,553.616162128273,666.276935855085,645.468237458437,622.17268353176,632.153251752458,585.665954839301,582.828976022682,600.426720281466,599.534445409067
540.952777917223,721.432138182493,621.261849327739,650.067017537212,657.471474707469,623.329781628977,554.131127093775,666.388440797629,645.694983128069,622.394852935518,632.787244231214,586.082484557463,582.980808593111,600.522683660999,599.544330521133
541.254114548584,721.636920459529,620.955077988333,650.806147280124,658.041455682628,623.023811380959,554.849482384527,666.520596258836,645.923734683603,622.614924684444,636.406013557948,586.439945115557,583.121375146153,600.609231410802,599.550522338587
541.583224569405,721.805036682659,620.653865610696,651.515140098581,658.630646410078,622.722664257498,555.510761156764,666.570064500971,646.139456621724,622.833589366476,637.138003513298,586.798079708417,583.224370865532,600.691376666001,599.550010489221
541.933405486559,721.928907242506,620.356306870616,652.220947665797,659.228401156241,622.421835214398,555.855563166746,666.544733886258,646.325154520536,623.045066373409,637.85930465857,587.13590100942,583.315747993708,600.726531027198,599.573876465768
542.201570677978,722.053181571325,620.05985983513,652.956495782357,659.819070362934,622.129631112941,556.190256942591,666.388284974074,646.415285995844,623.24224110981,638.558947828659,587.453885518036,583.397235474556,600.763373495025,599.613664050391
542.470454805712,722.180964967292,619.759774356255,653.636209995943,660.40002116216,621.85297750596,556.526874939532,666.207206378766,646.50103929388,623.432508597052,639.230354125968,587.757096057185,583.47104515615,600.803457403844,599.632193630016
542.731160181806,722.314734813403,619.450716710988,654.324723718913,660.963981390062,621.593997724611,556.873617546003,666.031411858428,646.531973633692,623.579228569883,639.869051931928,588.004512434063,583.539491717885,600.825243393112,599.637652197591
542.986988807289,722.456307458133,619.129661852717,654.992501907799,661.505182463789,621.317552630895,557.232713477448,665.860529116072,646.632810872814,623.900050303808,640.471556431171,588.210444100265,583.604274017959,600.756383339784,599.607416318431
543.174374329283,722.607717482847,618.688520834632,655.630623044599,661.975190315852,621.084217418716,557.600644472792,665.942435246112,646.729711977315,624.011000545014,641.034211129708,588.414428532647,583.669018076298,600.669852736473,599.574848280635
543.264617532541,722.771568254664,618.232894338736,656.232788945936,662.410245934161,620.855884528268,557.969972228582,666.140242110386,646.821036878178,624.033937207949,641.554055278814,588.610947177617,583.72617078225,600.567306950339,599.543919508845
543.352883271092,722.949541185073,617.760887841013,656.851561209683,662.81437497703,620.636713116506,558.330919613618,666.591435775529,646.949404105715,624.034335577889,642.029535168221,588.811087166969,583.783241447809,600.443649221853,599.514761493309
543.475396796444,723.246551787807,617.267295524147,657.490518123959,663.169596371908,620.439941378547,558.641649007991,667.127212121048,647.09255051572,624.006245515272,642.460216789643,588.967067465902,583.839762349049,600.407280166537,599.699168477369
543.572093216549,723.53989220047,616.747150881199,658.152710567332,663.489235865135,620.214943601257,558.90824239819,667.746867680229,647.201208861967,623.916440044856,642.834130645319,589.147891550223,583.897526142435,600.45141851405,599.859651154506
543.65311168082,723.933763346765,616.199459557891,658.84032706875,663.777219478164,620.022349803085,559.11464201145,668.438776213674,647.306418221799,623.797228627651,643.155395499077,589.319630390276,583.950654697401,600.526717887427,600.020254599008
543.700056652315,724.321680781851,615.62452824122,659.509189320357,664.030961569356,619.868131571439,559.242705378039,669.209164395192,647.40693067805,623.639777026297,643.393966219135,589.448955805802,584.002884562989,600.606827111078,600.018141309287
543.720626756079,724.691244617922,615.021048222053,660.152206030926,664.250698038755,619.737766529402,559.26570736823,670.0366906276,647.497655160534,623.459040327051,643.59281990176,589.5918711667,584.03506180211,600.675978780765,600.032650864592
543.711785891624,725.036024677271,614.385748343743,660.874966906972,664.442347759329,619.647440550548,559.252232897825,670.663783352487,647.571542880434,623.248655922795,643.757832115796,589.631344484714,584.018725160814,600.724716168887,600.063954707541
543.672610413624,725.289616744482,613.716710110019,661.601672439077,664.601650949238,619.582452295963,559.108964770618,671.248328776498,647.647565358751,623.028227485828,643.89468516088,589.72598921563,584.002424059495,600.744419453074,600.177911914811
543.606826768545,725.510892674959,613.016802688483,662.325950673802,664.731699588855,619.542159329896,558.988952271596,671.711668453794,647.724190457023,622.815755299595,643.876171369196,589.818272937439,583.995672350735,600.742733213638,600.302410111133
543.5229515051,725.643286857865,612.292205867813,663.04325875145,664.802015396286,619.515191447227,558.799792902884,671.838907588656,647.739876835808,622.626037016368,642.42991150622,589.838451267291,584.003645130509,600.715425423861,600.406256619652
543.4140895037,725.75788081295,611.548531582488,663.751109228555,664.829356179564,619.495734733165,558.605110141852,671.816591896466,647.704247342537,622.485179261503,642.374640052138,589.857466542805,584.03107552227,600.641869149151,600.517613355902
543.269374963042,725.859537805081,610.788813405173,664.388746334056,664.809674459244,619.479156817265,558.339822332007,670.901919039415,647.56123224023,622.333067117346,642.278749179897,589.886511824702,584.067032574132,600.506505023112,600.62437105411
543.0793806317,725.954081664182,610.015439034254,665.018331196145,664.767222641845,619.429514108978,558.022903605806,670.010876313544,647.426445652437,622.150843688964,642.152557230924,589.943011647477,584.097576575179,600.351754409091,600.648548255492
542.880870823556,726.129573353723,609.233114749966,665.566685324643,664.861778737642,619.342808966877,557.652189639002,669.26671539795,647.282408277491,621.99023970283,641.990717072385,590.014298492151,584.154576253242,600.189073852851,600.716763164313
542.678825863488,726.305488602754,608.448537001068,666.01844519965,664.945918542127,619.239811515598,557.262719204936,669.183365120025,647.140194707889,621.855982387388,641.805103175875,590.085434306981,584.236548954004,600.02143481726,600.784150076464
542.399437580656,726.474492621096,607.666781142074,666.496407664427,665.014814895128,619.129408931454,556.38601046421,668.984122263377,646.970863304175,621.691075949081,641.561748873388,590.157289080143,584.339248611633,599.850197440212,600.881360424647
542.134545346068,726.634068189538,606.889627975283,666.996292825151,665.07065331528,619.008286964278,555.418162809025,668.802099552873,646.804344155252,621.533016745772,641.287064995803,590.230466455993,584.431872664223,599.684473983801,600.915452744189
541.89505180419,726.781705213432,606.117035525094,667.520938994241,665.130827187051,618.871503838666,554.44553761104,668.585782577493,646.639256002062,621.407952213562,640.996377367433,590.305455632896,584.48596158454,599.516125861222,600.829755404099
541.687809595553,726.9039403338,605.35073802961,668.053365976817,665.192192072614,618.729745421644,553.433737511371,668.435423903584,646.44788372594,621.307903351191,640.676418268902,590.323583361307,584.542295757029,599.377067674488,600.710641830937
541.531414429026,727.004915629472,604.595099713,668.647749288436,665.21567905945,618.575521782353,552.469605891762,668.458961170681,646.261045971259,621.227894390746,640.339138399034,590.357111230933,584.597021581964,599.248350782562,600.613355840079
541.422385491756,727.053110675779,603.853824348771,669.245847876456,665.214858992114,618.424444234348,551.590254216581,668.578941361425,646.091003293369,621.173983728945,640.000989859618,590.389183689754,584.646848398122,599.134584902086,600.543027119238
541.328587422708,727.062543709201,603.127733746082,669.871989992049,665.163728912976,618.26860203566,550.816750622978,668.714103532991,645.870984332689,621.129837150628,639.648387443748,590.388522942342,584.678570117277,599.072717872057,600.541132824376
541.204934101789,727.065694570216,602.414624840151,670.502411799051,665.156738576114,618.115701569155,550.199739174963,668.879853013423,645.624325125955,621.062831537573,640.918627541634,590.379990608313,584.684310518029,599.093684304348,600.578989327385
541.074493967234,727.080655292467,601.712413092549,671.121397047929,665.214797000086,617.966488938148,549.707508699777,668.359190173629,645.367695302076,621.014369429747,640.572888920954,590.358450126304,584.684055548438,599.089397323969,600.60493763929
540.922938936974,727.088139500358,601.0201956077,671.810979156844,665.308118079483,617.828521972475,549.306684458893,667.757305434423,645.100824091625,620.948314252752,640.238834652492,590.364523385545,584.676720159652,599.080530653442,600.514759977474
540.74366723299,727.073386227694,600.336293362722,672.489611670097,665.337347093796,617.697275093449,548.981184879542,667.181787966589,644.847447482301,620.831649226573,639.921269926684,590.446110479671,584.661236547926,599.008749602764,600.410053305026
540.534566039721,727.055163506089,599.656155994632,673.065933987898,665.39790451614,617.573347947286,548.698495215011,667.042932205658,644.648994985606,620.716769005141,639.624710916787,590.551720156191,584.63520537809,598.83539716725,600.259870573126
540.294829096413,727.036150716109,598.971701024844,673.716511228694,665.39675031655,617.462117603866,548.475252803842,667.159050842426,644.46426162487,620.608054943891,639.352808275685,590.660800272864,584.566603980651,598.630415778139,600.01232198375
540.019987151846,727.017458259398,598.274590731626,674.355983562396,665.450318156402,617.337729623723,548.302052142711,667.380389614029,644.294373886092,620.496786770271,639.107419876145,590.76396859619,584.487740950226,598.36068218676,599.797059676513
539.705757094731,727.000330196725,597.557446387484,674.90690798722,665.423563303033,617.232076507021,548.271113255622,667.442175323693,644.16044008449,620.394005507422,638.851606945429,590.886292185847,584.389293489261,598.052851940033,599.56684572357
539.351099470472,727.007904844466,596.813471714342,675.300429332085,665.367768888869,617.124282317122,548.243839833975,667.105637593133,644.047038454945,620.242223015788,638.529012043741,591.022794521367,584.268389293381,597.741675109175,599.3589843553
538.954837823418,727.034361640971,596.034169560367,675.6905574806,665.287226305759,617.014074327348,548.218211472929,666.275900060944,643.938383645078,620.068714168642,638.222742379666,591.17143965597,584.135947797226,597.481946790361,599.119263113191
538.530330270948,727.059472217562,595.208189050559,676.078013409636,665.187136452791,616.909026639109,548.192108782795,665.450143165505,643.836456301687,619.821659788356,637.930707962802,591.303089436127,583.993058439581,597.304458447393,598.86360813967
538.075393420523,727.069657211558,594.324428377429,676.562016676638,665.072620218761,616.806254263601,548.163282867109,664.615568665239,643.771001008396,619.58005772561,637.649704562092,591.420465073674,583.841431995445,597.123985943107,598.615662444613
537.649720515414,727.070890863799,593.374193930269,677.057352823573,664.948569211987,616.689700532228,548.134205996311,663.921746117627,643.741375991834,619.353224512388,637.37632437488,591.521505068025,583.6571560857,597.024083559383,598.321334114307
537.216816273366,727.078060897436,592.35310695277,677.566157538932,664.573986527311,616.50796846578,548.227336695002,663.111453347248,643.735982129725,619.099887641022,637.060279308771,591.626011302312,583.467390194394,596.935066805362,597.994051504696
536.790304244191,727.129793852919,591.259917230299,678.089743962174,664.175518889984,616.319694272787,548.40279267823,662.239820953128,643.787318671223,618.860330648318,636.74827373823,591.737205049305,583.274379880008,596.88486275173,597.706004128531
536.381472989531,727.193722213372,590.09607665723,678.516958800724,663.692649672834,616.13184026859,548.576107455057,661.381590518733,643.859902548859,618.625023736114,636.439648724302,591.845287112722,583.079665714328,596.830681853165,597.361119522102
535.999510246381,727.258642245067,588.868242463635,678.805835731157,663.217519660705,615.950941064243,548.747921257831,660.611400135448,643.892579470774,618.409159957125,636.03096164218,591.96350533218,582.884242679235,596.779690046483,596.987598534474
535.651699201284,727.353754975154,587.589373502197,679.017072652567,662.851186357633,615.782980461695,548.803700329592,659.821171534623,643.942896930082,618.18395671802,635.649271278076,592.110415615222,582.685727763435,596.706951537352,596.406513561395
535.3435379495,727.473015086497,586.278689682125,679.198518266037,662.523841384019,615.732680203457,548.851173008965,659.262004556079,643.992555408554,617.969379929911,635.29518314734,592.255631618147,582.434742267778,596.628830875275,595.758899594681
535.080307866985,727.599256007494,584.957474161417,679.383627478611,662.243627147213,615.732287488828,549.020885875244,659.032967091914,644.041496422861,617.761904667029,634.968397419734,592.382030274658,582.184164409976,596.550545370809,595.045139569935
534.868020066846,727.721484192429,583.644625112483,679.587683399483,662.014860040601,615.746142909657,549.222907551266,658.858674782094,644.169692137722,617.424097491184,633.266987400955,592.441945481068,581.92061633766,596.495265034451,594.179805226549
534.711552964359,727.783510844352,582.355211644554,679.798037575529,661.838261569133,615.773980416115,549.362087733395,658.704844132654,644.283464219819,617.12629193424,633.052543077654,592.485868596513,581.638992334204,596.43120747759,593.252146902999
534.613069679824,727.851417156813,581.100870450869,680.088390076025,661.710031080003,615.814668655412,549.638086259571,658.599860900946,644.376417432386,616.868127916832,632.884286779847,592.524682457463,581.354462402704,596.380989142014,592.274231357012
534.570326666206,727.897337551277,579.890883996264,680.376510454905,661.621931315135,615.866401239534,549.976170712071,658.540271028864,644.467012624521,616.573330458014,632.711906985819,592.509153492797,581.06707867979,596.341685477499,591.288086680562
534.567826356574,727.945158973379,578.731929921509,680.78101230298,661.56211192832,615.927046291118,550.373415686261,658.729398369837,644.565642249006,616.299540011426,632.522306633052,592.433957391979,580.776286922386,596.264288143932,590.338411500686
534.614036468399,727.994577695761,577.626778624322,681.165713400828,661.516339113004,615.949056044095,550.828962090706,658.978032584551,644.636664349346,616.011085068297,632.320409489531,592.404266582928,580.481171155474,596.153419361127,589.45997983724
534.69047324921,728.047194599721,576.574994654193,681.54334084941,661.469978273332,615.980406968061,551.343195434018,659.244082987889,644.696169531151,615.716672439391,632.104672535557,592.357370490521,580.180907934533,596.047406688874,588.851261273865
534.787875271334,728.124260455082,575.575007240285,681.784650426817,661.278058841754,615.93556930247,551.934808897781,659.51475535459,644.74469308101,615.376279003175,631.862578787566,592.314672069629,579.875094384682,595.880158245199,588.339265258539
534.899472560061,728.205420421542,574.6253602669,681.993381575907,661.040283469385,615.890033179175,552.528634492358,659.794281536607,644.664510457816,614.952866620438,631.612780380969,592.279727342996,579.563994426909,595.740751388659,587.911861722971
535.021511271614,728.289328951896,573.72480789329,682.130839534091,660.748140214898,615.841455131305,553.089546295189,660.039248574527,644.529368571111,614.514251621968,631.269717701443,592.247782349571,579.248367456221,595.624677325244,587.599041104444
535.232874628752,728.42560110259,572.869745987797,682.235264942435,660.418697253156,615.787548928242,553.532302132877,660.548430048462,644.403755987391,614.066329300963,630.901216369205,592.225366110231,578.93265541526,595.501117638337,587.338576519952
535.437054760449,728.565573537059,572.054224489262,682.314790654173,660.014599512107,616.984471628663,553.913123617039,661.063256512903,644.303235817461,613.606180025762,630.528739528377,592.224873666729,578.612753639813,595.391706663336,587.114299019625
535.628513477518,728.70537822921,571.272091086233,682.378520079113,659.549481432009,616.961923335655,554.111778072144,661.613291393283,644.204375906496,613.130884262412,630.100585760415,592.276210877778,578.289223406629,595.386934766654,586.93063498206
535.802111844289,728.63081731875,570.518533659869,682.479386913238,659.042431448609,616.929335945941,554.203720556514,662.804243517669,644.094768517765,612.63823117746,629.631247276216,592.341589615501,577.960519077965,595.37286227866,586.794543112337
535.954112138179,728.496503994301,569.79178184936,682.557852731776,658.506339819808,616.901166129627,554.125999399054,664.004289475454,643.996015409864,612.127196003475,629.202281314058,592.430189734086,577.62995257275,595.357586369592,586.666510855207
536.081026490825,728.317576708243,569.090353757013,682.695695321985,657.9539444304,616.861023493982,553.957757321136,665.208753572311,643.936515271742,611.612680056084,628.773856963712,592.513163837295,577.298093071435,595.392475429776,586.515414163333
536.144333282995,728.118628345877,568.412090894406,682.790094431918,657.394785031698,616.768965612195,553.711508691437,665.946466615008,643.869612806457,611.069673074541,628.28145495141,592.596629965683,576.966014970521,595.392167637105,586.309901816382
536.138510924825,727.903034214968,567.754518688844,682.870286118629,656.833703473955,616.64036476277,553.401225342938,666.589094392047,643.793157922311,610.505309944984,627.767658127717,592.687775822426,576.634468189256,595.382235251082,586.053908440988
536.096326841157,727.65384891869,567.11473870122,682.941488405798,656.270986736936,616.467371444224,553.041720571713,667.205402594953,643.705976922135,609.927179994512,627.259115502759,592.774650508755,576.307586288174,595.360546367377,585.804935458345
536.017442190078,727.40187689422,566.49119971712,683.00802058124,655.70357893731,616.298417054326,552.728337535858,667.67733043173,643.607605216612,609.341062227968,626.734714802581,592.842661600371,575.983696725682,595.313650161835,585.707331235462
535.912247663703,727.153329140193,565.881779300897,683.04849260075,655.126704338642,616.096743367898,552.714148487575,667.975662231194,643.482158186872,608.746899627083,626.225999042969,592.904573496171,575.667457498841,595.225854473514,585.587527392127
535.777022486461,726.911384929941,565.282786590784,683.066214647418,654.535286959575,615.940455314029,552.53397835685,667.897721845633,643.294176372269,608.151863450456,625.733148992162,592.946574948891,575.358250874618,595.117934611204,585.479613461203
535.651470628288,726.679319015236,564.689158549443,683.036745379628,653.916924339237,615.806316860732,552.358726554937,667.728730613713,643.107497017307,607.553878825296,625.227013880839,592.967868680709,575.058427898288,594.964200837584,585.202697130267
535.597270410459,726.459804939534,564.095118625744,683.00427711596,653.245998304301,615.675847887722,552.181977585296,667.638402964775,642.917350786991,606.963387087512,624.709197972739,592.986260620495,574.762339531407,594.757028278836,584.922261739625
535.541776678328,726.254291313559,563.496629468399,682.961261438787,652.566753497969,615.546197576436,551.997830505449,667.481800887258,642.718202215056,606.387315700183,624.191613052756,593.063682729844,574.493514870847,594.600390796822,584.645257530648
535.519319648497,726.057897281377,562.891339716461,682.914689840816,651.830386727846,615.433383274154,551.765234501027,667.285910135117,642.543742836184,605.944747457669,623.66409509902,593.140143132403,574.204911676717,594.427334747395,584.322235046562
535.502484038766,725.880611152677,562.277904368784,683.267293124626,651.087424417997,615.331618928865,551.590666777577,667.060870073713,642.3864163805,605.531834767241,623.082039878571,593.201905180895,573.95099862286,594.269127109313,583.994206768691
535.511145940117,725.691658072421,561.65584605099,683.260018926941,650.346208321036,615.253187925204,551.39033858297,666.820310800106,642.288983210603,605.121169557366,622.487707623898,593.278378563447,573.681493862817,594.127671138587,583.658836529608
535.551923198283,725.499272089313,561.025240693654,683.142913339069,649.637392681965,615.199523704182,551.217364973744,666.853493485024,642.243239009542,604.687541195698,621.880454247094,593.372474193716,573.421680754597,594.083863851567,583.276804675728
535.540281235495,725.322452455781,560.388302035189,682.944146075392,649.327201588469,615.16121396196,551.071950173841,666.893456504537,642.217628116866,604.259318081076,621.258919776463,593.484942668949,573.150747336519,594.068452488573,582.887996130089
535.53861500808,725.160687210237,559.749973435134,682.692284926604,649.015467135136,615.074704906771,550.942048700016,667.138342682525,642.202725452305,603.854521096151,620.786996498969,593.614329580504,572.882688057182,594.054507528136,582.495056743036
535.546384549377,725.013184431732,559.116149468874,682.4175340292,648.70749768805,614.977093409154,550.829839183617,667.45572766163,642.167565245722,603.487926899535,620.134079846623,593.756927371082,572.607525412299,594.057624567499,582.107038062256
535.450041034332,724.900437698377,558.492075534292,682.140011211265,648.408908361736,614.849316823381,550.832795185397,667.540858983253,642.154003502246,603.133001303514,619.465139452189,593.895580273958,572.233489019512,594.060236468215,581.829172090789
535.282269609827,724.885982416201,557.881466369262,681.897971126145,648.287591353877,614.73621273583,550.845675350853,667.443850247328,642.131760194681,602.776863836769,618.864230952918,594.032777334735,571.863925803968,594.031902395657,581.599915086104
535.052782468692,724.876533819645,557.28770506435,681.586672473114,648.168114137723,614.631072194416,550.797225932919,667.182859761858,642.015934642794,602.469446255578,618.24853681863,594.179673091072,571.501186044799,594.040958913422,581.32136905546
534.577311147558,724.864252734429,556.715103642246,681.272967752934,648.049455954997,614.520371335076,550.718479688365,666.796785743844,641.892352209519,602.152149440228,617.618951714568,594.305482764139,571.130486274832,593.940123307419,581.067867684831
534.069903024786,724.820319401707,556.167555183768,680.902848267571,647.913684500445,614.403860349873,550.557975013043,666.228058005219,641.726332348833,601.868394658319,616.983500753976,594.433814574987,570.781379335294,593.797993198297,580.922913789327
533.534704812424,724.765957759308,555.647117465888,680.545889610492,647.776988072335,614.28908387511,550.276391450056,665.528954300663,641.510414984762,601.622035112307,616.365729217801,594.597251616444,570.441960966428,593.627381273282,580.676047742662
532.975742757307,724.712797277944,555.152606473868,680.226934966902,647.638739967471,614.181351212282,549.934704270565,664.808984974631,641.30408428712,601.327143885162,615.755278165271,594.689279371915,570.101994137588,593.392648705999,580.440785184178
532.396009271192,724.735370347046,554.68169868298,679.951157050604,647.496485010201,614.084408571408,549.586337092428,663.738746334713,641.107621766402,601.099396536057,615.121134016293,594.773762683966,569.776850572404,593.034891090317,580.273215617961
531.797996864042,724.754826791969,554.233670334597,679.765962850023,647.306042364831,613.983122109984,549.269781416137,662.674291380818,640.927140784094,600.827750636998,614.514951051218,594.849811020123,569.45823571525,592.664036607197,580.112001977302
531.189573681488,724.780638350353,553.809560417645,679.666447436904,647.582521255093,613.893810657624,549.046520422926,661.55820090913,640.805710301432,600.538975651744,613.939804353068,594.916846544655,569.149626391384,592.285784763336,579.97526137514
530.580691546401,724.805737576024,553.410981009004,679.521686904922,647.89918620727,613.814015155898,548.877701553045,660.42886894547,640.698728683351,600.243677242509,613.396560886748,594.97443751691,568.856320802089,591.918800708993,579.874278383507
529.959649293163,724.82831325216,553.037597004581,679.387652603195,648.247435920618,613.706337660565,548.753585031264,659.569387755526,640.576887729317,599.974109601643,612.842013911602,595.021903577579,568.569107355812,591.598468706632,579.78817031022
529.331526908801,724.846755316686,552.688408071714,679.265742361023,648.619272820598,613.646787145998,548.670883484539,658.600346434676,640.493672709397,599.696512199738,612.358062147785,595.016849461679,568.287095832522,591.308508000139,579.726150373011
528.704030408926,725.008147359314,552.363323936813,679.156593009955,649.178996025737,613.532079548746,548.643827545124,657.818095359546,640.418107996459,599.442311858873,611.899810311487,594.961082313674,568.010209025939,590.919708530927,579.713763688403
528.085373869539,725.187276673486,552.063198909524,679.100842776681,649.772597623365,613.415482517124,548.627413629953,657.211910938818,640.348032906921,599.149403822914,611.464261127016,594.990894280094,567.739245532232,590.537915482764,579.695062373694
527.397271001862,725.366263408826,551.788097843759,679.017001590903,650.403297962013,613.278281878799,548.521524600908,656.859215306701,640.281243105498,598.850539825511,611.048108750455,595.023859180449,567.475340745963,590.218484303644,579.647236877896
526.72806098348,725.570353045183,551.563695722215,678.944443267048,650.983785577061,613.145481660768,548.421166274167,656.976859438941,640.220453376587,598.472609029752,610.64822243493,595.054918699416,567.24300353547,589.972465944174,579.591298269624
526.042275290973,725.718709376826,551.441189658431,678.891220748988,651.258782694404,613.013938853064,548.282461360662,656.987562944018,640.190646584027,598.113262745207,610.262841702954,595.080375916777,566.984777240912,589.765590331679,579.667247924696
525.172466628403,725.888834943054,551.302556979145,678.833125481007,651.391712023412,612.883338858729,548.14086742734,656.755213661856,640.123599303646,597.75820148567,609.892052374656,595.050585411271,566.727539353809,589.544922185899,579.74225831755
524.336529862457,726.080318465729,551.14318935858,678.780358603938,651.156926711221,612.800240081985,547.971556172028,656.483590229496,640.091718792324,597.381737580805,609.54205749535,594.99450792,566.472288669088,589.354465820478,579.83857711409
523.541806551608,726.298980109272,550.958201440155,678.735384587365,650.908412370062,612.720772651916,547.788469849141,656.298307292976,640.035983912676,596.977967225608,609.257135094762,594.930590400086,566.219983388115,589.184239230247,580.033934881321
522.800973420825,726.525685929287,550.74105822498,678.746011519913,650.630322775139,612.634025401901,547.655282211846,655.967514856307,639.983110605793,596.50786511376,608.955933901478,594.878962374428,565.971656791161,589.023296192681,580.119481972907
522.433025379505,726.78711762935,550.486066879594,678.778881961519,650.333654890025,612.635640804017,547.514596755068,655.570083769145,639.906850363522,596.026656001439,608.653154123931,594.825306578382,565.728347128761,588.884773662561,580.244470010767
522.003098843343,727.048484652674,550.18980876084,678.821299884289,650.03857378781,612.625352716873,547.367912969399,655.43071592617,639.839794721312,595.526372378251,608.355281167927,594.772156215352,565.472700449049,588.758040989742,580.330266783281
521.70108773827,727.350525299411,549.852649753132,678.868902622903,649.747173224483,612.590323934894,547.280869755206,655.251972305061,639.7353066046,594.924033353429,608.107689115735,594.700611824225,565.223798437543,588.667145381403,580.44851191579
521.47547472641,727.64560505843,549.476903474045,678.932592050221,649.445689847616,612.595568741699,547.233014662048,654.928910536327,639.70794677798,594.397775723876,607.878009378034,594.570113321822,564.967676507789,588.536311287021,580.577694130387
521.237078896691,727.876424911298,549.064590593935,678.965712631242,649.134425770264,612.593273617116,547.142385413953,654.509867717303,639.691859576582,593.799509229881,607.637867056223,594.449746127568,564.754762174511,588.386989164275,580.729435050352
520.942089557506,728.001338696518,548.619076985691,678.977481777339,648.850626497842,612.585405835893,547.041999881986,654.04240556954,639.754571122923,593.21322669397,607.40418191879,594.360484466266,564.53395653397,588.229212127016,580.917934987535
520.631344941699,728.072715690228,548.146221641941,679.005456404327,648.562433865498,612.575453505148,546.929539661475,653.532757459266,639.829472398286,592.633553386864,607.181128947945,594.282556167944,564.304608891188,588.052105131451,581.095080231301
520.304243349373,728.12603039414,547.750274863075,679.035743044257,648.276386767657,612.555332183803,546.801820621183,653.084282316467,639.888407780696,592.107669046226,606.977956646717,594.247548996619,564.084603942601,587.868445165459,581.246864666098
519.987297451564,728.172560076103,547.336215186597,679.06347102087,647.863920793032,612.527278078523,546.65038807432,652.605618821042,639.918134904583,591.641575272858,606.791948890485,594.239808034509,563.864754309814,587.668713696216,581.355962830602
519.683981079904,728.218493546857,546.634461240915,679.082764411998,647.263888812586,612.547758153533,546.342629680218,652.106199332352,639.874145817053,591.23690958755,606.622207029053,594.281609704246,563.636174841601,587.453287099636,581.405461291959
519.401861456515,728.28055275452,545.944788248639,679.119415885953,646.761593482262,612.588830831626,545.84816183351,651.716883060446,639.777422562311,590.882885332665,606.475912322801,594.338841775177,563.352238934423,587.223600236393,581.425641475167
519.150391620687,728.340226519213,545.285918884478,679.169850380176,646.325273145443,612.667859069273,545.327699583797,651.383044264502,639.681622780008,590.640294661191,606.374244912581,594.428123001924,563.040699833171,586.98113376497,581.224652173387
518.898851529109,728.354099684949,544.676784175528,679.22003936739,645.825965597646,612.789480899261,544.777305289772,651.008697328229,639.590138039847,590.376199382732,606.283834979895,594.532924442431,562.731495951158,586.705786553312,580.989303099109
518.685307865028,728.358775111584,544.721276974758,679.2764961959,645.331468084734,612.988630535323,544.262246904257,650.790521417531,639.504887575303,590.116126368686,606.200225131281,594.654691485568,562.427602460313,586.404539540046,580.734695624708
518.454986546426,728.523125347134,544.82297223519,679.31590977536,644.840906285681,613.220105209429,543.772502152544,650.877128921317,639.41273908877,589.867881991633,606.119484309925,594.771960594541,562.127839618722,586.085401893246,580.460180137016
518.400179053349,728.691560452733,544.922742885735,679.346257248542,644.352478132767,613.275577652184,543.30634011615,651.335088068117,639.328294124851,589.620662875628,606.038302437209,594.831493972757,561.834454634622,585.784472895126,580.367054318536
518.437233579654,728.831232551949,545.022244626984,679.356646646058,643.864252228254,613.285327269108,542.801981636549,651.796288500052,639.291424282787,589.393479952422,605.953917266734,594.865983357832,561.554486025691,585.38191666081,580.295692559257
518.418185157487,728.945083105882,545.123779894955,679.363941428737,643.373844002509,613.3054476409,542.425127986803,652.24943932095,639.254973326305,589.167412137155,605.804913094722,594.880521774842,561.271119481533,584.963710579502,580.267506250954
518.395911541595,729.05650128161,545.230578997959,679.311313543418,642.878319898905,613.309197899127,542.101594719591,652.675523528674,639.245977921799,588.980403168713,605.642400915545,594.751235837523,561.037094660176,584.541900262853,580.244106177381
518.375246871861,729.176521625125,545.346077741605,679.265077185983,642.374351192153,613.307968430569,541.854498130977,652.992762257806,639.236379202594,588.797850111237,605.445705052254,594.539642410248,560.818264787513,584.121143238009,580.060264493765
518.35409778965,729.294817017684,545.47290306704,679.280399065347,641.858472018598,613.303571124824,541.631489265964,652.865304641665,639.228491336955,588.61046066005,604.941650813982,594.320172003869,560.591739770068,583.702579013495,579.814397345
518.329209989236,729.398768005089,545.612529361959,679.286374815302,641.328038472703,613.305349690894,541.378714505847,652.711846796669,639.208487092157,588.437097319907,604.402683485233,594.141213603938,560.376001412495,583.25501598535,579.555575063784
518.296881251913,729.485618939179,545.764929870931,679.289181039392,640.781218516389,613.292940846881,541.089283273892,652.551753910725,639.193139223377,588.343959891928,603.912356701406,593.894201705574,560.170181717425,598.862875400113,579.289519612211
518.253788009897,729.554524701043,545.928916407408,679.304557169137,640.340701574362,613.274142440328,540.859678958292,652.474361420358,639.185534451004,588.18237268284,603.487380583471,593.630538230318,559.972607345333,598.684735630173,579.00409607018
518.198283452412,729.60729955375,546.102222081925,679.326961764848,639.888608610796,613.237428782055,540.582311945425,652.447430114527,639.213630366316,587.973442829026,603.095064468151,593.380932782442,559.78110198169,598.519259721965,578.64128379769
518.131833002266,729.645668955949,546.281262997354,679.354798406011,639.159389572996,613.206834292775,540.305637980305,652.468180831172,639.227546214798,587.765294544238,602.74059344629,593.142816955692,559.593095011393,598.379709571849,578.262064408124
518.059153538972,729.860467955135,546.649925135569,679.377019368896,638.68796463067,613.156040667192,540.028741613719,652.53432630227,639.260972103646,587.569960423509,602.426785348253,592.91480795603,559.405974144481,598.237072061969,577.83012385128
517.992411436259,730.076487980068,547.045850694222,679.393614038434,638.204794502301,613.111873081639,539.736405026868,653.382274771288,639.290229149279,587.389605658825,602.154193246677,592.698331223465,559.21745944344,598.11521204459,577.395758542846
517.91297249554,730.273742004327,547.464860423374,679.416032077623,637.592037485798,612.854523416384,539.421292627143,654.268770825775,639.258971967353,587.275161105759,601.921123008615,592.494410308049,559.026032530236,597.99847603692,577.05129387004
517.810938779631,730.474812044984,547.902248204304,679.460862833203,636.981689770971,612.614074218527,539.105946708689,655.16637958878,639.069355234521,587.32675962541,601.723358602873,592.305084723786,558.831567115355,597.884688831721,576.754413634487
517.805668068216,730.68399639682,548.35044707905,679.475197884572,636.379308213631,612.406388747789,538.788448288772,656.091380243631,638.88767113973,587.353603303457,601.55447160878,592.138323296146,558.635126363301,597.772027829692,576.329135703387
517.827788630719,730.899297335186,548.802198181277,679.485764797315,635.789774670871,612.330010843311,538.590301530965,656.967318294862,638.721455207095,587.386882589983,601.406768459973,591.817304578923,558.43811009202,597.662398704042,575.878914785968
517.913879530705,731.135668940381,549.252059894223,679.577986466723,635.216966161638,612.307640640439,538.390206973162,657.674306790769,638.563549220103,587.399625048386,601.241149677261,591.518541374162,558.241583031545,597.579884016535,575.404586420664
518.009909693865,731.207571972531,549.698144633733,679.67365451348,634.672406734923,612.290599592412,538.116402282946,658.102116320037,638.425797900714,587.402901575266,601.066874282753,591.250661287005,558.019783508673,597.478238437137,574.951374154242
518.113546891343,731.265087481577,550.140834763824,679.76164040245,634.142273309286,611.072862962191,537.813545708452,658.424185982348,638.133530160475,587.283412876501,600.899706801137,591.0980558659,557.796875939325,597.387473122998,574.517306613214
518.223939888057,731.309724223966,550.578845906059,679.869443148263,633.630014620738,611.078105043083,537.504255179283,658.7369988524,637.845632096684,587.060128253593,600.688506479687,590.935006643849,557.571740486279,597.305584354636,574.273023483438
518.341737220848,731.345173089317,551.010476632028,680.017798100725,633.128131866756,611.057290197684,537.203707093526,659.041181230331,637.551468028477,586.821638255295,600.512265095011,590.768873270214,557.342711801315,597.229622303827,574.035958715522
518.467485001014,731.3683372824,551.42395315466,680.139542433772,632.643795062679,610.968080841906,536.753781044783,659.476550151936,637.265371393046,586.539605864276,600.328724144187,590.604904360596,557.108342286026,597.203086515549,573.809500166082
518.51357061559,731.32103175879,551.836998349507,680.22367593956,632.217856912519,610.842615879022,536.285463848341,659.606579700763,636.981602620592,586.216525526951,600.167878215936,590.442453190825,556.829454514337,597.182505796401,573.593187160839
518.551887344459,731.273243735706,552.246592813656,680.300727768755,631.980138103725,610.6958538916,535.825965675603,659.762165573849,636.649878540207,585.878948044624,599.874385628101,590.2813229587,556.550051669875,597.203572691166,573.382961672584
518.613714832053,731.223772066656,552.647405725592,680.297242305063,630.449352026566,610.519327756321,535.387710344563,659.95372038196,636.337414422769,585.530716361416,599.547130603458,590.093958469111,556.269533970387,597.228890889249,573.191922184936
518.650537168229,731.171509215656,553.033000184257,680.272499296918,629.563141386722,610.25653339496,535.026715879486,660.115267962475,636.074919309147,585.177808415096,599.24424465015,589.907012191691,555.987698844031,597.255372399938,573.034256807885
518.801174070851,731.064706281786,553.398213014859,680.193784511004,628.761389391083,609.955004993214,531.998299163948,660.282963690324,635.821111546335,584.97324645559,599.026934181126,589.719073690314,555.704771428085,597.26203638852,572.918010479818
518.905869011363,730.959702173813,553.740042587141,680.100427038037,628.539981277909,609.694419026985,531.891191680677,660.507334036832,635.567004104765,584.767865546841,598.827384200427,589.544270626525,555.421546265065,597.260413453335,572.731966134244
519.048952863758,730.857967681174,554.057995208219,679.981177256891,628.228591801937,609.465507517905,531.731384333765,660.709595930001,635.324948856189,584.476267226746,598.655968139404,589.356731188339,555.139830774983,597.258139785069,572.505422397756
519.224155401461,730.681526450839,554.350627285872,679.859338376294,627.997523004004,609.267800022285,531.535013175195,661.072898554831,635.0856535596,584.124730448369,598.623733225078,589.153712318189,554.879062332031,597.284046925751,572.276180372635
519.494325164054,730.304467846,554.614838975411,679.735304666171,627.668204393061,609.167852401887,531.334229857825,661.615230182521,634.637388710461,583.705562710634,598.539600856108,588.982617031592,554.621867912128,597.240955365627,572.053492491391
519.819499220546,729.925531809547,554.848123998449,679.543750847694,627.409522881762,609.110215189416,531.127587013833,662.164427447714,633.962083142641,583.237381483748,598.447810808281,588.709385493264,554.371415316398,597.184388949424,571.851244546194
519.853923952147,729.550915866745,555.049115837642,679.399279462661,627.091771473982,609.069045596737,530.911579995425,662.679782469855,633.233103586188,582.747198164748,598.36071930809,588.385705982532,554.120942133632,597.099910318247,571.80800642414
519.965566682524,729.22917036115,555.019304379817,679.227619322339,626.751316709595,608.98071551746,530.73129509483,663.233369509008,632.474922680627,582.302368557306,598.282097098476,588.011616754159,553.883141206362,597.009421627278,571.791187994611
520.047129954703,728.866641410414,554.956827178709,679.06924053878,625.707197545231,608.858529911279,530.337665294947,663.630287364383,631.694512512452,581.84037649923,598.173961593143,587.593174140314,553.639566416547,596.922292708791,571.795674552933
520.1278945996,728.487073727618,554.863239410161,678.887586986872,625.392457848639,608.714659605189,529.912680228738,663.970890182238,642.101150107973,581.372486001035,598.165659536426,587.142346210122,553.385709923567,596.828754020901,571.794049207266
520.134477897395,728.120137050372,554.731798201248,678.756492966523,625.138634138997,608.570297232159,529.454282153004,664.219828461016,641.843141138633,580.916434186876,598.137718429377,586.664991084979,553.131157979799,596.752877836967,571.690805109465
520.078470287544,727.767876095809,554.556340801282,678.626934496715,624.95841847932,608.366681088481,528.929554457074,664.450613940287,641.597325673572,580.474141206087,598.139227597252,586.187202296963,552.890754151414,596.727360894007,571.560058394201
519.905984401062,727.41825377564,554.331912637642,678.511656811482,624.788907905684,608.104189207526,528.408797797154,664.661256997681,641.353001154469,580.047345888095,598.14125573511,585.797333338751,552.65638682402,596.699489565842,571.421739697983
519.682915366872,727.115225197716,554.05515130681,678.407310061225,624.951899900387,607.836662426574,528.064176874991,664.428670375627,641.049063653177,579.646879128186,598.161064423038,585.436819539021,552.427656142571,596.660336957053,571.297137360551
519.473007742162,726.823158402732,553.724483701097,678.314258112636,625.107699779466,607.558883126427,527.704955527071,664.191688258977,640.845692285972,579.265049197138,598.177102533156,585.116813384092,552.198513279907,596.621780146635,571.173019334442
519.238062020657,726.537355885277,553.340488742394,678.247739878202,625.250421391376,607.27575283525,527.39460475341,663.965859975256,640.631608628092,578.539241643722,598.112951860749,584.805738568609,551.96650263146,596.590084692978,571.039174343953
518.9919836661,726.272243749772,552.906027443798,678.176707146253,625.377479621667,607.01193148982,527.132045654746,663.763752172771,640.39505988955,578.16618504178,598.087492535939,584.528303657634,551.725057076956,596.232730847509,570.882172456577
518.758660996986,726.022741458074,552.426198137973,678.045774069713,625.490214637312,606.777307145937,527.097045419084,663.587828464505,640.144293443037,577.820965703349,597.957113165544,584.275500328648,551.475843891496,596.11300819779,570.738878471495
518.492424407001,725.769329717167,551.908065673754,677.900414023443,625.592022237188,606.551764167787,527.109325789502,663.194205344086,639.895371807245,577.49914770417,597.71550511243,584.054364279193,551.221145450875,595.973997436771,570.583821464641
518.258311903149,725.528343726246,551.360237352899,677.769705515813,625.686965367977,606.327433510584,527.125223681839,662.856649590981,639.659935037785,577.340311208745,597.447516857029,583.854884884975,550.958171234994,595.793388105267,570.446914860602
518.115815667968,725.31370630514,550.691662262606,677.569226281635,625.730808025159,606.201490383028,527.087068429207,662.726963446076,639.415343214271,577.20306699793,597.136275754009,583.678488224052,550.661433425301,595.587116196101,570.293282521531
518.001928843197,725.126747755046,550.015157367261,677.389344775804,625.562866084426,606.127506864966,527.036188445897,662.866416482248,639.187917457087,576.942902616316,596.812360286746,583.552985768969,550.353503458044,595.37434809311,570.115505591221
517.772493262227,724.94839331239,549.344035196204,677.193293975545,625.378158113333,606.03937490768,526.960588490842,662.578302648393,638.971516764276,576.713887157559,596.481350109177,583.463977758955,550.042831396054,595.163457513105,569.90642209004
517.551275497925,724.804358303491,548.692419988088,676.999848945552,625.25558803545,605.941814697177,526.868939042447,662.59770560171,638.762001475873,576.49878610996,596.14857250604,583.285562807248,549.747709538531,595.248386510859,569.545257131598
517.349868313862,724.654252001277,548.071525983677,676.86621554294,625.152468441955,605.834724110574,526.710714463808,662.596724679525,638.501401247504,576.191330728235,595.818854788621,583.280279695581,549.457051569202,595.342434872848,569.164786765504
517.058022434446,724.46096302537,547.530282884231,676.74262379426,625.066009065338,605.658289011307,526.563454370283,662.512521494723,638.046752639897,575.87297227363,595.496361057906,583.280158855395,549.169788810417,595.443306512061,568.779425730349
516.821159233567,724.260213369532,547.056074434651,676.611470383322,624.987069973501,605.468831360979,526.415126180292,662.048937869369,637.671697083657,575.639140589876,595.184402020443,583.28251795666,548.88570441996,595.535416664088,568.594842147147
516.606621250481,724.044327239156,546.616464136119,676.509228899383,624.925738781945,605.188580022182,526.269499509559,661.559077039289,637.388324152213,575.387182313959,594.885335263532,583.26628436499,548.599504212278,595.626528297698,568.420398056534
516.414423645603,723.826077588666,546.224417143783,676.468593690508,624.868928458173,604.833813687341,526.112723333937,661.06178277987,636.989070751404,575.118455303938,594.601800617396,583.250947641087,548.309617629422,595.755996724655,568.219552516771
516.253539972808,723.684598780976,545.869931832807,676.453634263781,624.811616664179,604.530887740685,525.953680572079,660.721787692711,636.587728564411,574.834360531339,594.313863719512,583.235879154079,548.021598166091,595.87059555118,568.019338795898
516.117593816347,723.511379911426,545.564760163212,676.398608424615,624.748619501452,604.222845549466,525.862368352615,660.315341430596,636.191717915936,574.534245767957,593.901466523232,583.269728708306,547.734554956411,595.912180081324,567.806464541722
515.928187213761,723.350165405228,545.320619956985,676.430748612554,624.635596674673,603.908885955838,525.786273471656,660.126333978963,635.798715734269,574.218411957175,593.452577162249,583.299117168831,547.447688248854,595.937228748435,567.577164388668
515.749802576519,723.174320392947,545.112561054383,676.435389367616,617.683771072996,603.611605640009,525.682319196767,659.999391883758,635.381414365509,573.887929098081,593.00087047766,583.114215320393,547.161265219504,595.896644993364,567.315346828903
515.585206019971,722.97322360021,544.924201979932,676.339563949571,617.458776954529,603.334829283432,525.590932853096,659.938007551723,635.00824162318,573.544457508066,592.55454890372,582.930740227344,546.876761984843,595.861278182353,567.045031156307
515.252564037394,722.733544737916,544.868289692858,676.219239143743,617.27723383533,603.083719984701,525.491187378935,660.146055360437,634.645931970029,573.218859881834,592.116633738289,582.840984468361,546.596311926462,595.772631711872,566.772705593871
514.81955509975,722.499366442513,544.83233530111,676.11100367429,616.75075331544,602.832192214796,525.458557515676,660.616774216661,634.302034496499,572.896306042703,591.702212597071,582.769838577451,546.322130089275,595.718814813384,566.489312968672
514.354478764351,722.227729525535,544.816433883742,676.007548883751,616.159843340928,602.69126975733,525.428332527748,661.150590637236,633.972585756264,572.572081131059,591.320782568918,582.720299093312,546.102626405241,595.721585294939,566.20163451265
513.854368887113,721.922040261399,544.804477158081,675.898568033178,615.245477222948,602.601120691683,525.359604249223,661.685681488708,633.737705847687,572.222116697242,591.026347046588,582.691396121455,545.898171994702,595.70180507087,565.924738858901
513.315780736795,721.586688640538,544.793453147988,675.829715484662,613.918897968351,602.427774457906,525.348686304379,662.204383429674,633.574330829509,571.921056472241,574.283640133969,582.667326693227,545.707601180505,595.732932081724,565.725519756083
512.736020129632,721.247670088345,544.787346965572,675.761957090146,612.343266764259,602.253954680345,525.164497538189,662.608119332232,633.378915284443,571.708456523034,574.182090670612,582.626214139918,545.529382077409,595.743889718704,565.634020512626
512.114614346402,720.911437399849,544.787346965572,675.749358779649,610.803580017847,602.017663126019,524.999307352122,662.907833523968,633.059021480187,571.411530479028,574.010920743829,582.629581906334,545.362072276702,595.772323497505,565.464617598187
511.454140879434,720.630545394763,544.787346965572,675.746762921109,609.450551389863,601.79619209526,524.800635767002,663.547346770002,632.734378517635,571.117555399944,573.78403541844,582.621350483903,545.204189208173,595.799924364802,565.345099725365
510.659737893416,720.369657741046,544.787346965572,675.749418999955,608.306240142427,601.580727352862,524.618393474851,664.25111341583,632.392437159803,570.820638463914,573.482975008568,582.622755922697,544.998223129272,595.887417433572,565.229804461478
509.733651657839,720.151022580507,544.69739292882,675.75984399828,607.343581716588,601.372058302985,524.456208698251,665.111003110339,632.046317727994,570.54726764578,573.096230724777,582.629403622439,544.7986258227,595.875799018174,565.109242797648
508.724496540386,719.931296742569,544.584546330004,675.78013081761,606.508852927909,601.135671812987,524.319119584896,665.914550534805,631.694771622174,570.265418093709,572.643066583036,582.569929038459,544.616191650417,595.811802034283,564.990327900263
507.680604758493,719.694422456485,544.455001782643,675.793274277726,605.804570621247,600.919244850737,524.21245341248,666.341108806483,631.344425634716,569.982228873523,572.10254837436,582.423986998167,544.433628997428,595.711837550016,564.850778517314
506.590051373301,719.507724222584,544.307963793567,675.761706447443,605.231235384997,600.768932846898,524.155732773554,666.812297890941,631.002565657439,569.71548169923,571.49939999703,582.2656777609,544.248342759429,595.615754716072,564.71370170811
505.504439978613,719.338670259656,544.149381199149,675.763217729689,605.035628204321,600.638564539523,524.128258951741,667.351340951781,630.616655519409,569.489788336237,570.763099618187,582.104268599408,544.054649302615,595.572902414941,564.589536906656
504.454229821787,719.177305059874,543.973465298549,675.782244498865,604.802573961643,600.555366657007,524.147237366115,667.923058771055,630.238354873708,569.241523458016,569.840349078428,581.950721203393,543.858596917594,595.542765330394,564.465775255731
504.254313602884,719.038827913037,543.788538211739,675.794336193504,604.596156250694,600.588858950307,524.220337148918,668.463810814233,629.970005034138,568.968014834613,568.938701719826,581.851594343128,543.655827407046,595.539733724225,564.260501513943
504.193354673165,718.917114205586,543.601714192984,675.83016855791,604.3916129245,600.644192250798,524.318948502153,668.609720308144,629.815536116829,568.642424616389,567.948921993858,581.62365929738,543.452997324471,595.5462980361,564.049421403742
504.137081645792,718.828235848768,543.417701555156,675.810835539173,604.171731326898,600.691089442532,524.320675017564,668.778182524154,629.68195471404,568.30054442648,566.97347851263,581.365888760152,543.261563552058,595.568180576655,563.828464058577
504.084073376621,718.76859449208,543.240683109719,675.885356503113,604.043126432988,600.70143344958,524.309564257901,668.898747212138,629.561200438687,567.934873487361,565.979761749735,581.084840704891,543.06934787019,595.563518254742,563.579570008487
504.032323221428,718.7148279575,543.075223054445,675.944228662907,603.860630595512,600.714517450427,524.243893747535,668.865445808398,629.404411220097,567.564265075494,565.020964677349,580.781839983361,542.867005473423,595.555438375503,563.236901011771
503.979713195387,718.671286930134,542.925527634439,676.00165036843,603.849774473926,600.728094176056,524.116369029635,668.729367479229,629.27231768365,567.197485613549,564.236649767539,580.483865506072,542.65665928824,595.553909275019,562.876382701362
503.923199719923,718.704156074445,542.791282043856,676.061040911464,603.816217164298,600.720121914646,523.975927974899,668.576793755474,629.123873593042,566.841083357343,564.055152582207,580.198488676464,542.429880568906,595.416944553676,562.487789294583
503.858464233041,718.751557876847,542.666200436024,676.123403283725,603.748290791061,600.729685817722,523.807668266485,668.332548356518,628.96253987695,566.475889137473,563.852695087787,579.912421963535,542.191423733766,595.224914493089,562.073952050911
503.781025124572,718.801469305365,542.541346745602,676.190126543939,603.731066816897,600.759079980966,523.619372668331,667.620523595251,628.775329483576,566.078376972687,563.648599397807,579.633069720552,541.936135140469,594.973139477691,561.682011478125
503.647881365795,718.86571726916,542.406964069032,676.262668079346,603.763941436675,600.775278786607,523.420690693998,666.74597246634,628.579955846591,565.704984526049,563.438242853399,579.392154820961,541.670950324349,594.724936911639,561.367459307763
503.443519256527,718.974635488809,542.25374099936,676.342411672293,603.826204323913,600.84928045295,523.225998029629,665.84650297029,628.409083466635,565.29962275538,563.216577580842,579.184393414153,541.397842060744,594.538381424804,561.12558141508
503.267507959943,719.093267290467,542.070763367967,676.426279767284,603.82620939327,600.927140803174,523.069348403441,664.956530162304,628.242649106041,564.980849043596,562.979029177212,579.009160619044,541.119807653734,594.349474196795,560.832000955026
503.055715663737,719.185611694969,541.844792788696,676.49492661649,603.914619871762,601.023368306619,522.938604353348,664.116093759443,628.140776869865,564.658036337091,562.722068013378,578.863486886396,540.840842169233,594.126004721862,560.562417518809
503.399000749676,719.227690504798,541.474009255116,676.543374974482,604.065074148674,601.053977534307,523.027399621477,663.001237731388,628.05121525509,564.325007023957,562.386571198347,578.639253817576,540.565795873769,593.895160066277,560.252965726647
503.828757026839,719.267602273763,541.038250750527,676.490155796158,604.159506559152,601.036050747107,523.159532455731,661.880315730928,627.95761912376,563.964551620812,561.94546599441,578.417233150507,540.320891946391,593.657958037284,560.032246413633
504.312971322004,719.326999644413,540.566774556701,676.398872514799,604.266636603593,600.934888136924,523.292767549976,660.799951495965,627.761043819878,563.570996275503,561.484598661346,578.253926717691,540.141980872016,593.415605961019,559.883983653956
504.679690875849,719.381840160286,540.069355209233,676.400680080285,604.175514379458,600.832121185254,523.203553378415,659.815838939645,627.557096712476,563.171169486784,561.005027988013,578.077876570919,539.968163134955,593.170643967603,559.756944846131
505.102576701302,719.428081349315,539.555966628354,676.345034987818,604.13548961002,600.728685545257,523.150966803182,658.906655706185,627.349748223714,562.705594428561,560.509128138629,577.880962749737,539.805642608278,592.927234671788,559.642462117698
505.481419727681,719.466907870633,539.038102097734,676.323315228905,603.984808567952,600.604493352867,523.114550220323,658.067438055446,627.096265804442,562.182164188662,560.578004087967,577.708687052327,539.645440176213,592.679264471465,559.524080662442
505.847090032102,719.494062780842,538.528820933489,676.330094895103,603.738171729102,600.479139197846,523.088462801808,657.30758018226,626.827610114429,561.651859125477,560.739873942407,577.544317671098,539.467637120312,592.329045430289,559.406425059675
506.207209261065,719.505875414183,538.042686550949,676.335365110968,603.387554474887,600.342795151011,523.075932585279,656.635725564131,626.54512350171,561.103887167318,560.957942374449,577.3869459497,539.283582394941,591.975978200776,559.270842545698
506.546296074886,719.454170766985,537.592624069023,676.313603733188,603.041973339729,600.178300755236,523.076697082162,656.099361434425,626.252340425574,560.543182844195,561.260690660385,577.221236216861,539.028000596448,591.750287264278,559.096644915361
506.848334453541,719.404328487544,537.185790142919,676.266181415911,602.680032395025,600.036178254096,523.091973963098,655.623408051404,625.924291217659,559.97403881499,561.650526121027,577.07275835528,538.782099794129,591.529946297347,558.987453851278
506.896221095837,719.352869458899,536.825090764802,676.232031964165,602.328155262778,599.88276895466,523.124169814706,655.307051830868,625.653251255236,559.412616055794,562.10977025903,576.933819516542,538.537976547823,591.428456127382,558.857703383649
506.753726315769,719.297580756834,536.510804214417,676.19789847676,601.918370993905,599.750680912283,523.223986365433,655.112924289123,625.383957488429,558.939046436676,562.610514155868,576.787686222668,538.304170022594,591.345931637511,558.711837880182
506.590686146721,719.233072259593,536.242309283745,676.156399502811,601.460120392373,599.672846667908,523.321791389748,654.922664615138,625.088170794011,558.469604725884,563.120044332325,576.666407787711,538.073544174566,591.364435510437,558.562572695982
506.416799887655,719.160339377201,535.944379094413,676.126640194632,601.373220131798,599.575750937485,523.414381708291,654.791522445835,624.740011489578,557.987172412599,563.605813470385,576.56708783474,537.844750903887,591.381442264887,558.390213276973
506.248617873478,719.03547427593,535.688468250688,676.023091682915,601.304645847062,599.497598117085,523.490299402175,654.638917812227,624.436964659742,557.486073365046,563.191841763222,576.51587414013,537.649312381702,591.397041480139,558.29872544962
506.070217376938,718.891164002895,535.468138202136,676.02690263131,601.217166429925,599.463431026998,523.503770160228,654.510536002764,624.026562347157,556.923875541066,562.805092862714,576.53385288805,537.440058945576,591.411264803279,558.218499088699
505.915469964562,718.737793499186,535.276673233551,676.023402027012,601.059449560518,599.442390994202,523.382463851335,654.386811836011,623.698458710997,556.350039819343,562.44460654577,576.45820721029,537.240079562497,591.423944167109,558.15512740041
505.773556717521,718.578986264571,535.107864498821,675.954783656658,600.937203519166,599.378060270612,523.233853356974,654.231507263201,623.314395836321,555.911024744351,562.108017205798,576.363300286893,537.024671787357,591.43478159286,558.094525206949
505.653045159926,718.427190248847,534.956706260184,675.876229303424,600.804986279648,599.165707681835,523.110922033903,654.035842769514,622.966171244622,555.465448241855,561.935056472638,576.233816934965,536.794632200481,591.443448991323,558.018293968544
505.548008986283,718.275419750427,534.816077583451,675.789299217114,600.667865067956,598.934000401845,522.9366785008,653.748726732337,622.620635006595,555.017207768056,561.656226158084,576.114091796106,536.578674934902,591.388591986242,557.921783542342
505.49495049915,718.11580708214,534.677981799232,675.699677674442,600.532210271782,598.678841375458,522.747781214332,653.434540938088,622.285831911748,554.565049932766,561.378401858188,576.013374064693,536.393319668773,591.313949695487,557.765846704847
505.433189465617,717.954592524244,534.536093743064,675.596748184836,600.395235053781,598.419864519601,522.516755849808,653.071635501669,622.01191641267,554.016349722157,561.116857346051,575.815878440657,536.205635798192,591.230803504159,557.541409811161
505.455969201307,717.797762065456,534.385979387627,675.528771601529,600.212996084554,598.167834297854,522.248743245927,652.716876915436,621.781322030681,553.413343144866,560.883687775473,575.576966765376,536.010255786297,591.157100780438,557.297441702824
505.140933050564,717.645160238401,534.225609926041,675.474213533436,600.088908637329,597.951023942712,521.976634401254,652.362081874183,621.498976468112,552.937656054331,560.627051580914,575.304889043673,535.823218247382,591.065306398932,557.03679153374
504.828510562287,717.48047952309,534.051170252275,675.395185351785,599.928758274598,597.86750066999,521.710511512839,652.02080292768,621.281330570433,552.485951629722,560.375644784611,575.041257063153,535.634562724598,591.032610307442,556.803625918119
504.479476737423,717.318934837964,533.856228801209,675.309823159044,599.719824405937,597.795449009712,521.434499406847,651.698950304747,621.048369352149,551.200413896299,560.128434136905,574.779113098238,535.450075270117,591.056672421206,556.58952406225
504.096245971677,717.162658866333,533.633742233815,675.208991639008,599.639762535416,597.71401655119,521.164761255651,651.403967660006,620.804746957939,550.835647139659,559.529602787879,574.515763693581,535.27139228924,591.141972398493,556.412705894114
503.700996232428,716.956185435883,533.376097644728,675.106019239503,599.537363416754,597.648207087276,520.929197330707,651.014737565206,620.576050010741,550.494697108248,558.291867049693,574.261668276605,535.024805117758,591.217090291305,556.200812824074
503.295027802362,716.733732364953,533.07642727664,674.982762992723,599.442694654408,597.584818792593,520.704981737361,650.671034648884,620.390300636194,550.175701763516,556.992280579394,574.04437128483,534.694661619988,591.261856185859,555.991595886903
502.813004965463,716.495867585538,532.726307259441,674.871550771334,599.283519342581,597.505386054462,520.496238960138,650.747153428264,620.23055875824,549.795367057027,555.668676139728,573.809829768275,534.403259974168,591.302154489473,555.793455092528
502.269195219429,716.256704601655,532.315091105101,674.818818823347,599.104831235398,597.416632212212,520.374999213837,650.866548549698,620.088551189624,549.679400362691,554.357058900618,573.617696711845,534.131941944031,591.337521888391,555.599141132958
501.728117581274,716.037331544196,531.833332867088,674.764114804029,598.6994409947,597.334610274204,520.269449589175,651.025047592806,619.960552637578,549.606001710333,554.077689186529,573.431091354277,533.866655891761,591.331445516809,555.443711018796
501.208999710566,715.876803965815,531.27421078907,674.70439689151,598.340772107612,597.251289328184,520.183110832515,651.232779166352,619.769356768772,549.570113968569,553.865655525139,573.292492436023,533.609068038472,591.2952604857,555.345027448481
500.669115605494,715.727132779392,530.635421572567,674.649295169997,598.167336670254,597.144510572096,520.100652318698,651.81527130813,619.655832102855,549.569108155302,553.669932460016,573.174058296374,533.360238312953,591.245765902722,555.191523604147
500.154363096507,715.586645986151,529.677526463951,674.594828650035,597.90462097122,597.050844643301,520.050946637003,652.432653521202,619.538345186896,549.616518480145,553.491118030943,573.009013167198,533.099157139137,591.184628924009,555.054957320162
499.650543622914,715.456185133149,528.382571121066,675.458480767187,597.731788186977,596.942809073708,520.004856206889,653.066363343427,619.436237788208,549.682538534005,553.290556265722,572.830247492066,532.843551500392,591.097542901754,554.915505169574
499.17197527662,715.338526177731,527.127211230339,675.413626477374,597.502018907319,596.965616463003,520.033603272261,653.758225760963,619.360982169784,549.708458743918,553.014917125232,572.671624531051,532.586281933089,591.001809726794,554.799416513264
498.714133497884,715.240167434829,525.908494746137,675.387179169888,597.066958471085,596.980520643258,520.080613453561,654.452412032421,619.276145265224,549.683166262526,552.742166152035,572.508760481676,532.312919738794,590.900441930422,554.623807722312
498.297316132626,715.142196922678,524.725907403575,675.352373440294,596.578048344881,596.995009121346,520.139260411492,655.13774115192,619.176765691285,549.615889706779,552.474130900264,572.365294614407,532.046512520605,590.838945479596,554.488671277615
497.854146364685,715.0480980179,523.581236018559,675.293264188222,596.062491795788,597.067886636809,520.137584739625,655.766234439226,619.05735129231,549.468778194995,552.207029257593,572.246691741369,531.785435451241,590.745855593827,554.357078342166
497.379454237423,714.957494968565,522.475190941882,675.172567678131,595.494505095017,597.148346838218,520.008477351612,656.353543626344,618.934438656843,549.252517594623,551.912393900582,572.151303836073,531.528278542871,590.607759980065,554.210114577565
496.90699953559,714.867391975998,521.408819866172,675.097661377793,594.976716445752,597.119923515713,519.852488594826,656.923537944633,618.818754027894,549.015754419077,551.617804148209,572.059810397613,531.274072983154,590.458349921017,554.057337452564
496.330443777935,714.781595343807,520.383890269043,675.012118096194,594.383729070923,597.062343563633,519.700163542198,657.409068944342,618.644714843718,548.655241058252,551.326435505639,572.000626753333,531.048100407143,590.315500775208,553.907264712039
495.735302275597,714.703267006605,519.402661166697,674.838554617709,593.792099407844,597.013896629416,519.563228837858,657.816427016389,618.468534559073,548.283358655436,551.03750649378,571.954127139904,530.822263537107,590.180580847857,553.748204521614
495.130547202475,714.630372958961,518.466881504188,674.577851474204,593.137938375202,596.935261485317,519.436719220132,658.112367112514,618.233236752297,547.888332639997,551.812377234373,571.984049850303,530.595931273362,590.015167680327,553.489212206404
494.509212732615,714.547652272446,517.572884221902,674.31570068185,592.471074698629,596.83753231047,519.315866016173,658.092310804017,617.968923225218,547.486126750083,552.635850507502,572.026121852712,530.368792056409,589.915577001871,553.255092795484
493.874321324099,714.463829763503,516.711903288562,674.019187442844,592.100816365592,596.695826833331,519.203550846196,658.14031957401,617.66017494179,547.121234002984,553.447159949502,572.060980980758,530.126307699725,589.869392193804,553.018368820074
493.227751795067,714.372830577791,515.793206986811,673.724876888398,586.153265766148,596.491390056953,519.095473331372,658.064214623602,617.308469953426,546.755740756991,554.212276443369,572.052090202812,529.881021981602,589.813455462637,552.758004343414
492.569485811999,714.274010348084,514.62859331511,673.367558896584,585.329697440288,596.24681773622,518.990458255437,657.667896799337,616.833463266374,546.349522159542,554.904042908104,571.904562871692,529.634001841384,589.745324729644,552.50305626842
491.897786977079,714.149525610337,513.495477558485,673.011060499583,584.378610451819,595.963464036592,518.886469930112,657.14927210191,616.337421244537,545.863020715944,555.502572822759,571.606901204277,529.347595378226,589.669202465608,552.19796267524
491.209254819317,714.013072022746,512.401571448888,672.708263658355,583.335642221528,595.645143745464,518.780585157522,656.600064177138,615.808266391444,545.370118900829,555.995467077584,571.308974445115,529.053901215528,589.582234780514,551.885205449345
490.491730736229,713.865351154487,511.353458647579,672.41178368364,582.385480012776,595.297933118561,518.606643277435,656.006291439398,615.285181421783,544.876477798791,556.379315763631,571.015298193568,528.754321611938,589.489680826528,551.632788127493
489.853228741198,713.70278932514,510.358628935893,672.072385207304,581.397907905061,595.002479468874,518.350403973768,655.363795886128,614.748307898859,544.34504983535,556.648889983986,570.738665418487,528.460300650962,589.384634223895,551.364913037952
489.307419105098,713.529649802703,509.425633563541,671.695830204567,592.928067688248,594.810093905027,517.936783953946,654.66372168073,614.30923970296,543.818899882362,556.836968492621,570.482280876172,528.168157503419,589.257029160535,551.107770396837
488.813641184308,713.358028337162,508.564681483792,671.308121295831,592.83671309296,594.585648156435,517.471380995913,653.906056311993,613.85974206279,543.292175620691,556.957610340206,570.257373477878,527.881139868388,589.124779694233,550.667248876103
488.320637902978,713.209451766812,508.071930112761,670.91352968419,592.708908709674,594.363030796948,516.957988176927,653.04962419011,613.427831049666,542.769929526007,557.026540801304,570.043219703834,527.601708771113,589.076577690075,550.220717468006
487.834672647494,713.062356792556,507.648902356417,670.604507850848,592.5216796666,594.262454144915,516.401620893303,652.136082091271,613.048152646154,542.256804701169,557.053475530782,569.855160015523,527.331342663878,589.013489195643,549.780255929608
487.378206124548,712.941390932968,507.260517618658,670.344877363357,592.006071190969,594.188958963631,515.807349718015,651.282730238009,612.619731300794,541.752214807031,557.069736517653,569.670530047851,527.07064759763,588.918517026504,549.369436536276
486.874661745378,712.819476430672,506.909934054233,670.068503480311,591.386955145203,594.137685468848,515.154280266045,650.178642104853,612.199826543544,541.25529091633,557.067336307459,569.613176416771,526.802729033624,588.890655148871,548.985285648448
486.448057881497,712.678870440421,506.599191926824,669.81614980708,590.691795806752,594.109980053765,514.497739566736,649.712929583724,611.802780252264,540.764374703638,557.041403193305,569.525739473074,526.483270268209,588.90583330205,548.567996077455
485.990410647565,712.505864308708,506.328910518411,669.584178354974,589.896698576953,594.101454144455,513.829900879206,649.245330171007,611.350816270409,540.276849165792,557.01421104837,569.373616188608,526.187726448875,588.930152221586,548.187011394152
485.539813505362,712.341472211055,506.098173730385,669.402997612336,589.024009355093,594.109020637425,513.161844917786,648.601570923309,610.905931022549,539.79212712425,556.835347444123,569.174352866797,525.890110079685,589.03412754498,547.815102689437
485.140390206321,712.189810483852,505.90468804539,669.275334154155,588.281747267479,594.133276268002,512.488655079709,647.958668637824,610.475028356477,539.353899275469,556.643250621225,568.898332054237,525.590685405374,589.122303336721,547.417930686818
484.647243777654,712.047160793138,505.745294514551,669.21736896443,587.582202065224,594.217590192652,511.778785683822,647.306855348217,610.066809320072,538.917859659445,556.442653632869,568.644257063376,525.289479918852,589.220058107478,547.021638381346
484.158699208953,711.912667760585,505.616497883618,669.101857724727,586.854165969686,594.2783387232,510.975370353181,646.691285437132,609.69193802991,538.461970888707,556.233633986424,568.369605593187,525.002706598068,589.324423561793,546.615611070004
483.67149144132,711.781883599228,505.514402336328,668.934937933897,586.291695926179,594.169982280281,510.142103729797,645.947335312931,609.238126724099,537.983631565056,556.10229293218,568.062353092,524.71875756826,589.405364562514,546.242720852904
483.252809205997,711.682221369681,505.43478205085,668.766264434267,585.780928770077,594.268369429123,509.282774240092,645.150864722166,608.907636082039,537.48021879284,555.949607448459,567.792477060594,524.434796752129,589.485501275005,545.834014239035
482.83672458535,711.587947921684,505.373559915009,668.6191316371,585.305974868689,594.394450245413,508.400819847395,644.293455810603,608.604449755846,536.949058284376,555.764729009382,567.551410440954,524.151034774648,589.563850874001,545.402161979028
482.621123620016,711.502779085542,505.651181229964,668.511705258959,584.845829676719,594.502094123398,507.498830112994,643.385247140878,608.383358153424,536.404125982609,555.567445744917,567.285405448768,523.867903422431,589.749629243063,544.989007130023
482.379812992701,711.43078682174,505.980578064911,668.389293080861,584.376614460125,594.590253680467,506.57865193658,642.412640627906,608.077274837501,535.849605091884,555.358737813661,567.008525463085,523.585970384851,589.9360187212,544.603053857307
482.194623402451,711.369173144364,506.362218914622,668.258002775079,583.551101231664,594.649458594502,505.641537103237,641.392241791311,607.712242615174,535.292997698877,555.13860999468,566.731809445119,523.305740161178,590.118658294193,544.213672835288
482.051111419887,711.361381394343,506.794950698055,668.10800081228,582.642262584657,594.700965967788,504.687986813241,640.355783681442,607.339288369872,534.886257721863,554.905526629533,566.482147557645,523.027465201882,590.250293493134,543.816406791986
481.911361646426,711.390085862972,507.277405282061,667.917549679571,581.651361977215,594.735284823908,503.718053465453,639.567643283054,607.044806654256,534.485943443053,554.656625810492,566.239782400894,522.768167225313,590.375063113714,543.419619219958
481.78625862041,711.421615188393,507.808010822213,667.798366861227,580.955108255834,594.750540475514,502.732944285284,639.024780705221,606.744325451934,534.070283146706,554.310710920952,566.01634774853,522.5117533757,590.540466020234,543.018767196705
481.676552477851,711.423058174374,508.384577941248,667.678185913511,580.123625690592,594.751592558541,501.852722483189,638.490200691628,606.435791386596,533.67035180851,553.535842987405,565.825632329641,522.259027748804,590.624638855105,542.615072531002
481.517295529801,711.429485887501,508.971755281136,667.653419458255,579.362391363863,594.682168632464,501.025118180102,637.977185100206,606.117781990004,533.294666559937,552.642155214963,565.709100670906,522.010965300127,590.696198699109,542.250618209747
481.454101730782,711.441754190727,509.546492213315,667.615547612315,578.626748342445,594.588024978212,500.145433358796,637.542490561788,605.788648959046,532.964197052432,551.630939857418,565.511400857773,521.768367929052,590.756629093942,541.880716907125
481.378997608514,711.46225159432,510.132320741721,667.561284980144,577.906601058303,594.174940156241,499.243672211119,637.155851461987,605.328384896415,532.652257344606,550.610750619496,565.304635389086,521.522167171872,590.802048691572,541.517291069913
481.299005659098,711.485786951961,510.716273539121,667.49759688941,577.21446872101,593.75957729598,498.344481487116,636.834527984684,604.823088824798,532.361723126925,549.539972723461,565.127353500429,521.271424569881,590.82896031265,541.08203040186
481.206579061268,711.502993898676,511.284597201118,667.437436538612,576.560642956744,593.440313913115,497.489779894394,636.691629753637,604.301053919895,532.087911908848,548.394673058102,564.960820050002,521.012055405215,590.834363117646,540.624925443136
481.14338656988,711.506407881137,511.824111306172,667.369742740274,575.952317194201,593.243131463882,496.697363219124,636.574904225217,603.781870504892,531.830379516688,547.181016692325,564.80829532087,520.753151807951,590.816349559836,540.163207875167
481.126437709058,711.453182493459,512.320209598202,667.323297395633,575.393541027743,593.075038568345,495.962557981293,636.524429376473,603.290985927933,531.585134557997,545.900385276421,564.665498734026,520.494204463981,590.774729910903,539.661542456935
481.063468413261,711.398460886139,512.758731111215,667.169909400036,574.885486615347,592.925418994611,495.333843778561,636.462907327537,602.90310073122,531.480160833439,544.427193793355,564.524770194,520.234782662698,590.711405679373,539.171169172916
480.989450838817,711.327178300938,513.128197714763,666.998161693022,574.428553619669,592.808930357182,494.7725431527,636.319468201383,602.503812715022,531.42899145684,542.862060892987,564.383634891174,519.974396019581,590.599988590516,538.734714962461
480.888796375401,711.229239111034,513.420459809431,665.697529003041,574.040120137373,592.718648393005,494.259723199153,636.220991102264,602.101862106525,531.22886170093,541.2349907588,564.231612094005,519.712341417255,590.447555222714,538.437201753473
480.724380019353,711.177624710924,513.631544407878,665.535254193883,574.321219625351,592.652568329931,497.333068156513,636.200548073689,601.734994766537,531.000230176414,539.545029495558,564.055954359566,519.447521842222,590.284188360467,538.21881163667
480.461890934254,711.108665900027,513.759054803372,665.342864702829,574.939663762285,592.613656182651,497.230460388605,636.023564819563,601.360168825829,530.823825325313,537.832020277245,563.878062573723,519.178663313711,590.051324286436,538.03216428007
480.125063884132,710.971698695654,513.802416892376,665.13454820347,575.576767279777,592.582102305569,497.112435698359,635.956363292766,600.981903583496,530.678244166553,536.165542797902,563.683793517292,518.90472087912,589.818733130744,537.854694817653
479.971269149415,710.836210803592,513.764646958339,664.921488285907,576.210446700726,592.492923394074,496.995125407956,635.854352868439,600.609457680217,530.529226063171,534.402483987776,563.538057570091,518.625047086065,589.598312560393,537.620746628006
479.780476246648,710.703116173727,513.652481990084,664.641974185296,576.753097722552,592.392536076478,496.830065650755,635.714077171369,600.239100596337,530.37262124671,532.549134785512,563.410086821327,518.320432093609,589.413197477044,537.408945417151
479.544775011349,710.563665031237,513.476929318878,664.295706973425,577.323167824827,592.268288684518,496.658253555824,635.678585953896,599.871042675221,530.203445012276,530.585861640111,563.291186932885,517.990949281996,589.236779885371,537.17526520636
479.259190916431,710.428374090699,513.250736041624,663.948148917741,577.820529363101,592.111760472672,496.482675496492,635.628406000945,599.490746873703,530.01727532269,528.591000456659,563.190234612194,517.63417470527,589.085281676761,536.966651840936
478.884605647023,710.297605277212,512.950440180343,663.615038408938,578.240987937155,591.998529915427,496.264193964377,635.616733489628,599.058604871271,529.810733826071,526.556757066262,563.058722333098,517.262863185783,589.044867776677,536.826975000526
478.411648397132,710.130851399872,512.575920244574,663.392522386631,578.428141866558,591.847222373727,495.984095585753,635.622994785635,598.55771763672,529.58196953823,524.499837344921,563.031839446978,516.868615402974,589.017530669533,536.690616308289
477.925848171604,709.902470129532,512.201784601042,663.236319490284,578.685653111173,591.654209014605,495.700155514362,635.746046012232,598.106844906115,529.331844767933,522.466528412129,562.989058574006,516.46893701544,589.002864633336,536.580937896615
477.445621565748,709.673371411367,511.846217451789,663.019764651711,583.836265674348,591.418652941744,495.408265190266,635.609251630844,597.786305340116,529.145158505885,520.558801415799,562.950045791665,516.066370058855,589.005187194789,536.439661957782
476.99060357228,709.447724055611,511.525502695052,662.743766885691,583.520431594871,591.141341096185,495.062584262023,635.104393456519,597.400571908942,528.841373152156,520.316985183631,562.887721136616,515.660296463744,589.023328340117,536.286877906408
476.580166324628,709.228474815696,511.252415740854,662.516572337849,583.27457454908,590.858785030583,494.73758215516,634.318626416042,597.024397771374,528.45802171906,520.128668047971,562.80301424599,515.231012109774,589.054731364333,536.136398402759
476.230790592537,709.031653729337,511.03832606937,662.286805968609,583.232616661353,590.540555545645,494.372357915409,633.273609224821,596.669683738511,528.052690500385,519.992363789582,562.698919285638,514.800288347277,589.089945814052,535.946470482411
475.950897993074,708.852639502501,510.893709233718,662.057472827309,583.146082192816,590.130219987433,505.063936509051,632.396331109413,596.252942446679,527.790157853982,519.846150939785,562.532185134984,514.375895570947,589.141020281533,535.749073957785
475.741474089363,708.63000746426,510.828538061111,661.830134492635,583.0170682824,589.675506141954,504.488876678049,631.370603622798,613.081059240249,527.589437890796,519.734725102911,562.291726838646,513.95625393317,589.26735684707,535.539380413519
475.597857271924,708.358381615937,510.850989343549,661.609170817098,583.03889157584,589.195295845362,503.843442520573,630.260701762362,612.959617038942,527.364650658158,519.604903439069,562.046456159013,513.545433074333,589.388070927792,535.201194136624
475.512402284114,708.060913084624,511.167393689578,661.43202566204,582.974895726383,588.694486950981,503.174210520892,629.228701164103,612.845112867305,527.115016109278,519.489735492466,561.796000138083,513.144815886579,589.470962384859,534.868822686254
475.441106787101,707.75659569473,511.561246973096,661.280967133903,582.932384805834,588.177971935897,502.460278920235,628.209457275184,612.738605664484,526.842526595971,519.389990835905,561.543433452891,512.785580049432,589.540793914128,534.546636458811
475.29475537934,707.448847487057,511.981077455349,661.11437372194,582.972541046674,587.651460895571,501.668412822262,627.771748296836,612.555334512188,526.565694752618,519.29037068193,561.242468760541,512.435048518842,589.628286904402,534.240893868082
475.181831910867,707.132168082355,512.425703203613,660.936898942695,582.972859138082,587.092466665041,500.845578177581,627.725475800036,612.26754260025,526.287541153964,519.033402990919,561.025061611786,512.088578143258,589.775959534473,533.941368269003
475.052941469435,706.824913635988,512.870081960429,660.873614229021,583.066524853481,586.555520568039,500.085397962669,627.521516826329,611.999944075513,526.054648036304,518.694927092211,560.830051812905,511.746153566223,590.776019891328,533.634609997576
474.996000233255,706.523272399644,513.314197765258,660.786659453947,583.146031115732,586.032993412749,499.354508949245,627.476470540434,611.643085160769,525.868445537483,518.320971733473,560.629043985681,511.400148446237,590.860415549043,533.358434196866
474.809033843545,706.226558350309,513.760317914316,660.650653782241,583.141780130476,585.554456137566,498.583691431213,627.445298993469,611.338532933467,525.687900587494,519.476951968583,560.406492952909,511.044866769452,590.883041921274,533.096392164184
474.554039970996,705.948579132939,514.206596779862,660.508798280413,582.940395922543,585.24366195221,497.887134845926,627.421412387754,611.014872759119,525.521242092175,520.667182093084,560.176197989606,510.67737368051,590.973724552749,532.817458361818
474.226735031735,705.680271790863,514.613639689073,660.362605228202,582.727232011123,584.898971396942,497.27509775635,627.399088436609,610.596136788984,525.376140150383,521.918004570872,559.925718940781,510.280802136279,591.066357490388,532.490674223784
473.819653438886,705.45270430309,515.05117503711,660.21286149922,582.30417562041,584.52762522593,496.751952181276,627.589978947567,610.128836663016,525.258918467526,523.124495138914,559.679586530621,509.853727702466,591.156386592409,532.115521191423
473.330168607518,705.252226047329,515.442874888049,660.059936536611,581.778803197082,584.0781883594,496.317429182504,627.811793648208,609.620064011317,525.20010805078,524.261208491479,559.487101155123,509.376574541555,591.25753013786,531.711092572618
472.75933069005,705.070116685261,515.673087086348,659.831595292571,581.287990882168,583.626867152039,495.906170930969,627.949978466299,609.117440706018,525.206551510829,525.311037647748,559.286560939196,508.86271440616,591.357557360791,531.35394408478
472.110755078376,704.909859071453,515.901554850359,659.619938951735,580.708407734891,583.370798029235,495.56168410595,628.25955349689,608.568886760147,525.224971742906,526.267498057078,559.097619183395,508.347158025433,591.433855314333,531.009518685992
471.390040349322,704.780153117681,516.073945414443,659.589377492813,580.048844875993,583.207104972234,495.273773430052,628.599159284251,608.04433452515,525.267989667403,527.129058230076,558.902786778932,507.857575343536,591.506414990077,530.641495475172
470.604222294489,704.64918333128,516.036164583034,659.577299339224,579.40662967548,583.035455209761,495.044429713578,628.952441023695,607.547276788037,525.305252845028,527.897869929289,558.729161541232,507.368729976876,591.57357351477,530.270190178084
469.823013286538,704.560091512396,516.036164583034,659.569013811033,578.807305983752,582.85957301105,494.580220004124,630.100295924745,607.080353177836,525.411221045646,528.577315230402,558.573277599285,506.86465626398,591.591070407926,529.849854718395
469.004469144379,704.507800244385,516.036164583034,659.494174337535,578.291481332073,582.683302237794,494.183203563488,631.027153568859,606.696491467155,525.539138320369,529.16951544774,558.400906586435,506.345256614939,591.593390348272,529.362310598817
468.195011731322,704.460382370934,516.036164583034,659.354364961049,577.765817805827,582.396161265611,493.817296154349,631.863456060931,606.407522274948,525.780155482209,529.674983628111,558.19589154425,505.793206557437,591.59434246771,528.857995633704
467.361921020022,704.425763601636,516.036164583034,659.186287817368,577.264336553793,582.09518966358,493.435688356913,632.559410933246,606.359408095325,526.044444098757,530.007474003133,557.98752607035,505.242929133662,591.520038404067,528.337430563997
466.437536350235,704.401909796263,516.036164583034,659.093051700214,576.804034816672,581.945462815827,492.975128689473,633.221011663678,606.363695987342,526.323113383466,529.949564915986,557.790461244542,504.676638753163,591.404390169856,527.805766886513
465.560360517788,704.376234237879,515.948933028743,658.998996914826,576.382675400704,581.786978080546,492.429696665672,633.500174590829,606.368888613332,526.551974562891,529.863507804623,557.584275682403,504.078766189954,591.373327023932,527.238471015336
464.758405800239,704.357000776402,515.756388768775,658.872776628007,576.017457995843,581.601499589618,491.841672112604,633.688654884285,606.365653744557,526.770524839779,529.726558528458,557.381942720652,503.435643978476,591.342523539836,526.681973523355
464.432781353825,704.338644280405,515.539505976749,658.742194769634,575.52337972413,581.39597718221,491.209697724025,633.749404442424,606.346777663678,526.979553747222,529.694431131096,557.171127987597,502.77460580184,591.247804735284,526.110213771803
464.048541045205,704.31982708164,515.301114761193,658.63006268381,575.000034596441,581.092333066571,490.534710364882,633.647976398888,606.188760711863,527.13881838009,529.661123533875,557.007794232685,502.103732648013,591.133629449077,525.631256261036
463.670165835922,704.275384175375,515.044425398724,658.434077305896,574.480120634339,580.736385275201,489.819704792771,630.947916726206,605.983311895241,527.146235414807,529.782104167008,556.828926396447,501.406525078889,590.957282426183,525.175620866207
463.299841714528,704.222404783865,514.773101115378,658.254250633649,573.97210840425,580.432247763032,489.069377453567,630.711974061574,605.703827499101,527.14325023829,529.738297764292,556.631531766498,500.690929453843,590.649356324398,524.695085514864
462.940055893601,704.171787204079,514.377248569311,658.118428545563,573.447528854065,580.139213529517,488.289688609819,630.480034016104,605.410667507566,527.145945004403,529.717669122206,556.438392077849,499.952515602569,590.364579154804,524.209845218845
462.577787499749,704.114117061566,513.828459834497,658.041863480356,572.87285857431,579.861148156767,487.487200250509,630.294797907702,605.111655516008,527.099786894371,529.833849585339,556.252692931271,499.194988898575,590.053354982329,523.72300579335
462.231089901418,704.056149412562,513.242214950061,657.991811872353,572.199554872167,579.59842314692,489.43974195641,630.188297702741,604.80533601056,527.054412938093,529.942103075763,556.076655426654,498.393961697265,589.762123973453,523.239261120441
461.928366416703,704.002698731451,512.62173943764,657.913798683074,571.495952365373,579.336355825506,488.55688935663,630.098604448805,604.589785737701,527.009483760551,529.939475587506,555.911700381165,497.571677618602,589.504341761477,522.865470358852
