396.304370616726,495.591693213292,437.005122666669,438.48950854335,476.352582911603,484.251345722557,513.297193109912,464.710185621637,467.060559566094,445.245409465489,455.778064557198,454.87717557813,466.430201320336,456.491626120047,432.570263167726
399.664691359085,497.130047287072,438.737029977372,439.183763972606,479.968870982772,486.083646273114,513.678532456812,468.136375670952,468.056467472907,444.756563804217,456.067963308095,454.080151182809,467.119353515224,458.598040272834,433.690573593733
348.158194282272,498.997539371455,441.577279850869,439.892609142801,483.100725193023,488.306543203182,514.281083333857,471.600102415759,468.966269937796,444.310669547019,457.282199756791,453.21534004814,467.750601798533,460.7713604479,434.948594300938
350.909693348739,501.150967074702,444.708534956288,440.707684714625,486.447142656593,490.562174743988,515.049337712927,475.222925977579,469.748793686921,444.034360203037,458.827042729846,452.385809909031,468.436093423413,462.942597101226,436.208919142563
354.964032190002,503.048491468619,447.807556638145,441.557668874668,489.669321794876,492.423554142492,515.809573420266,478.926267323564,470.950920236973,443.869270705736,460.578710061174,451.559705659922,469.003245896138,464.902614432788,437.512158927347
359.021540838474,504.199997608312,450.882155363555,442.442981941557,493.143739917553,494.387766521709,516.677218081465,482.604032386637,472.402015818539,444.014100626045,462.454074656208,451.815473404086,469.417398479282,466.967834878827,438.853203821467
363.418726999243,505.573474942054,453.984981918146,443.341585923726,496.415251258331,496.479972149626,517.630034520397,486.266466616457,473.857587302107,444.013778164373,464.366117223124,452.201565009743,469.71331167048,469.27978395416,440.350700185901
366.071345257554,506.487383356863,457.122828410279,444.325293319232,499.354963307413,498.590560433832,519.008308969808,489.875816101982,475.515277420563,444.948601166785,466.356559410773,452.047672493316,469.944572650392,471.609859864827,441.857202535809
368.774036912469,507.332410319892,460.373207030421,445.211056483859,502.194657485393,500.734143131186,520.448574345368,493.421749627637,477.346156480847,446.580425428636,468.361426354948,452.239357018138,470.250413700912,473.875005705299,443.448568316783
371.559925188882,508.604353659714,463.685338948571,446.100587543863,505.190439057562,502.831155705315,521.913341530319,496.898885512754,479.145823154157,448.257663821411,470.364632920967,452.789028270911,470.630408852108,476.28871707018,445.549142466526
374.283289358247,510.826296410316,467.56187148969,447.015211052958,508.022624839524,505.017038083075,523.466405866114,500.307032508688,480.805788461682,450.319921708017,472.359112576239,453.762222050145,470.937030669884,478.778046070826,447.679871253001
377.061573961364,513.103015301192,471.674461870481,448.043515260635,510.606032887533,507.193748478993,525.167595671807,503.529292187132,482.445222382314,452.387890478385,474.414887574714,454.720440805863,471.438477735313,481.269721214274,449.881861755213
379.811043295836,515.238662003457,476.079635231058,449.055185280994,512.889235327799,509.36749627316,526.86733652072,506.842783439096,484.104432967997,454.432424194519,476.449275840419,455.833557285608,472.248823818699,483.800372164151,452.308377889091
382.448756112912,517.309121745234,480.777882629436,450.102151631055,514.716365722909,511.48726586672,528.83171724527,510.045703078224,485.994759755512,456.457892094522,478.544972829162,457.001580721507,473.289193970353,486.396395844705,454.796974412962
384.802815135887,519.410323395945,485.599044748471,451.220410730612,516.407564938601,513.603406593334,530.828704479023,513.202436525227,488.005867864169,458.503846423187,480.508522450236,458.269629452077,474.394498524702,489.045253118881,457.333293019847
387.195306380081,521.560025792153,490.223872668001,452.42271907568,517.985837176351,515.707861962511,532.944433570891,516.297310156675,489.959262264008,460.686615679831,482.567900206549,459.625809183298,475.983501037295,491.692425520976,459.945531251977
390.004060787307,523.693674312998,494.719923899938,453.696593707655,519.496230360508,517.801323313523,445.824567686811,519.302603664603,491.940573806395,462.915811380685,484.996004334048,461.03471286267,477.579393683372,494.222866928959,462.661162743439
392.80506823321,525.803630157324,499.020405425241,455.053510840078,520.90820616193,519.856449962544,448.129963695303,522.151148167907,493.95166152524,465.142950818897,487.540113183292,462.452235236847,479.152884964209,496.791023147102,465.47573774169
395.313937005407,528.146231801057,503.124450150284,456.499652678714,522.253008113704,521.926896068296,450.476627737843,524.831840080884,496.030835549033,467.311672551569,490.089642214068,463.886837954826,480.719431582332,499.419539689512,468.346086429748
397.706231856696,530.580150946198,507.081846567244,458.054207837083,523.559952208189,523.995086988258,452.885413955845,527.300330570709,498.173273343214,469.116603299762,492.619135098399,465.263660305185,482.309137320866,502.105104275196,471.326674406077
400.025829541487,532.981988606014,511.000409957891,459.742770681453,525.302806572099,526.049171876091,455.381115692215,529.455973632732,500.406276697894,470.916242830562,495.157230648786,466.595471015468,483.900486384529,504.768029280087,474.343629270405
402.110488794117,535.45101164744,514.896101209024,461.569703657668,526.894157446321,528.067233669447,457.888384888406,531.345746436045,502.732080653706,472.829162454573,497.60360604791,467.858706919215,485.528208467398,507.388794337532,477.419030352887
404.060981940366,538.186633043412,518.694857912349,463.542301633175,528.28803878644,529.916971615335,460.424402152139,533.058308604663,505.147818283073,474.61913586446,500.197248059015,469.2200142025,487.190308510383,509.941618553745,480.560508872293
405.912667018259,540.974819373947,522.424925264142,465.671858296419,529.745756153242,531.727201026492,462.793267087487,534.659108400326,507.646484689366,476.155558445457,502.887784100436,470.678138656128,488.888499722881,512.405306242157,483.718732778861
407.73445478364,543.96696004001,526.105208398994,467.973529519035,531.211152267975,533.464347070727,465.087608571099,536.20392785334,510.218576341269,477.451247103828,505.679073827242,472.152995438659,490.623795267957,514.789850708612,486.800904847241
409.451125480035,546.929912575471,529.362965149958,470.439047569755,532.613456234525,535.127455296764,467.294430461796,537.852756244278,512.849024878642,478.550094539418,508.575313557545,473.620563935916,492.414550678287,517.0895831135,489.827113743919
411.24351351249,549.896639719886,532.661025807564,473.063764090611,534.008613084229,536.788120679245,469.398232351365,539.614600461229,515.51215560063,479.492691784264,511.569966542326,475.022425635022,494.236919850186,519.30076686411,492.790714356853
412.886787391436,552.86128284246,535.985134386721,475.835785438827,535.399134539326,538.426403843,471.418461014892,541.736089245623,518.223626413617,480.387985038709,514.628056722367,476.362008685821,496.080601540358,521.429974417402,495.636796522607
414.653922748904,555.804475098053,539.321091890424,478.725320666399,536.763536937984,540.075285295253,473.437087332895,544.078147800804,520.974043677302,481.475492392403,517.700531122238,477.69565611896,498.143794546874,523.481495456868,498.40543310913
416.821943375863,558.761992826883,542.581357660436,481.714612968164,538.095155931299,541.741419329151,475.566876309291,546.322333337659,523.75540756841,483.353528595976,520.718526710663,479.030905172745,500.091607248032,525.475205071888,501.087544353074
418.855943680272,561.729485441704,545.851342902116,484.589574801563,539.451794753836,543.385399240989,477.792030812162,548.463516468838,526.557156839056,485.241415291498,523.622816515386,480.376858877297,502.022991562699,527.418540774261,503.673756281302
420.831526772724,564.670133410084,549.122578096435,487.516972286827,540.824778598166,545.030193431822,480.066009305663,550.501628763622,529.362658137824,486.989993519058,526.192114525982,481.740283714905,503.960248533709,529.323306564011,506.1593098897
422.837316081281,567.59316554255,552.347251668563,490.507450905895,542.284978294415,546.674395931132,482.390406894325,552.44113013837,532.176460451418,488.693577475104,528.777314537559,483.126345005369,505.903059061456,531.19797194967,508.544053915919
424.976863287264,570.50984028891,555.525830914925,493.557633536617,539.446120117091,548.278709884874,484.755428011815,554.170808139712,534.990611699552,490.439988352922,531.333274268138,484.524870250172,507.849502785308,533.021484003103,510.830205951847
427.179484107981,573.456475311514,558.675474196555,496.671175372002,541.112943993884,549.846324301604,487.158019157486,555.812792394998,537.797261690658,492.253101345254,533.820687098699,485.913700705039,509.796538616769,534.765555815862,513.021845864612
429.469617918286,576.395461464301,561.736151964438,499.841140907398,542.746508757816,551.362906486932,489.593236768505,557.482401879276,540.590258972149,494.126411806907,536.136651219716,487.267566569589,511.741247658785,536.491872321582,515.12519693642
431.811111275685,579.324655502763,564.759363711432,503.056130815931,544.420420199813,552.913630967513,492.054637709743,559.153498601682,543.350248019184,496.037835006555,538.432321080828,488.605273956618,513.681451692229,538.206358528519,517.148720660368
434.210846029087,582.241482955271,567.72937635032,506.300136686065,546.074463080153,554.3691676691,494.53337541207,560.773172696253,546.066626781561,497.959020860724,540.691157401253,489.93388183879,515.613230673312,539.909857646806,519.102703663405
436.648030935038,585.104615559257,570.630527954572,509.5538320391,547.707129144467,555.783599189459,497.005914438987,562.392976233187,548.753441836741,499.813833269838,542.902006624518,491.24052340568,517.513745743177,541.600864088306,520.998323673732
439.076369288579,587.936219735909,573.449159885516,512.743539538807,549.373410251697,557.079519731897,499.452182910167,564.019130174022,551.409424481223,501.617430505116,545.098078604404,492.560677361981,519.405187488624,543.228002844251,522.846690471945
441.455177298599,590.740021196822,576.174582408913,515.892996942591,551.07347944329,558.188795921279,501.78314792518,565.884916804339,554.033489454511,503.377146539884,546.980367754163,493.853890929502,521.283951747074,544.829240135405,524.658219047342
443.734315896069,593.512016999608,578.799051665093,519.010117587019,552.797415962077,559.23012085231,504.002226158274,567.713745443676,556.625330594859,505.189006545151,548.697370281649,495.148895753794,523.144317284804,546.406837342883,526.442061060772
445.856402640983,596.247601607123,581.319062590561,522.08709080679,554.483813816389,560.216999392003,506.04863958508,569.36561764903,559.16796762787,507.018629809583,550.4148733768,496.444952204429,524.9791416581,547.957018193249,528.205617111027
447.839122495248,598.941836770229,583.735357860685,525.110293355304,556.203186613297,561.133023252149,508.028924794199,570.992990571762,561.639982771505,508.829060302983,552.122015213337,497.741369055372,526.780718261871,549.489148978665,529.953916363095
449.689829387195,601.590177507914,586.05163040525,528.090487765684,557.663383364102,562.008572350559,509.93387385134,572.560814544339,564.033482360046,510.577706615687,553.82472138126,499.030779197992,528.529520706329,550.985432774385,531.662149162069
451.424616151737,604.189048035872,588.272937269566,531.040125950158,559.118463481178,562.881457912904,511.757614396794,574.124334029221,566.35703371398,512.309255099666,555.477665191322,500.33004563354,530.224239873208,552.465910212503,533.360050545888
453.085438089489,606.672820433264,590.351236575858,533.978744015358,560.566300846154,563.755910634194,513.427853030868,575.644878054864,568.633984739198,514.012400169416,556.966182783837,501.641916149247,531.869394115535,553.924975181417,535.049437328242
454.688332612227,609.098155195785,592.358506471335,536.913478650096,562.000984758035,564.667709138701,515.013754138836,577.045491398009,570.863379445461,515.710842468216,558.459523356712,502.967210781395,533.463942996041,555.366894344133,536.732987220919
456.298600899212,611.467075874871,594.287102810222,539.826221409068,563.417754808703,565.596598012182,516.406731349487,578.460587623254,573.054058788683,517.417397017645,559.967108380176,504.301507284794,535.008377950976,556.790685671239,538.414287957132
457.938896455049,613.777717191964,596.204195517317,542.711676637235,564.87558150962,566.625140958479,517.737177312084,580.020909928572,575.207913364038,519.138513028627,561.491988780105,505.645250520144,536.504287205402,558.191334153244,540.078555522125
459.607956528303,616.028824898524,598.045611219462,545.582124149343,566.237089329159,567.698338748583,518.980008223904,581.53066713736,577.320403863352,520.870067550503,563.034495498485,506.989865423437,537.953748859656,559.541528106854,541.717165213301
461.292028636411,618.219369553743,599.839567289346,548.425995917401,567.57245077644,568.791088946339,520.161517775839,583.043233029193,579.393339336663,522.601273290785,564.4140596031,508.349423523291,539.35898169347,560.852637602258,543.353708799844
462.990303080566,620.348454848214,601.648291577716,551.20327818739,568.871751740042,569.882195855042,521.245261748737,584.55601767802,581.423617048492,524.371820243962,565.8165922318,509.728227690864,540.722150093586,562.140537547756,544.995067545217
464.717115988885,622.415214396338,603.423367446257,553.905309589255,570.734790972402,570.884712397684,522.314681577974,586.103913719993,583.407262685373,526.182009794386,567.212243762851,511.104668942782,542.045225523086,563.411609764854,546.643529541752
466.373178838344,624.412886950503,605.035394370489,556.514136130138,571.95680202802,571.889396432838,523.336954335265,587.575384197223,585.34080162717,528.139909737784,568.614420069645,512.501590527316,543.311194473321,564.669212416205,548.301143373838
467.917916301175,626.34029258213,606.625192078281,559.027111220903,573.145991524965,572.85108399586,524.315864907687,589.034178476736,587.221319539713,530.152368820599,570.009628610681,513.910753780698,544.534792505716,565.915819474552,549.969220220729
469.492097822966,628.206522140213,608.246196791467,561.434041245161,574.263910444024,573.832507949218,525.283892752068,590.431748975973,589.046453115347,532.206534609306,571.381064380821,515.32606099003,545.72454560158,567.151302573286,551.628627093323
471.087657861673,630.015651462099,609.87718605616,563.710162204589,575.095709604547,574.837335782644,526.244393830781,591.781838375402,590.77474014915,534.295346507873,572.742211351949,516.745205754506,546.882700931297,568.374467064622,553.283606185129
472.685897224381,631.776012286318,611.515812573431,565.800671562349,575.898479880178,575.856944706285,527.118980923477,593.059136217842,592.440467611716,536.43010807665,574.046631257239,518.165723915624,548.011389523956,569.577709340991,554.926291873702
474.302356893339,633.498800988796,613.161256928897,567.788672393337,576.69100038301,576.824509768363,527.881060752278,594.307696167631,594.050372632833,538.592954036035,575.360939409077,519.586073593695,549.112534662833,570.766121894679,556.551395710452
475.929695311172,635.194472251809,614.814588943445,569.679980247157,577.485424622831,577.730445726027,528.62824185506,595.537657229513,595.609566477299,540.741000918941,576.676771983025,520.992134439191,550.187713153266,571.935074275672,558.164430224299
477.476827939592,636.87012649381,616.459345701099,571.50361286918,578.287012176887,578.637054672758,529.334163671122,596.822555730467,597.121224190913,542.889296644687,577.902100999803,522.39403862481,551.238165640272,573.06048825472,559.752502219116
478.963887201008,638.49922276458,618.124636316238,573.268986154847,579.252974290131,579.546993539244,530.011856187321,598.116012281059,598.589105975473,545.028740306816,578.944111216848,523.792425168848,552.26485161102,574.131037562721,561.24697149407
480.416546088301,640.119224049891,619.746678937373,574.983806329857,580.314199864279,580.464369079832,530.704821686861,599.437416842027,600.001054475357,547.113011652048,579.81478992768,525.167368871427,553.268561456341,575.183740468427,562.63084489828
481.844085854691,641.721966962434,621.359062012928,576.647041576318,581.51545598173,581.393709851069,531.358646691263,600.755910351998,601.334555812214,549.16419426077,580.500330190805,526.537497190632,554.233762784681,576.214307297205,563.993379438849
483.231077736458,643.299991435634,622.966495117764,578.266222711292,582.781762673287,582.339328151071,532.051255154668,602.067003377593,602.63504719626,551.159704014217,581.130632884583,527.893706497118,555.171508994095,577.193305609745,565.2354836328
484.516825022437,644.842521902777,624.475907779509,579.847218564572,584.022535619993,583.304653422269,532.792354811272,603.50927132153,603.905393043621,553.115408828477,581.688690875307,529.234490043278,556.094871266829,578.126171620243,566.445000495827
485.463205028612,646.340195892457,625.960758794143,581.340268764139,585.283460263382,584.292081958379,533.500780134503,605.01154386237,605.131990675047,554.996464670125,582.245240840419,530.562591133691,557.006136741355,578.98309110516,567.614805948802
486.293328745069,647.827820989917,627.426672379171,582.726623834636,586.568334406549,585.303550604045,534.205966087091,606.537713355266,606.336074293683,556.823729159553,582.852552705965,531.857264751049,557.907554632744,579.796364518175,568.718982888684
487.162560771303,649.305749415963,628.870256867896,584.101660537027,587.885223687309,586.340320176232,534.976334332143,608.074075777209,607.496740103883,558.603415071036,583.446663175391,533.136008760853,558.788842729651,580.590474441721,569.770302346303
488.079717727998,650.773643159208,630.225638150598,585.474981991541,589.24625554108,587.425342414731,535.814095886537,609.576208479381,608.601153398462,560.292975575701,584.031029791895,534.404778736979,559.661643099348,581.3664724132,570.79173087342
490.017080538686,652.188345765725,631.56752462888,586.858379374287,590.458404210867,588.520784617746,536.68723535564,611.032964239131,609.690207305053,561.937150586292,584.637080844747,535.656709670577,560.528001720172,582.130862887575,571.709223100617
490.968625414864,653.591031885771,632.903712073181,588.254648380191,591.638858941392,589.52718045653,537.686532143694,612.709995078185,610.752702064991,563.577953084282,585.272807234291,536.892489135726,561.367297399441,582.876542022116,572.603253738344
491.93608503536,654.984218393545,634.204401825923,589.665968988679,592.780520440734,590.534315282274,538.713373216584,614.384488057745,611.692439005618,565.249506503506,585.702465866949,538.117652611751,562.190790772821,583.609704804319,573.446506197621
492.842327867201,656.359704032409,635.444188548622,591.087707856999,593.986633454621,591.511489026792,539.75624066685,616.065251045083,612.616151460843,566.917669873887,585.997325888217,539.326650265351,562.999679287191,584.328702891619,574.285860143103
493.775322427076,657.627465904842,636.656304016918,592.528271191129,595.262487101368,592.481497573873,540.822412408602,617.557596882478,613.513221358753,568.58267287368,586.153752959895,540.522502486348,563.791141497079,585.020008040537,574.980732717908
494.677382479023,658.881050076951,637.825369669089,593.990640978535,596.56309690759,593.39048894472,541.904239780673,619.110796123564,614.349116051302,570.206879695446,586.057932878883,541.699191370252,564.555577499013,585.702105850945,575.627050720797
495.595311522986,660.125859564377,638.966011749266,595.478192985703,597.915196863729,594.235716061451,542.955343215544,620.707211604287,615.176722498306,571.799844957929,585.890958155285,542.846853356723,565.307943857707,586.378835056329,576.187848511346
496.470205169009,661.342010762805,640.056424632634,596.982354290585,599.238103356877,595.114260891572,543.961359163406,622.309015204692,615.985459803351,573.374935204226,585.613216973836,543.954979248075,566.039021120894,587.065377606024,576.726560518096
497.23539875716,662.513341175497,640.93829562608,598.45864778363,600.559355056976,596.000370527995,544.866135340132,623.910734024704,616.793654315566,574.945899156846,585.302849228722,545.031450194924,566.755502404325,587.718049363676,577.244643220841
497.918561370412,663.664704965209,641.725800821134,599.960000536367,601.938188933389,596.815529518267,545.741429799539,625.472043423582,617.592609373358,576.504167846365,584.985172019494,546.09493342866,567.455582327771,588.338509567131,577.726279745989
498.505667285865,664.796343185294,642.461547383625,601.486922732027,603.228783738816,597.643128569272,546.569681351053,626.894926381418,618.388073192225,578.035191463115,584.769717005983,547.160754221421,568.143255738376,588.956314425636,578.209484255441
499.074377043704,665.917840353658,643.126139364323,603.038836562501,604.596638799988,598.495016818758,547.334494531654,628.188818168836,619.146094719861,579.503836854292,584.532176670043,548.206438274266,568.78419826195,589.537477731649,578.679061504659
499.58820438555,666.954645986672,643.717137803412,604.614005585282,605.938550506317,599.385404010949,548.033662929451,629.323563337503,619.886729217284,580.736314861424,584.266584073882,549.228128933127,569.398308590618,590.131552290124,579.142046662794
500.12005694333,667.919003217077,644.560500107363,606.196884366223,607.265817495532,600.305002214076,548.551382110273,630.328126902161,620.613060969207,581.912368316511,584.091436191229,550.222232846474,570.001800533686,590.724340753631,579.574339146973
500.666779149881,668.842021116688,645.124187194104,607.743468866641,608.571622358788,601.258096796829,549.062342080517,631.258210204909,621.31643287425,583.020627133983,584.014812640125,551.146068238058,570.589714231686,591.314109222123,580.0128457112
501.196985124459,669.719064780458,645.715089602685,609.277119571914,609.719407581451,602.246452347037,549.696953322065,632.142355237395,621.982802515012,584.078911240889,584.012994274149,552.020157834235,571.182902539996,591.899388120554,580.433598236669
501.734464420591,670.618345576821,646.267969123335,610.754088059577,610.861524792786,603.224396434317,550.414153920616,632.927025028443,622.586843014209,585.115298608329,582.262093642852,552.867936633588,571.771817275305,592.475924713407,580.838699968125
502.316782927917,671.472612992542,646.861844406361,612.254937450607,611.89897708783,604.229318748061,550.991502255566,633.605428030348,623.141891524058,586.135839130851,581.756964347039,553.687534314575,572.362740990046,593.025869080963,581.197876300179
502.964971547264,672.295842883687,647.49183701013,613.781736055918,613.239793473278,605.252947681686,551.579565781143,634.349247230091,623.685321679329,587.13166210004,581.223854652208,554.484099889843,572.9580290671,593.552073637225,581.509268640263
503.51532793589,673.108880469491,648.149551137344,615.328306610226,613.937571096365,606.359178274018,552.190504330982,635.052378294493,624.204095381354,588.044785908946,580.815989559532,555.256146175816,573.542931711276,594.050394988212,581.796292973473
504.095849740293,673.944569256382,648.794329704055,616.857484665428,614.63115918032,607.30836435144,552.641720415396,635.743747111611,624.689543304531,588.943318328111,580.675100056686,556.013837726603,574.124222615282,594.539224513708,582.082966375053
504.686825521145,674.795252511427,649.428657164444,618.40560856231,615.578591351665,608.202171929997,553.064307499602,636.28979845486,625.154973326673,589.822303208631,580.780287306228,556.740867733891,574.701595738635,595.015260483248,582.352586362674
505.332760731331,675.605239595817,650.025662052652,619.972236112214,616.550722649023,609.003936997175,553.451813592072,636.803557597889,625.589296938649,590.682875312099,581.086281432162,557.434481900166,575.254156439279,595.487694044445,582.606845373195
505.948772972572,676.393473030099,650.442806024193,621.556349560144,617.538209657694,609.769885139926,553.807972794295,637.100805213124,625.889104473275,591.486973774842,581.591857168511,558.107716680335,575.805088196331,595.917330424426,582.853031102922
506.584507837392,677.194312851866,650.793738584026,623.081894095184,618.608282722189,610.299985971682,554.11793778544,637.194101434472,626.179319169648,592.269475391,582.184917710926,558.764538492973,576.341708585865,596.329945332959,583.046789570633
507.268284574556,678.07382878844,651.091846981008,624.610058978477,619.658484191512,610.843819823131,554.437801795153,637.291860121441,626.436186340576,592.922851759165,582.855801549062,559.396148427761,576.876841599467,596.742479073785,583.242817675485
507.932493447724,678.914683069087,651.22103260683,626.14944660504,620.701399928731,611.401184574548,554.798824536407,637.222586234851,626.669434085908,593.549374035155,583.591181393733,560.015894927861,577.403339189167,597.111417351465,583.436840605678
508.573217126423,679.738206139511,651.064598525485,627.686314623411,621.702339901671,612.009059967054,555.210601566461,637.160335811102,626.892791316616,594.177748396171,584.245924053663,560.604238967229,577.901468477191,597.462685832613,583.613108465787
509.200579962119,680.524563876034,650.756672033085,629.213420225694,622.640737608849,612.617384885485,555.855943693102,637.034671654198,627.061529705583,594.807862427875,584.855590663338,561.179412749819,578.395115828237,597.793808351031,583.772679823531
509.836237537772,681.21065524762,650.352293920993,630.729722019091,623.497122657819,613.205979135949,556.500656151302,637.007733982544,627.216451480058,595.455111785323,585.43124394323,561.725785529023,578.857406308376,598.091261539478,583.927835945364
510.47613985808,681.952627253721,649.902058223163,632.259117566467,624.347344172678,613.741694168586,557.121934041815,637.118206206994,627.378276649156,596.123336051324,585.992224857198,562.25100984781,579.30110650181,598.328297371082,584.061229971145
511.204113906105,682.64531041816,649.41656949045,633.70698493899,624.9497551576,614.265329787243,557.726211431979,637.339813112771,627.553428269309,596.803447789347,586.535040172556,562.742298357442,579.741078370399,598.546171897857,584.177435299519
511.831728347442,683.318603099503,648.881698164214,635.073601824625,625.512708628896,614.638607871646,558.289038485552,637.582160189144,627.740409174213,597.464007407156,587.078457107907,563.22937404222,580.168155651007,598.744732396836,584.291977409449
512.410595408826,684.013266269643,648.262641015844,636.425290991947,626.101441692394,614.908530860697,558.750103080289,637.963683049038,627.946995775268,598.145775008261,587.597987127729,563.713409276929,580.582263397472,598.924574137916,584.408004073963
512.970083551707,684.660693085659,647.554323040715,637.759740373173,626.680331892292,615.111010104046,559.115008795151,638.392806729062,628.129874697897,599.653507431015,588.078788604166,564.189208082218,580.98639684012,599.088003859689,584.537518036302
513.516746798415,685.3341322796,646.807112810657,639.07484015469,627.216261988649,615.222076188064,559.449021934473,638.822717370883,628.300598441172,600.29364461199,588.528273673684,564.661126531181,581.336469333566,599.237076838299,584.633176229176
514.091791064144,685.970882473467,646.006507652759,640.364081880075,627.708505033943,615.217841677749,559.766550741389,639.168866091126,628.488922286375,600.958405651601,588.910809581388,565.123965204844,581.682110512237,599.357698488807,584.710776123761
514.687100702393,686.587199541471,645.187446854551,641.616098713501,628.082003181567,615.126304002164,559.941698499213,639.406720018382,628.676030807264,601.633638194099,589.251056705841,565.580611298324,582.016647352945,599.474893375819,584.798162765675
515.28903300535,687.267365180217,644.905194236636,642.845194710222,628.4591527669,615.025783911358,560.124126879758,639.66397869418,628.844155791657,602.32618478919,589.619158071636,566.017838583801,582.343295483681,599.565154262924,584.87432157922
515.886793072589,687.977186397843,644.508735692215,644.053472563208,628.797137504713,614.897758561891,560.32933147098,640.045549396829,629.000874173293,603.035634916857,589.911689824509,566.438271485605,582.668511293301,599.650837780964,584.931867334846
516.513396641032,688.616336840887,643.769275931016,645.224295489752,629.138224718252,614.828590885745,560.547748743903,640.492180543469,629.137676786437,603.761945947458,589.83876227486,566.854154978752,582.99351480071,599.749897203562,585.003622332087
517.068439138609,689.248086997837,643.006280308558,646.362155265298,629.475210964423,614.745746363173,560.802285713654,640.653159466481,629.185539189614,604.504640145083,589.938378936404,567.262884596602,583.318562260683,599.867987114161,585.109992712237
517.629218015943,689.905318616701,642.250760356034,647.488580778005,629.751396624187,614.661543102912,561.068435666286,640.842277442952,629.245757825257,605.241577306156,590.122562234152,567.66990662576,583.64446163497,600.008225584147,585.272840960883
518.194013204066,690.567002679599,641.526603001811,648.601640234091,630.053930505093,614.521731727929,561.376482210967,641.29822473069,629.300082585719,605.994773574304,590.286609861729,568.054888890525,583.964334914435,600.153539518273,585.465776962371
518.817858832862,691.205592080793,640.842891404236,649.703426806646,630.418668268884,614.389128623857,561.669606154941,641.899864746156,629.372752175503,606.776494333936,590.455295160341,568.41353356199,584.278039650958,600.243368983226,585.658777678081
519.448079349137,691.823273983894,640.192632795355,650.529131579771,630.800595620946,614.25520501781,561.887069904696,642.514400210844,629.436899267131,607.557639930766,590.605690190892,568.738537068291,584.591090097122,600.304604408092,585.838740594735
520.08057522031,692.301268495785,639.586590193851,651.514863299642,631.166738166901,614.144053995248,561.953431049718,643.105975168755,629.513791471118,608.331802200624,590.781326073797,569.028392232764,584.871750946957,600.364142008274,586.065046371021
520.689234751967,692.777666450051,639.026412050966,652.485899704269,631.538276122242,614.026704872673,562.065137027143,643.660134949736,629.580068885635,609.09207068081,590.926429105934,569.306471243319,585.143545873689,600.416099240302,586.333541693891
521.295587096366,693.253960164047,638.621526683463,653.418189604955,631.865729085379,613.97198791967,562.140810244224,644.059018094225,629.688448269253,609.856705902618,591.006573768737,569.581202903352,585.409998543916,600.456845982675,586.605565601923
521.898886872277,693.733736479541,638.259435373393,654.342306057656,632.09306287349,613.962059664162,562.133981513322,644.376101281487,629.789834668827,610.591018247596,591.015948997818,569.866040165237,585.673206623021,600.497909307267,586.868492445713
522.294090895494,694.20864218363,638.238268308053,655.265199590332,632.318342312602,613.952669701701,562.083662096298,644.618434540613,629.944419461106,611.30080015025,590.993267025869,570.152046383491,585.926111548813,600.519432628078,587.11430982558
522.506714632823,694.677326338631,638.258810451075,656.197584988307,632.530670787171,613.911449088502,562.039759124061,644.72135362078,630.126145976917,611.980956585115,590.967395293555,570.404225801811,586.170328940119,600.516618552912,587.285557144188
522.533851232923,695.146405449126,638.123607097425,657.047669765404,632.737424657798,613.86574426523,561.9495034805,644.706747317467,630.290625246278,612.589235136083,590.936269526356,570.657747363404,586.425900445269,600.51312066456,587.415073771401
522.474848652402,695.630542720936,637.879308258061,657.911992273258,632.991193174057,613.76680351912,561.920060529124,644.550601206633,630.263670146119,613.157804459617,590.910371018095,570.915212376894,586.689772401687,600.510087911352,587.536244331292
522.401108532429,696.130600562645,637.490700830984,658.876093526468,633.2193619085,613.588008935105,561.871012256243,644.458197477833,630.156084029366,613.673733411443,591.047068757836,571.160740891296,586.964410057319,600.542285753122,587.654528054418
522.280416909777,696.643372915999,637.011510478864,659.839571665824,633.662668105691,613.323753037375,561.88814279403,644.487921554425,630.072440463124,614.13870361426,591.166629960975,571.406135426113,587.238137496016,600.588534912583,587.651975840231
522.364130707703,697.166560780916,636.498981831241,660.72567028034,633.844664901353,612.979150668172,561.976165383841,644.68600338983,629.985354955562,614.565905424014,591.155705928958,571.655342171992,587.497120130707,600.632397716978,587.648603603769
522.25054341579,697.705255488053,635.883198253836,661.564771537367,634.129681835232,612.626328617669,562.100498167973,644.742745606511,629.900712619645,615.004640666566,591.143727488096,571.889457480036,587.760912422223,600.639283580986,587.66395129277
522.319355158548,698.222604984887,635.164475518942,662.350303036999,634.343883566673,612.265338840999,562.223515294645,645.006123509917,629.811694154634,615.435331450195,591.171135373759,572.071346686668,588.031567168189,600.635755509417,587.682528483009
522.325904807224,698.748448928648,634.400085355003,663.122548847535,634.434144267026,611.968010691015,562.345474498171,645.278893049542,629.702122515578,615.846206786194,591.202945663535,572.249168393485,588.311973670017,600.627392727315,587.676009776679
522.271260926588,699.256959342426,633.602234165003,663.8714802532,634.558908130537,611.78054805129,562.407893142262,645.580304239684,629.618050133872,616.262868392276,591.252451504552,572.426662413969,588.600595058219,600.620746347564,587.631796583993
522.108841793842,699.752933550169,632.751641456487,664.573243394802,634.622046764045,611.654309718609,562.469745592415,645.871331272031,629.555850089924,616.690780400653,591.341301840615,572.60000805452,588.883201168223,600.618319268815,587.576664830528
521.91910903511,700.15290907911,631.889511440597,665.252776019959,634.616052790729,611.601050899827,562.512981705707,645.953589365259,629.511413650165,617.126269608397,591.4603194213,572.774302329311,589.17831798606,600.626536698522,587.517048281096
521.68209003804,700.56386594656,630.96085794617,665.889204060907,634.604188592236,611.603027527819,562.562065726163,645.875182896365,629.469759479747,617.550616471833,591.605659150196,572.935262750751,589.47355898547,600.640985391295,587.397932767886
521.416606784457,700.973832910414,630.019051579061,666.507025682052,634.506668623192,611.625070752266,562.598295928385,645.707379112469,629.441159708796,617.917424126645,591.768280145554,573.048954064415,589.772123743436,600.636550093147,587.297464519246
521.172905531063,701.369894488306,629.054375522441,667.06171692697,634.417891584095,611.723469498637,562.61350420679,645.658559505825,629.409325463562,618.255959234174,591.926932307071,573.162401012783,590.071082148345,600.701344079082,587.236104062536
521.013757353311,701.779875403007,627.974063264823,667.670428726629,634.338424829018,611.865415750725,562.609943656472,645.684647376184,629.360652375008,618.599041753217,592.167344355543,573.278328442862,590.371628648279,600.781732578502,587.175399966429
520.894693791839,702.198760518693,626.881771430813,668.282288803282,634.282701756626,612.088014520728,562.60138522153,645.922678277009,629.372580485604,618.93125514857,592.435329707543,573.391163792277,590.672356730238,600.858434635548,587.134332894507
521.052002846001,702.618849780455,625.82801648939,668.898133029166,634.16932340546,612.317384995235,562.558960633469,646.232736853694,629.432189290149,619.203332486495,592.71754012933,573.515772664382,590.972667462922,600.951177086188,587.051167528401
521.360628485878,703.036501346513,624.871338445936,669.48031001891,634.053552180627,612.494052756803,562.527346983095,646.604583676247,629.498027800372,619.444686070114,592.967862638157,573.65521174218,591.24972820685,601.087615302741,586.963626443776
521.71128252789,703.390676151975,623.954941933968,670.096103459639,633.914201506114,612.614787984577,562.534909704452,647.10211787614,629.502699997375,619.673408056046,593.269652253238,573.79261352567,591.51724630037,601.249348402971,586.904240931959
522.109999193439,703.751490690009,623.088294633186,670.710613773297,633.768603965739,612.735542632617,562.590543871601,647.772572415031,629.524898414214,619.864129717503,593.591443317899,573.924274350287,591.780748163056,601.442775666171,586.854865984728
522.498430401081,704.075057120736,622.277104375553,671.263227362908,633.617685139637,612.838119612149,562.665796678026,648.358023162805,629.550051045772,620.036641865429,593.952547500962,574.044916774614,591.964590020372,601.584157450835,586.786547007305
522.731607995666,704.372682842549,621.445489968181,671.78214119269,633.460498920393,612.919346686074,562.72729045326,648.81748656871,629.570374363594,620.15416567411,594.302058373589,574.148454184911,592.160338828805,601.69232684895,586.693377638806
522.953651973838,704.627775156749,620.540408408673,672.340471628677,633.293478793371,612.975437145251,562.708470697658,649.347270165385,629.585578450852,620.246726151363,594.593278643019,574.239655173363,592.356659646925,601.796650134273,586.619975907113
523.146276613133,704.850090835316,619.659273855289,672.86687819574,633.125191888597,613.011587441634,562.713852803663,649.581742070636,629.602615943552,620.367508942318,594.825392543502,574.333563730909,592.555664261969,601.899930211013,586.474847550651
523.289766711714,705.057072965476,618.660185935459,673.341907225125,632.924061651859,613.011791918445,562.701812291961,649.760148639256,629.609497520593,620.461210591037,594.946289721935,574.429954649617,592.756696481267,601.983208643249,586.316875687169
523.45387198743,705.197863619869,617.638750016588,673.814000869522,632.715290083029,612.980002519497,562.675566621337,649.988969701514,629.579991385321,620.538183067633,595.058783479441,574.527149196344,592.958409333718,602.09535972104,586.136905586314
523.550220376075,705.338688873562,616.616764982837,674.28571666376,632.50695595373,612.936759147738,562.632167413762,650.17495455571,629.552371527782,620.598210617719,595.238920655123,574.612842554446,593.161714173743,602.235356465656,585.953571108679
523.643709884451,705.493336946231,615.604712943103,674.759492957973,632.300332413142,612.743152392799,562.619396444684,650.313961023267,629.513604557754,620.617913436918,595.381980801449,574.678069281523,593.365173900401,602.374966265556,585.84180599935
523.633857883141,705.66893976149,614.58887214877,675.227010800788,630.861320611012,612.635039550371,562.517441104586,650.169861550052,629.480686180616,620.593790353187,595.538714406635,574.731156234662,593.545001986556,602.476890102376,585.737666448879
523.360177062349,705.881076459493,613.599448506806,675.686065325859,630.431826733416,612.507185837823,562.451660761337,650.091344305586,629.474602510046,620.553561680508,595.724260047551,574.795806579555,593.701902513986,602.567298032059,585.631832363406
523.242756528814,706.0712881943,612.815943330447,676.162899771548,629.954843870319,612.322302263531,562.373542362639,650.103860100105,629.457317766716,620.523748632267,595.931087401961,574.849205117925,593.857473310965,602.695308318391,585.522226102693
523.056562200747,706.226482680493,612.116573769113,676.645970308604,629.318356328266,612.124017321768,562.265150958082,650.334380473905,629.437368783609,620.471635634353,596.107636138378,574.890403432753,594.007966772928,602.858615957265,585.400102957748
523.014911362691,706.379554720084,611.461628819367,677.140966295455,628.586669165517,611.896030148276,562.121009224,650.757866638316,629.402353675322,620.426251933745,596.123416365841,574.894270248901,594.14766242461,603.026777500509,585.277019435524
522.726126846882,706.495387402639,610.891274481233,677.537251949917,627.773695240984,611.712631527113,561.91116672399,650.868208156225,629.335570316431,620.356189326528,596.096263843718,574.888023819915,594.313285510168,603.15217288063,585.149761676066
522.442729877996,706.554625585241,610.454989776916,677.996691058065,626.911863683292,611.599403792917,561.594332915821,650.905847749914,629.258981550425,620.328861417447,596.001316265568,574.88208751306,594.488368998759,603.278381698474,585.035388176695
522.179145172576,706.59215948045,609.979213063558,678.452639967408,626.04188283562,611.513441340864,561.147223151667,650.957794373809,629.169368330657,620.310515636207,595.848593001128,574.862114165681,594.656870225965,603.392994490875,584.928492911927
521.786092351183,706.618340147768,609.471546407817,678.901527747261,625.150526832506,611.472182163054,560.708010836179,651.074132879699,629.048365421075,620.298666899062,595.621426479202,574.842272852246,594.827039103277,603.502109147178,584.832262598729
521.238491891452,706.729270104845,608.933918249197,679.341746994516,624.339573065006,611.438478550951,560.24486137309,651.172693855143,628.887785603611,620.296627437022,595.312157924769,574.819259704805,594.997899984222,603.598090204784,584.770515050601
520.655170694005,706.822390983036,608.37993352512,679.782001916398,623.656688422751,611.416556743608,559.714718697496,651.287550722975,628.745940273381,620.301369133105,594.931402163692,574.807300620096,595.164182278144,603.679315512539,584.710249785944
520.332782295433,706.932521620609,607.810590947547,680.219518979911,623.046262450684,611.404430415158,559.134477380517,651.431528222868,628.571772560132,620.31620404864,594.450550510496,574.811047316952,595.303604487993,603.740878845271,584.648937276613
520.017670339607,707.009967687808,607.198691864928,680.659349342516,622.494033104228,611.533010842134,558.538837737565,651.232352808457,628.371625586642,620.318097464793,593.92054015068,574.82335032773,595.417815390127,603.786833424296,584.569326819716
519.754164744297,707.092765380157,606.645681783199,681.073755305973,622.038181487028,611.697001518993,557.990499496604,651.077070434296,628.205210796386,620.331478028044,593.400170646206,574.834258000451,595.518996356641,603.756543963478,584.413487475634
519.459305875067,707.178453109095,606.228731567126,681.520255277438,621.787694314091,611.8856215452,557.510229751175,651.007392270025,628.041765730259,620.333007544064,592.921864545171,574.856387945428,595.610425602676,603.697898949045,584.248453253371
519.222665640456,707.261164981598,606.095860427863,681.974904815143,621.561959173217,612.073749959011,557.00689109107,650.913717278888,627.879501954473,620.315883506107,592.469028015582,574.878823140338,595.680789196244,603.685850931107,584.090507282552
519.045797986814,707.346334571605,605.956592904061,682.476377071881,621.333375336296,612.232960889189,556.531897474811,651.060621501453,627.715265791604,620.210711856583,592.046720520274,574.903246855034,595.742065870006,603.697069293887,583.942843249236
518.8023232698,707.373948000819,605.895287251289,682.945384972526,621.082514370628,612.340734633347,556.060096091095,651.212541567255,627.568098841221,620.041763103049,591.692717689202,574.927486525125,595.78695363029,603.701080776528,583.809665661458
518.585891428886,707.381065181103,605.697119198447,683.379522259136,620.811977397051,612.449269222891,555.592584255662,651.362806923901,627.423790926636,619.840605440039,591.421386069135,574.944253968511,595.815087998519,603.692970767316,583.725492958323
518.411483615985,707.207589942325,605.222344358956,683.805295948021,620.474710965762,612.539567762723,555.120653853848,651.274604933534,627.283605540192,619.552574716291,591.252683565167,574.987287834161,595.856531178965,603.682382253799,583.665169536256
518.306735457892,706.976922639925,604.546223188912,684.22501617627,620.004967394337,612.628710833126,554.657905971162,651.21753188748,627.089441342857,619.231457810798,591.165260238532,575.04555533346,595.877334291147,603.674682484766,583.577190571675
518.023655901829,706.697960263002,603.875339425113,684.648199504388,619.439164204412,612.721338045189,554.164440336061,651.292804551853,626.886711233976,618.854949898112,589.895803745394,575.10716654876,595.901151815033,603.638898724089,583.524024846529
517.546654567118,706.471838921841,603.137329305071,685.031490254391,618.803847560907,612.825713230056,553.637553635052,651.607988424559,626.692915529594,618.433255456088,589.709991755517,575.162759134641,595.920364502385,603.621506450915,583.490991412535
517.11970236167,706.194954648977,602.365560533297,685.403487315269,618.122974788135,612.919996229898,553.149189290161,651.877439043149,626.527754439651,617.992203356606,589.604594756089,575.210924269586,595.938097121668,603.626468689229,583.442948562863
516.693379663691,705.832613581448,601.573066455526,685.770382179829,617.386652809812,613.039890616345,552.744959747002,652.029945589631,626.379614497868,617.557749838519,589.633683591232,575.259749873485,595.93680897963,603.651622314367,583.410323796187
516.22284091893,705.435513264137,600.785317124548,686.151968757093,616.646694590326,613.188017965442,552.408875157629,652.230831317775,626.247310429903,617.127946383399,589.657331990696,575.315687680427,595.92821633178,603.735124014228,583.330720752252
516.056587519988,705.038125176381,600.007265537416,686.550729866635,615.970336324607,613.335699228859,552.193737715168,652.34520803357,626.127013348811,616.744605392663,589.662604535898,575.37506533059,595.898572697717,603.81507605467,583.191940908525
515.947379865231,704.669638777885,599.391768965545,686.971319829869,615.334468299049,613.444992532212,552.008563924083,652.466129112958,626.012785742673,616.294968555115,589.635103019915,575.395613217564,595.874665791526,603.907167870843,583.042003863128
515.819838880637,704.324812387514,598.813358516861,687.414238470615,614.707606603588,613.495114019258,551.869112003341,652.296890782171,625.908093431641,615.876665665282,589.482588865029,575.417818607148,595.826052596106,603.961321757094,582.878670367183
515.607230660642,704.01364903473,598.310615819214,687.865554112076,614.303292584572,613.499149219481,551.77238797521,652.104405985535,625.866838360024,615.494340844696,589.197666449929,575.441883676636,595.776018053386,603.987758713665,582.699881077529
515.347579770428,703.788760942259,597.905833354004,688.306211246427,614.021592083575,613.464882872785,551.708133029777,651.918852542233,625.851990713157,615.113592265666,588.871427715162,575.512523200559,595.704035530428,603.978586168215,582.554282461276
515.011010610672,703.78229724212,597.499396800293,688.778645809228,613.835485749954,613.437465633809,551.672783360598,651.527166180838,625.811444665634,614.751340568321,588.503714526946,575.60692654863,595.608722633735,603.984479641543,582.383581932517
514.488369239783,703.771256112359,596.661126514752,689.246963947491,613.873414950654,613.450741108595,551.652837274767,650.794214368243,625.669556060675,614.392138822562,588.071849490012,575.713921804957,595.448278948904,603.981287233734,582.215215747063
514.019922767494,703.814162932066,595.795775407763,689.672862862586,614.044119674961,613.502863609722,551.602012109895,650.064736551662,625.487514113142,613.980344299494,587.648405527256,575.828663332714,595.289675572388,603.988019517703,582.057710215653
513.544136131186,703.858840300225,594.921030822051,690.08157478514,614.315463160645,613.531149092153,551.535885131938,649.441726248518,625.301176102775,613.607686149142,587.111426568424,575.942271458674,595.13287884841,603.980687852882,581.921810149016
513.091549177499,703.90649867961,594.028177946401,690.448526561953,614.611448382694,613.537901014824,551.347180027843,648.989178977391,625.112708079152,613.243802416959,586.559681706421,576.054210332801,594.987996395385,603.993775782523,581.831010077154
512.662740023278,703.961198185494,593.166157588942,690.718680374736,614.793610768035,613.556064758064,551.142752702303,648.947928239149,624.97304314858,612.898988795397,586.104052102038,576.146771135226,594.821333640002,604.001920581596,581.807356887526
512.195922945356,703.973264005924,592.345199253938,690.946239594797,615.037997301469,613.60597544318,550.940956523676,648.902344337401,624.836495381244,612.644130097235,585.956556607701,576.197999586566,594.650354966188,604.046727350873,582.232222074477
511.797052565086,704.003436165958,591.566197192871,691.130897874793,615.329743741531,613.645448863262,550.701853846325,649.034903290798,624.722997600741,612.402664080744,585.895010734306,576.205929988087,594.487695677226,604.080667123017,582.215993081463
511.533454380182,704.043800370381,590.908594033852,691.300300185508,615.602998320628,613.696125784664,550.440707753376,649.147086278067,624.656924013249,612.317617146801,585.844676934634,576.198303934534,594.340597357772,604.130530507031,582.192999023053
511.244628628404,704.075952594545,590.250269229438,691.446052047871,615.768043386601,613.736851647112,550.153976948502,649.204280219179,624.575616102728,612.194185071081,585.770824815339,576.163384886428,594.210581176403,604.178881215373,582.196563458493
510.872544788165,704.099805050362,589.730125363853,691.571409088644,615.88180354754,613.638563575756,549.862356785419,649.049155536015,624.5030774555,612.027972087688,585.780578191613,576.129226220911,594.087359514885,604.258644241588,582.20372331437
510.414592203938,704.115709712461,589.289878978737,691.621246803637,615.914283080932,613.584391151054,549.540106964243,648.957958321305,624.453210865395,611.93453878499,585.818316099155,576.105512422199,593.956067673548,604.38925808817,582.201253377249
509.793809275949,704.353012758414,588.866882227406,691.660053141691,616.124529479417,613.53953848884,549.222286265625,648.676102346149,624.376523007543,611.844488269484,585.837234136907,576.082430623733,593.820785630764,604.463652972768,582.198682558099
508.967423974411,704.665218969028,588.477323513634,691.691525896835,616.33368041362,613.48765044456,548.903434049341,648.285439014499,624.287077978158,611.746568383463,585.85246476309,576.082629065348,593.687688380203,604.528774615343,582.173487177402
508.200036861935,704.992683751665,588.000804393071,691.729653442442,616.303829272243,613.435515600794,548.557547535017,647.855008133198,624.169193519651,611.658420010939,585.713011329668,576.107969967748,593.574406676873,604.579611116233,582.146331558401
507.393583752078,705.391421198295,587.677220990223,691.743873678064,616.256540411865,613.373198622516,548.159675480078,647.419673720633,624.035418226978,611.567527603654,585.442322794225,576.149812603346,593.416106765691,604.63022967336,582.115928870044
506.547276760728,705.81436468667,587.365120422691,691.873766730554,616.509547887683,613.310660715256,547.741914183143,647.052424147352,623.903873835931,611.540625658976,584.974132295559,576.220045598964,593.264458475536,604.663546602032,582.015695709246
505.620823339207,706.274028333058,587.07198747742,692.045266220994,616.702619913405,613.243747763902,547.350758780609,646.729674887092,623.782924316139,611.509969681456,584.448236508825,576.315202285282,593.106901149897,604.708582860295,581.875492092158
504.670348430762,706.751997751635,586.785409552435,692.200899481197,616.891823743041,613.149037078048,547.028186186391,646.791784169194,623.668745358317,611.467963175052,583.952923800383,576.408996979015,592.943950687463,604.751698416418,581.676608605827
503.626716279528,707.224743113557,586.493279045352,692.380619467415,616.93244619912,613.054091898647,546.687513294492,647.075438705351,623.513052576958,611.393841135018,583.553285843876,576.502996601783,592.801357711876,604.764622276738,581.459535046072
502.694727210267,707.697671235082,586.162814640043,692.550243209073,616.998333008263,612.979255117348,546.339442877434,647.520745635045,623.345794990159,611.412024483504,583.045004328603,576.631751122431,592.685426365699,604.781462264792,581.248287668837
501.792387109811,708.160215012824,585.581278728127,692.726615179988,617.050847204196,612.908296358208,545.994172186539,647.903327316584,623.188952794579,611.426314743459,582.487891005219,576.753977297705,592.588382067979,604.741953665682,581.061922168518
501.06318404436,708.606638187503,584.634256996774,692.871396890337,617.06747920037,612.826161803862,545.672422545967,648.226834492568,623.031323637645,611.365538988374,581.907895871143,576.873018789092,592.510549326236,604.693426606062,580.878585706122
500.452508457154,709.040971656657,583.673757431623,692.995124191219,617.061289088298,612.724621405776,545.364407360952,648.327861651792,622.881687419457,611.206577054219,581.317535690369,577.005201261479,592.413081704987,604.72885469182,580.698361589495
500.018738971431,709.457725893211,582.766302252367,693.082753509823,617.022887650696,612.564415742877,549.940523256388,648.280897005197,622.72950812035,611.053703199239,580.656342164262,577.134358373747,592.321717052922,604.762036729074,580.497589032598
499.576660444355,709.866174967836,581.896632703356,693.145768113479,616.965690806013,612.35900169244,549.839012656625,648.116061902743,622.572587369336,610.947018542799,579.887093218589,577.255367349843,592.182915783954,604.742467254968,580.24475478891
499.136592700539,710.204064064378,581.096157069232,693.274839608626,616.822174307335,612.132973920993,549.684155736277,647.844377030476,622.416408077305,610.955163505331,579.141072982074,577.353114585329,592.036389520635,604.711897690828,579.987241027045
498.656209197894,710.449546097221,580.524983615646,693.408385392239,616.71416964793,611.91683805688,549.524146322325,647.391482153828,622.270794068314,610.980990356524,578.436661669053,577.445607347219,591.884310917122,604.678991882927,579.730942278305
498.171229827872,710.694327149951,579.954711365248,693.590965182006,616.669996255149,611.691751083194,549.35850374668,646.961773503765,622.125912735806,610.897239996117,577.784997619408,577.528178615783,591.737357073967,604.671082845393,579.470864253054
497.765785796119,710.916778969318,579.58281270346,693.771595528319,616.740641441876,611.532225048471,549.286578882632,646.520078178208,621.967220741098,610.865820190833,577.256387746233,577.599154218481,591.569467894772,604.703447781515,579.200150031916
497.565149677601,711.131189781227,579.576007650775,693.92587438625,616.817351914545,611.419978521865,549.213378111984,646.225684540471,621.811094324407,610.791666505516,577.001515797907,577.669022609106,591.402295853911,604.74177132073,578.945912375302
497.400925670011,711.32819754428,579.635612912495,694.079112377171,616.924407032423,611.326814639236,549.164334721906,645.902638387701,621.664970770101,610.724985576178,576.74871903037,577.723175805611,591.231237822826,604.717937995932,578.699672072214
497.267646097894,711.504686977475,579.709920032935,694.209305587589,617.087604190231,611.35633282373,549.10929268051,645.703197453663,621.441121296167,610.626745385261,576.521308073822,577.805884254317,591.063754311029,604.706395708248,578.492800248448
497.185724076386,711.661459968948,579.769709652583,694.342491499042,617.274078012557,611.364543755832,549.030831996698,645.457744064419,621.207129941829,610.566478570374,576.411450071628,577.911722456099,590.912011236964,604.695721325509,578.304684473834
497.092856105759,711.77417667948,579.682923658369,694.464051391476,617.433315782673,611.326632709603,548.921022327164,645.090203929204,621.002440949134,610.462029557771,576.217155126851,578.006299769176,590.747328891092,604.673258263823,578.135316708483
496.880518821665,711.873329656651,579.583416277438,694.561886289516,617.56194439487,611.254608944478,548.765833699269,644.885551598626,620.825596855137,610.328594506092,575.967811128766,578.103834402721,590.598061888457,604.67997676667,577.984743222847
496.700906076978,711.971334625277,579.364999162877,694.651237385903,617.784840368822,611.111997871096,548.628629574758,644.820394617165,620.653072904986,610.172420026459,575.777239799981,578.211955256024,590.449300732063,604.747839143645,577.729949634572
496.586768423246,712.046861819197,579.15076303902,694.712551115524,618.006702554847,610.965254807322,548.462302728655,644.857615622109,620.457679134504,609.961196539404,575.452607666906,578.308551187064,590.292624393222,604.827269576174,577.640071420174
496.429253462171,712.05483098456,578.894500984239,694.771079309254,618.223553059161,610.823600419533,548.46492848328,644.866632533505,620.268359529756,609.857884047038,575.129786230666,578.373483614193,590.102058872969,604.869017546796,577.532980629892
496.160071841814,711.840787576468,578.501956590403,695.00406603221,618.551162220007,610.655299475513,548.65661250594,644.768565178923,620.081101014893,609.748454048095,574.717697035222,578.407268002198,589.893374776169,604.882755380243,577.579228343616
495.826684994456,711.591279861346,578.115062643006,695.151848069813,618.887339844719,610.508588355333,548.581864963451,644.682008788937,619.905264105655,609.631588345165,574.367914128343,578.456546148371,589.678494803518,604.914747957681,577.482232436623
495.475601364826,711.303631426939,577.73455312542,695.299783494987,619.308626297283,610.460187058348,548.470362153031,644.58457808292,619.74011308386,609.508492427493,573.98269268882,578.511250530808,589.458816021003,604.932135906417,577.393032702336
495.084239818608,710.995265036849,577.632208973773,695.419168452901,619.740455466635,610.530208156569,548.396249479761,644.339442079314,619.575063980449,609.404793673734,573.662235166029,578.564346231903,589.23448091144,604.943779482813,577.300229048978
494.923071715136,710.671993718186,577.570439825881,695.516989633986,620.099939003318,610.630333936601,548.336943902703,644.170458277983,619.412847065218,609.304053356374,573.446367009557,578.644119077305,589.000632119108,604.912788374987,577.206719799986
494.884017738289,710.343368373452,577.542835715535,695.630622694364,620.462776520004,610.767118977671,548.286315526187,643.891438198089,619.319372939227,609.215693245603,573.30418782012,578.732793157112,588.761388931569,604.867542690781,577.098041233573
495.0780671657,710.01485290616,577.352700799671,695.74149238804,620.866336463107,610.831626532171,548.263209916007,643.704472589776,619.213489810512,609.074007955809,573.17163886792,578.813807224622,588.522506871409,604.837389560629,576.987730276716
495.475031850386,709.669693803004,577.15522896133,695.884942929635,621.283714354481,610.894626604758,548.223809012484,643.593328271166,619.114021829076,608.954386846269,573.011658532708,578.880342597172,588.289610271575,604.842713244143,576.826434559611
496.1617138386,709.356783194707,577.018716241778,695.981603715791,621.706234041605,610.999712959925,548.193066909966,643.464752006139,619.033362907362,608.817025108273,572.885173842624,578.928437277109,588.036363088688,604.847406168778,576.669349411469
497.097040741853,709.202724084645,576.908703285303,696.007161174028,621.760355369501,611.148468415928,548.205183219369,643.64874601428,618.976672587135,608.658043257339,572.703996639488,578.976011728896,587.76578571154,604.818049924143,576.483158986786
498.014478668238,709.062393252149,576.816632773747,695.99488926706,622.123761539391,611.274873321588,548.145236734436,643.961174041029,618.930628718555,608.471165482223,572.510941354278,579.033474409012,587.483351129959,604.836537750056,576.295517189123
498.727712541565,708.912105172663,576.764640010668,695.956479162179,622.462415753953,611.404972334499,548.109822094944,644.464973550775,618.885643337361,608.22757411762,572.333007696647,579.08540842879,587.231964580631,604.842565648731,576.102243894509
498.555373882816,708.764459172556,576.669172502299,695.950948730261,622.865964375232,611.47576610586,547.993396890169,644.709016207693,618.85058389205,607.893305066018,572.05087830784,579.124249784829,586.966575627588,604.837620112635,575.907395220503
498.433836107866,708.633144193569,576.569680404452,696.003325738221,623.269564803365,611.514284995361,547.849661627925,644.838417613429,618.828850418832,607.413454467433,571.774533502871,579.177231011556,586.667783202146,604.845291115709,575.70553222238
498.288666440019,708.467783412838,576.491430245163,696.071181500462,623.700672989458,611.634635701774,547.686363934461,644.901024730061,618.811555674169,606.887514465026,571.518201679092,579.227748347328,586.338144046741,604.85397550452,575.532419073183
498.078622873271,708.282653204571,576.450485588297,696.118224617593,624.05111548953,611.785088229218,547.517395913595,644.976458262867,618.793814488948,606.301572347409,571.254292582505,579.300283801421,586.003428554863,604.893419539091,575.330178514871
497.846556314548,708.170898676208,576.389321682784,696.097206370009,624.420764492002,611.923915084918,547.348423233666,645.107562941263,618.773134812831,605.730985947764,571.031061378357,579.398975067437,585.665285435129,604.946046905217,575.146051558011
497.577005690832,708.017558296391,576.297323183285,696.080790281783,624.826383389849,612.040945622107,547.208187854864,644.902816329326,618.773890581217,605.226444803096,570.866420570005,579.504684980677,585.326978517131,604.996643464931,574.9656517576
497.329080061072,707.909353001151,576.206278821467,696.046738274821,625.187922362362,612.113666870701,547.118883439631,644.709340086802,618.740981623148,604.715451880946,570.783582869252,579.620446879008,584.985448813023,604.908446063946,574.73377392425
497.03564432389,707.829248195921,575.885913692057,695.979539371817,625.498592666051,612.121167835135,547.011987414944,644.771465941103,618.669692941999,604.23722298731,570.829108842868,579.710093728335,584.671108572366,605.02674291528,574.428552295279
496.767517768489,707.710169809379,575.600961942262,695.93637217935,625.760719152956,612.135547741225,546.943010993943,644.931282414211,618.569321691266,603.860309742537,570.854763637357,579.792792429387,584.360306571617,605.167677301226,574.136030899307
496.515676107766,707.614952268633,575.339761227135,695.894948446224,625.981067423712,612.137392405121,546.884830597058,645.263305682089,618.426927328719,603.449471664554,570.8431952163,579.880788261069,584.039538255411,605.310848822125,573.823104561424
496.225023362344,707.549110882628,575.078222316737,695.860413176843,626.011775777604,612.124832236513,546.815360367431,645.643054794795,618.282444504621,603.034918244878,570.371543545501,579.963093469451,583.720998245083,605.447907096667,573.516351530468
495.900084824344,707.523040329577,574.824694515787,695.741976327119,626.020688046276,612.10621249055,548.440892490501,645.92178365356,618.119056283841,602.621898235174,569.880986808863,580.026758940176,583.419200460058,605.588248625972,573.27254646355
494.698120520871,707.506741263019,574.571748861812,695.494366040344,625.939536772961,611.970162401249,548.408936600229,645.985393232227,617.951550724831,602.195895203165,569.427507403405,580.081844664311,583.125075725465,605.702687201009,573.086565068436
493.296681892326,707.520248981288,574.31745425088,695.239443389304,625.656103321612,611.730635693507,548.395473270787,645.677379685188,617.778497473681,601.756342442148,568.970455544713,580.134389516142,582.845563483517,605.820806218761,572.919174535406
492.308852296871,707.538988567331,574.046038612242,694.992166746797,625.306466869733,611.485390319127,548.369995608339,644.977024554883,617.62031771236,601.342485483805,568.479689468022,580.177316665028,582.558438094141,605.938283981395,572.753162561435
491.379556675203,707.551604608546,573.747051517649,694.741926009953,624.89277314937,611.271319741459,548.354806719478,644.081300880269,617.457739860271,600.9919572229,567.955927297098,580.172836423079,582.271577473027,606.055757019154,572.604609359923
490.498338753897,707.582681842698,573.434185607629,694.613177158832,624.399255520178,611.065517452958,548.353950470189,643.167976690807,617.310183652962,600.661777105672,567.361123513043,580.129086161583,581.99313378737,606.21490703318,572.458780025661
489.76041866289,707.457567888115,573.127175955806,694.531901331056,623.879443821109,610.886068019555,548.322069348107,642.187614974424,617.165734968891,600.468513437734,566.769539796848,580.074242559121,581.724509047753,606.384038780993,572.31415177177
489.110308137634,707.322257779839,572.830403967012,694.44924450718,623.341982847277,610.709206188933,548.343778587297,641.016686750973,616.990363655088,600.308273139669,566.163573137441,580.03646481452,581.453882833042,606.490579803307,572.161371386637
488.659834612615,707.16159247394,572.414603371392,694.34284449331,622.79716605839,610.540451095282,548.406083876386,639.941845161394,616.767890588439,600.179322341604,565.677912987396,579.988994037097,581.172437732657,606.575967428055,572.01350372999
488.431990654144,706.953249238058,572.012892568816,694.239557454628,622.384864147903,610.404204948283,548.455188652515,639.045635447322,616.558275853563,600.105406053397,565.238140110208,579.899303521864,580.904855311995,606.651041339636,571.824026486914
488.16626347278,706.715313080025,571.721162585241,694.147267149114,622.264226704915,610.245246544156,548.463622328458,638.393785484491,616.310388443751,599.989515994091,564.802052067253,579.781289815033,580.635103759357,606.721792208342,571.624708656375
487.825172166916,706.453641861435,571.528513436007,694.063540153461,622.13803638535,610.035704404989,548.413029436207,637.745440111266,616.068630175244,599.850778457055,564.295967269998,579.682303168871,580.379117982634,606.831659954468,571.37901730357
487.515007629827,706.388446269929,571.443035261829,693.979448830457,621.885649566142,609.8192271946,548.381508444928,637.162634605522,615.841549851896,599.724836656246,563.862660646925,579.584119524141,580.164762814114,606.968220917241,571.137000513591
487.111791526956,706.295881194514,571.37357053663,693.831482248421,621.629060337727,609.598696365656,548.208803653093,636.5719454287,615.627853057949,599.571824303493,563.525390088522,579.474188404537,579.962000082044,607.06428416142,570.969426552672
486.579633391475,706.193842356011,571.349643140189,693.705932100441,621.422295965064,609.29862324548,547.921905336093,635.97999972224,615.422865420451,599.413493253912,563.352770025037,579.356174479563,579.771650913637,607.186061112645,570.834162514846
486.243223660392,706.096894610358,571.077994815958,693.559763960269,621.223926341514,608.896883193245,547.573709372933,635.196214112624,615.284602324914,599.298863162409,563.143438867707,579.230559312208,579.589399530994,607.29557909022,570.71448871935
485.972200445458,706.010586312152,570.747862016289,693.39073086187,621.034416297107,608.458862652125,547.211239237063,634.492518030457,615.153479240978,599.245352222601,562.94575044703,579.100359971,579.414912446897,607.451146123011,570.568982776696
485.629088379798,705.945112353701,570.356979393714,693.322343030625,620.78323701405,607.973973647475,546.864352824009,633.885469000296,615.021373942525,599.222645951228,562.786315072795,578.969176161315,579.247565189091,607.628826295484,570.434251166209
485.472525896437,705.899573728133,569.958187333488,693.269698529877,620.521237362064,607.505342791535,546.541032507928,633.321336044839,614.894568527122,599.156460609634,562.663838672401,578.827790972663,579.085418873068,607.800523820162,570.30785241219
485.266019478306,705.868374574723,569.545294358491,693.25774641764,620.259314998986,607.046076941184,546.31115051278,632.745776319797,614.766098963921,599.023423017954,562.643983316704,578.69689998811,578.922135937293,607.940315442546,570.232661981211
485.06944715922,705.8787195526,568.996360441808,693.301764459208,619.986677981756,606.612644993379,546.141823955451,632.196768502878,614.615035554086,598.910825622516,562.62996679172,578.566687672219,578.759740919038,608.003258174932,570.169199206653
484.822092944538,705.900646122901,568.363495932306,693.385833266458,619.723795725126,606.20965213529,545.885638499637,631.913063436594,614.482424418533,598.810248359193,562.614795265162,578.456279686615,578.570313599819,608.05584228309,570.111226491412
484.510427816191,705.910874112111,567.733859335902,693.399260919072,620.248160254088,605.845761117815,545.596645303448,631.848684041358,614.351603431231,598.654875366703,562.602857935055,578.355079606732,578.370238564426,608.069156819736,569.985380864856
484.233372174976,705.929796778699,567.144567347668,693.356108496846,620.756936584602,605.495136984767,545.303396363808,631.859761151238,614.249601245483,598.388315157853,562.632140333174,578.264244978493,578.160052751978,608.06100069827,569.84781771024
483.929899536322,706.141108563188,566.619015911112,693.296134959519,621.257882898523,605.181463264939,544.994602878337,631.583061417626,614.161183728401,598.095055505824,562.641263837702,578.205482424142,577.940415597514,608.046180248995,569.749407529814
483.628877178324,706.393001503722,566.096284877175,693.233858868751,621.717342786949,604.914009635733,544.685227770202,631.266624379042,614.068481335413,597.777966068327,563.045155465267,578.176137236043,577.72899540464,608.04297938883,569.621267971058
483.082035249877,706.646558079928,565.616160030111,693.136611704801,622.116239529712,604.715323523067,544.35507409191,631.04013403667,613.97092686016,597.451999710009,563.470282184848,578.154165095559,577.522750271839,608.027295809227,569.483394962629
482.570321119323,706.903073590455,565.236683387998,693.051706676978,622.46858615541,604.545462471997,543.97414389221,630.773737483917,613.903645664851,597.116061096521,563.813808901194,578.15432254753,577.313323780079,608.024185755042,569.334689371121
481.904133725633,707.151334248498,564.834987499787,692.975315507021,622.390005604344,604.411088726088,543.581429185562,630.504548037037,613.860395160804,596.827370965056,564.090580103517,578.161633526194,577.091362222598,608.038760003698,569.155270902299
481.201383176552,707.402463011163,564.515588853513,692.915103143352,621.991466804471,604.286175804189,543.175784810375,630.240149781197,613.809075097245,596.589336855506,564.146852738497,578.179328128669,576.874208631146,608.512557794745,568.999579746248
480.385903331676,707.649112180967,564.356769422399,692.843901799719,621.498494428428,604.201601727749,542.75036721817,629.913907234668,613.765814938593,596.364343186832,564.087014182993,578.206273431016,576.661188607313,608.587395013895,568.849213833194
479.621115122393,707.868787879774,564.274658662973,692.757159513896,620.990704924244,604.12784396734,542.223512084382,629.608018462869,613.71868604415,596.104108071986,563.975185245195,578.244082979441,576.461947829742,608.643368887896,568.708206649293
479.105193346093,708.061526313701,564.23979564344,692.678493447322,620.613611054882,604.09138403754,541.888445710117,629.418610955449,613.611637800611,595.873837710066,563.88203795836,578.282758763008,576.262773127772,608.627405661646,568.564229179395
478.749389143163,708.228041590828,564.240449196099,692.565397325257,620.360630740587,604.034552597501,541.564186170178,629.584293307008,613.49215928693,595.717980623136,563.806844042958,578.301255415889,576.062681429114,608.621761585023,568.416612970033
478.552663356773,708.375504067265,564.232959554422,692.514916546256,620.10918487102,603.953914743742,541.177316942721,629.854075040337,613.253973912779,595.582329114501,563.709901241014,578.321315974575,575.82316367874,608.688583192526,568.270997376144
478.470531563874,708.472700046539,564.170451747624,692.435105913994,619.908332315252,603.842799435159,540.657694431274,630.220736817961,613.001707967241,595.342706799456,563.593844398107,578.303202194005,575.573435912211,608.780041757082,568.126872379674
478.478107320237,708.441738534658,564.051266232296,692.392386537338,619.836655929957,603.727143932286,540.171525785657,630.248049967233,612.776831726836,595.121344294095,563.442767672872,578.282467792274,575.327569923514,608.861703705078,567.936989845662
478.631355602053,708.410007305423,563.689636352483,692.350770365747,619.798609043827,603.595479872646,539.678345317528,630.116609954426,612.544409723888,594.913534594932,563.291194802422,578.250418520567,575.084618244312,608.947526247439,567.739550209392
479.005041079292,708.398949448363,563.180130389832,692.28818998038,619.766483182042,603.490084404117,539.202513349553,629.898983084195,612.305254254841,594.751612024061,563.063109157282,578.226691814578,574.857319724147,609.052527114994,567.540969861721
479.040859322574,708.411587256833,562.541510675142,692.259737698876,619.724901228158,603.387591710174,538.762513864166,629.58898671731,612.049210949855,594.582214519976,562.852345540336,578.201657452566,574.619056043176,609.152623077885,567.355629727084
479.027345337741,708.437776350002,561.824147418501,692.301353006467,619.616077756737,603.301850921587,538.347543014144,629.290736560786,611.789150951667,594.41456264931,562.634392985106,578.220907873651,574.385808364001,609.244274473187,567.159827742419
479.108500042094,708.452622798605,561.050844144725,692.362001508603,626.028425685628,603.225244232847,537.938514525615,629.050719378119,611.508145600529,594.250455269386,562.353005472154,578.244671252113,574.166391106683,609.345194234817,567.006436747129
479.271680027818,708.489048203976,560.221781318526,692.421454261204,625.813421666051,603.17732534795,537.54139582142,628.834756731028,611.219096875512,594.119551220441,561.734284418623,578.26685586722,573.941461982492,609.41017215566,566.841539475617
479.527545135878,708.520448518731,559.41229556818,692.424786359649,625.51572579405,603.177743097394,537.107907463902,628.573803430006,610.936156826743,593.969800491184,561.097605508116,578.292774025292,573.721583153129,609.445116171117,566.681612746682
479.902168799971,708.547085310249,558.629873463658,692.422044393123,625.312702268008,603.184488461854,536.695668764375,628.453120379234,610.633236012162,593.807653640132,560.434843149985,578.319696478905,573.496228336996,609.477066447314,566.557940041632
480.574670777952,708.54999204452,557.826277784408,692.374848262484,625.079157663766,603.203007693359,536.419225393994,628.494005320483,610.300153473596,593.559024485266,559.775099613276,578.29698011748,573.268274005661,609.509699271404,566.434450007297
481.418112773182,708.571284821408,556.97344806707,692.221641605571,624.971839703427,603.232082459109,536.16549332109,628.814554552915,609.953746738592,593.346762076101,559.531757562936,578.289831529364,573.034221126228,609.550785626194,566.289110278704
482.249272428207,708.58366503875,556.049071934535,692.307306640989,624.814615982842,603.275986735311,535.9762758758,629.128983828898,609.490544600558,593.125305695158,559.307991841869,578.25984235766,572.782995983188,609.602213950304,566.141293067173
482.995840528851,708.539333148291,555.084827300674,692.122703476573,624.614404500907,603.338129694909,535.820582529606,629.424051640097,609.047223622779,592.890051561746,559.068297067547,578.222982397138,572.549453337276,609.619637594068,565.971905545676
483.771968257009,708.453196376743,554.107355390101,691.98415573088,624.42530810958,603.408115582616,535.202802719598,629.710718949555,608.621936766782,592.62655200644,558.850897935431,578.152354413965,572.312539858227,609.588749433627,565.714627309275
484.44990677229,708.366993671134,552.900659768689,691.822880680038,624.252824266206,603.487871009149,535.048804444911,629.632313784977,608.220005468771,592.33583836692,558.647354424187,578.062528890771,572.068613138384,609.578074924648,565.396765946231
484.525388832863,708.315349502814,551.865527144756,691.679545255892,624.009588374074,603.561906623736,534.906153007283,629.647406546344,607.853718040727,592.049219346022,558.443902928694,577.975216406084,571.82374346075,609.584588073876,565.085050181205
484.395034068914,708.286719268504,550.909503260587,691.589725087476,623.779801852409,603.634158091849,534.724137522106,629.546031459846,607.597782735334,591.724230192925,558.247916053896,577.88416868783,571.595666304867,609.573153895024,564.744395197825
484.296763946763,708.332024492322,549.96402381809,691.521453680239,623.587162643437,603.648879127261,534.663618892647,629.305975745174,607.355811919016,591.399340514246,558.046864763984,577.790963021532,571.356395760403,609.579900520269,564.431016976026
484.231096112142,708.385062838181,549.016020577507,691.479615781058,623.303791356404,603.613382688352,534.582609320177,629.15455097452,607.157261173703,591.061840572682,557.847977786657,577.694651153287,571.115912694582,609.58411491036,564.132198677925
484.164947865275,708.441886907871,548.112695417194,691.284104585035,623.077480063335,603.554047419204,534.547680259368,628.877665696354,606.987267035397,590.74608171606,557.681455465099,577.603357245057,570.879241204483,609.554738521885,563.822811929184
483.969412082196,708.50691357078,547.248826403094,691.016771058439,622.821309565368,603.468557752946,534.465079578106,628.609573694631,606.861919099175,590.441472334732,557.513443348291,577.512193757723,570.649193318362,609.530064554642,563.570313892956
483.795848295209,708.561205244933,546.408056069326,690.835034788886,622.609049123874,603.378495793453,534.212741075763,628.46833477282,606.708867747126,590.058248490739,557.407366003637,577.425197923001,570.416622329561,609.475798507511,563.307562278079
483.878560654837,708.610896216302,545.64621727733,690.713220440039,622.535185003003,603.272090443979,533.925390134785,628.597055047499,606.534964403466,589.694117974507,557.421715924929,577.343106119113,570.190215256179,609.460887335208,563.039606814875
483.986452992448,708.662561592873,544.872383735721,690.706438618356,622.531379395807,603.15486670002,533.627799875947,628.869601574328,606.359589018238,589.310420787367,557.809719039503,577.244508561943,569.972590415696,609.432177493159,562.785918264519
484.138292125693,708.702985505079,544.073556324839,690.693425859397,622.511280392514,603.029466450171,533.273972014312,629.193649673177,606.126879262501,588.93237761448,558.216739742684,577.128144541151,569.760112886448,609.360428524999,562.521178961928
484.331546437273,708.690081895947,543.262263795883,690.687550954726,622.453659475397,602.949011128993,534.512668534863,629.563369417441,605.899142018214,588.564727444167,558.538166094142,577.019911567616,569.556094991565,609.224486635573,562.248872819619
484.793348159881,708.640636154741,542.45260014026,690.681384252017,622.293077087256,602.882862116114,534.165923628299,629.948971083378,605.668584236457,588.287812043508,558.85543575256,576.912507515511,569.357325140595,609.083028183028,561.969098073386
485.245798329839,708.590555030414,541.621239401264,690.64734503007,622.143200479756,602.797525958515,533.779153534392,630.59394967253,605.42732208937,588.033978728884,559.164098522925,576.802347881316,569.165351727761,608.941784004118,561.627349949688
485.597687436888,708.542868162565,540.985883108898,690.615890531664,622.17672533419,602.709152531641,533.379792577852,631.27172648966,605.241369751065,587.708800164275,559.446035863337,576.672446374757,568.990074551165,608.801220004728,561.315621668872
486.000998116114,708.496953445708,540.625608001229,690.471314179278,622.346269914972,602.589078495019,532.912300083434,631.712977374968,605.079809522259,587.403381593887,559.732933677326,576.539246282321,568.833630577568,608.671257575332,561.013162332232
486.443236824822,708.508751304819,540.275473087926,690.327551696288,622.542006830954,602.445738073966,532.364245384475,632.133481111571,604.845801975331,587.101332347644,560.003655765615,576.414117727328,568.676640592781,608.539279610912,560.737698975824
486.913915471561,708.51838919644,539.92677027103,690.204904895793,622.729746655339,602.275223566909,531.751878846806,632.37629431894,604.619158394909,586.763383867695,559.876952057949,576.281345322248,568.51983088365,608.410539633904,560.493085606038
487.147038417328,708.533619381404,539.430640458569,690.081046605917,622.888395134131,602.139230594703,531.127554064462,632.415402905192,604.398326017241,586.426443522562,559.690455027579,576.156759551342,568.359797450566,608.322688526104,560.273416356424
487.223893873369,708.49307386111,538.804521002568,689.978860781253,623.047335255632,601.998605311651,530.521253455044,632.503916311953,604.180355790388,586.107077456993,559.513602028512,576.052299018092,568.201563230936,608.241102631015,560.076430869213
487.40024938611,708.487705893806,538.161980125974,689.963391041196,623.214620235788,601.867052876932,529.923823692606,632.649303947005,603.960901183007,585.765103595002,559.352444818016,575.974542082975,568.043895247214,608.111424962903,559.924697150111
487.330141121666,708.497165805816,537.425441112305,689.945931029682,623.310714381683,601.757707204494,529.381389562786,632.864797262873,603.736976536189,585.467335402388,559.197052574105,575.924068291414,567.879901336915,608.00166188735,559.773710486278
487.263719189078,708.518576561806,536.607235280311,690.37613687247,623.144222471103,601.665730503444,528.874841241488,633.013078595548,603.483388862528,585.212630933992,559.010523153032,575.875828709288,567.714133965319,607.836428317589,559.588231074699
487.266390835541,708.52500338643,535.713102827241,690.27485036311,622.897283807061,601.621177922722,528.332341931565,633.164645948331,603.171830792849,584.9559691469,558.828735217462,575.830911578237,567.553801341134,607.625687861024,559.363774703375
487.319154701824,708.588312606995,534.771309520199,690.177358186595,622.629848360944,601.572723891547,527.763708807674,633.338786971327,602.832920325268,584.65432826014,558.664684104181,575.828940407287,567.389671359413,608.011559225525,559.135707218897
487.381649870554,708.673113927021,533.761376216956,690.054218989337,622.305185706124,601.541202184104,527.183414513974,633.606154496265,602.493506562592,584.357773783422,558.495916381792,575.826697881977,567.222084383546,607.824428474237,558.920502391074
487.452555041841,708.768782147229,532.694387691006,689.975871435036,621.944882169407,601.510132593928,526.595729580687,634.143042707845,602.150487829548,584.076468928903,558.327528371297,575.828496224475,567.051431236999,607.624104714126,558.719609883334
487.50264875909,708.863964554707,531.613044103173,689.871325813871,621.58426287129,601.488488686339,526.098290411834,634.647780583838,601.801226993989,583.821237034206,558.183546992426,575.835412886253,566.898220605821,607.437378410903,558.542537376547
487.516289220388,708.975595364645,530.536382697011,689.71598430775,621.200992760748,601.481791998412,525.700837324186,635.146303908594,601.427803502751,583.600252247876,558.045570055984,575.846461591873,566.725862977239,607.27119289073,558.348139864698
487.37342948347,709.074957027456,529.510859896146,689.551539488997,620.80930308301,601.465406425124,525.348855650745,635.508271667699,601.0327431956,583.411660749014,557.897206287161,575.863071512114,566.552460795584,607.175305602282,558.163320461388
487.068565336651,709.169769663436,528.488070177079,689.396442720844,620.429629038412,601.464007605003,525.011532033608,635.70971673632,611.236403422211,583.295711790536,557.774364538995,575.864922233745,566.366915452058,607.062722713971,557.971621235237
486.691252421096,709.239656803902,527.542985722465,689.28676919555,620.102336314181,601.414049133921,524.668729575436,635.700449262961,610.875032645954,583.211932769708,557.621908535591,575.844729042237,566.169511229122,606.981464093142,557.772464846671
486.232940957509,709.32818468317,526.784445576633,689.226582709442,619.906155191421,601.394099136372,524.312657286098,635.467962454879,610.50224915796,583.144845518103,557.414483295347,575.822024412212,565.963052171449,606.891428611554,557.593666256232
485.660895126317,709.376727352352,526.02775551143,689.164664190475,619.71515211261,601.400484679376,523.992883328582,635.186156579425,610.102530107701,583.086249281542,557.196333950156,575.842894027172,565.762563541526,606.805495949263,557.428152915058
484.62144888719,709.414884865875,524.916035028634,689.065820205881,619.533655467817,601.451362381759,523.684857369198,634.857606961499,609.679164874774,583.038689831782,556.974654809037,575.868980779075,565.588059653045,606.698625418467,557.199905248705
483.430791874139,709.435139682724,523.83741009197,688.96027320948,619.375468331979,601.508044296248,523.362961582258,634.422278313414,609.22510503738,583.03177499575,556.73999890081,575.898158076666,565.436901331321,606.581705606609,556.942840070997
482.127547580042,709.438422072953,522.767688645769,688.896229460721,619.212048496102,601.556674479775,522.909851447825,634.0112952633,608.75187635755,582.929637029566,556.519388551518,575.93584410246,565.289813191653,606.396424314778,556.671073527989
480.743156003044,709.425044313564,521.736015405534,688.851439656584,619.088367619186,601.575647480482,522.408775428622,633.71756854762,608.251656998394,582.714579024473,556.309513825377,575.954350632392,565.165101654764,606.23000987697,556.377977910353
479.362896693307,709.416209249186,520.728757199627,688.807371699328,618.945829714068,601.556768848558,521.891074095071,633.469977487145,607.793786477311,582.450312941338,556.064577279206,575.966212555873,565.043419357996,606.080008009341,556.070034889414
477.882341519165,709.404792066127,519.775739407008,688.760533710218,618.816562502618,601.52723602336,521.373682680461,633.286514803551,607.336920329209,582.147537216365,555.861200844049,575.982842046868,564.923141950748,605.945919299175,555.756771468811
476.374008515341,709.384622440742,518.860043465871,688.714342576068,618.66394332546,601.484696440016,520.873220193192,633.250781806633,606.880391593897,581.876039849372,555.669212082594,575.999498773941,564.819329177645,605.812161335037,555.442156748101
474.890817098459,709.377463094225,518.004933838087,688.626024496888,618.508003800522,601.431993874644,520.417438741832,633.224707362871,606.45600084637,581.595969438431,555.456725654353,575.978852220709,564.724677873946,605.711111725937,555.133237786341
473.374542936955,709.362732934612,517.337854465094,688.439908547866,618.335211608334,601.344452191874,519.908291499897,633.071263201314,606.060524848384,581.304568678412,555.250723757915,575.95694803696,564.62733253187,605.69633966581,554.836932908496
472.374956670215,709.345755111099,516.767822259048,688.240229560746,618.059927278227,601.22699103243,519.409921161728,632.928151258805,605.666827954396,581.07921282318,555.055444486485,575.932968329835,564.519997610521,605.765574613129,554.568162828014
471.87512455511,709.343508309314,516.226183560461,688.059775614527,617.853746157923,601.069814885715,518.826179970092,632.773284438619,605.296640251367,580.871403061408,554.850400281362,575.897046108867,564.389315457261,605.836124219296,554.330616508641
471.365269854725,709.338843449015,515.822603989626,687.923739871303,617.772469843214,600.908051165967,518.19643353826,632.65844147238,604.960859548666,580.689060597678,554.692227198105,575.847628574283,564.242349592662,605.9006122319,554.113853547529
470.865922091645,709.3305965515,515.249433898732,687.908862015976,617.58625088778,600.720894033464,522.7263965832,632.474281899263,604.647363091355,580.53234357153,554.559042243589,575.788479781483,564.102787956513,605.926495406743,553.929054464169
470.316132180161,709.321949187771,514.698605483301,687.901970867929,617.334672191777,600.536300967338,522.573387908816,632.221568401421,604.349384127314,580.408558430872,554.434874003152,575.736832668959,563.967190009039,605.926688747213,553.745748267349
469.757620761329,709.31139789879,514.299633817661,687.853143384309,617.218771834725,600.342311309809,522.351635358779,632.051926029744,604.066468032027,580.365715765061,554.316725670337,575.698859297165,563.828706525195,605.90727905247,553.580881796761
469.187493086429,709.244887359245,513.895915558706,687.845461191355,617.130183482296,600.111321725423,522.045398505554,631.920961236168,603.777955044967,580.264326791268,554.188270502229,575.655761392715,563.712874332389,605.899932284583,553.459508590162
468.656758507237,709.176350104445,513.492870535912,687.826622560134,617.059108261261,599.891177161883,521.72560322126,632.012609687066,603.531235773141,580.241244777245,554.005636261576,575.62873202328,563.60081355891,605.98891017804,553.384190864418
468.129358338499,709.108745504101,513.08454087399,687.81338355525,616.982114660105,599.707159896707,521.392076650847,632.141773424227,603.307341882861,580.119659045893,553.767336958323,575.605927395388,563.497698034487,606.078405120228,553.318666520705
467.601860949049,709.027254721315,512.651362208892,687.837915283207,616.922591470542,599.539862550636,520.958955342301,632.29558935964,603.061308450954,579.989885927861,553.517811533791,575.587796309378,563.398413849146,606.191574511114,553.281961546655
467.107590355938,708.951025196309,512.154092253449,687.889582199627,616.689117790989,599.400359110814,520.445447337207,632.090342379788,602.8179320421,579.87079038112,553.238501782961,575.563417283961,563.315232209422,606.317279542275,553.243784343554
466.555795818126,708.895205742492,511.552228756887,687.971241422991,616.398316251075,599.24440792911,519.995042304392,631.694510240373,602.612616649719,579.738215080857,552.954602379674,575.542962717761,563.242292582783,606.437916739115,553.215502307057
465.968148418821,708.758147131005,511.004147640114,688.028387193455,616.159538039411,599.045769225645,519.596609782865,631.172305634097,602.405599617713,579.587806246785,552.772412754945,575.520392226116,563.147377598164,606.601396337512,553.168253430814
466.037602834383,708.631660866759,510.428330536776,688.111346834691,615.880189345015,598.839394993266,519.15203518901,630.608024377735,602.190214245644,579.421846115307,552.569718398066,575.504435682769,563.039525425238,606.749813535331,553.097574460802
466.176412184379,708.527048256936,509.859535193859,688.238600710034,615.735889794351,598.621353688762,518.78109854643,630.075167881971,601.980305328481,579.241180683084,552.353719307727,575.47840792866,562.941110486256,606.865045293069,552.995179105363
466.316879956992,708.420088978637,509.101985242856,688.402772669249,615.571037183897,598.474607650895,518.435787297403,629.477188587494,601.753529901619,579.062861868639,552.090016062444,575.43359622995,562.830690189863,606.977063171127,552.894154815253
466.417581758038,708.312790346747,508.209055311376,688.596068928992,615.441186538217,598.283305671023,518.120560539042,628.826891658573,601.510636069376,578.861189742426,551.830854209791,575.390635971446,562.702267409763,607.099975381925,552.808044686298
466.449922801965,708.200635980237,507.308879599201,688.767069200937,615.468266787692,598.076064005959,517.779878968978,628.231586784937,601.250334404927,578.640239620852,551.568473072078,575.319789524893,562.546642658612,607.177040697605,552.734222742317
466.540378187458,708.097485342551,506.393635562821,688.827990598011,615.365565611982,597.923196826533,517.426674532609,627.610754786071,600.953484386467,578.418608171611,551.314033121076,575.23356806724,562.379298484672,607.23513678359,552.655868371206
466.373614862474,707.988569490054,505.477443423558,688.896210643677,615.246907073639,597.774578069905,517.051304177202,626.938510653286,600.630729719702,578.215038143215,551.061314558788,575.152461868065,562.192515696465,607.279490639593,552.599787826634
466.12084564468,707.866959209784,504.564127130287,688.901963215881,615.136907490989,597.631254037181,516.696068247697,626.225074917041,600.306355365992,578.044242314917,550.809905197147,575.070937427248,561.997244116459,607.342269570147,552.564286528728
465.809803248138,707.738401635918,503.632118153005,688.913541884989,615.05128845661,597.495106309031,516.376388286811,625.404466518479,599.957888724397,577.770546251925,550.542308602689,574.973330880458,561.79629132768,607.451586883005,552.544026764313
465.467163202545,707.61214139819,502.892977453339,688.929248146608,614.98359441083,597.400814763134,516.069037430841,624.267266401896,599.588614768444,577.576625755814,550.217703359976,574.880784203764,561.577985546394,607.574355176105,552.535083932191
465.218275407016,707.446637803919,502.201439683626,688.965048441739,614.864277978218,597.319633105194,515.800869173302,622.904626993564,599.225351417454,577.412575367262,549.891622445352,574.785771829061,561.348958813369,607.694216272206,552.537079451851
465.015509473165,707.259438070656,501.533890435931,689.011813533318,614.724670990015,597.234131497695,515.564302561323,621.587811369429,598.886892339421,577.220020018986,549.560696023456,574.692078635272,561.118522069504,607.790805687771,552.551227955613
464.875048270068,707.064533137417,500.852490933692,689.077024928152,614.316502125798,597.12783440656,515.291351487226,620.323290606874,598.544373595651,576.966323938651,549.391881868924,574.593896325951,560.858215411211,607.856931883416,552.578650480257
464.763717937308,706.828313430792,500.396026582182,689.0909485721,614.014805073004,597.004610968854,515.074585580934,619.009780149379,598.176712399784,576.698095418908,549.246598557904,574.507720976935,560.590610536222,607.915772532347,552.533264385028
464.692476962614,706.551794510978,499.994922229208,689.075602669133,613.582659590461,596.926127997746,514.877678987951,617.890722549986,597.780654640588,576.442112784949,548.897514104025,574.42877971786,560.325761038836,607.949431594288,552.480909665929
464.756183325438,706.291570053475,499.644122908131,689.069174418942,613.124906539494,596.848965117826,514.694070717165,617.003273802294,597.374684309802,576.156500439535,548.482113886351,574.343199365146,560.065286430011,608.022254301348,552.403608476928
464.817518431135,706.042529855256,499.334930553063,689.107840114715,612.706550769875,596.757739319097,514.489594028377,616.479367471513,596.955762005619,575.823103171094,548.048490766692,574.287029571082,559.797776448889,608.106521778677,552.279750753747
465.035844603888,705.798140537458,499.024944071941,689.050014523776,612.322378966873,596.683479668853,514.189930707725,615.965606982895,596.530488820461,575.486640852615,547.627376250039,574.228693074551,559.531274012269,608.150423774598,552.111419131075
465.245173951319,705.544167880027,498.617655704009,688.913853446271,611.906033643545,596.666458255808,513.882698853663,615.541872315196,596.094224159855,575.153001230112,547.204441079401,574.222313344025,559.256343716789,608.13654261321,551.91325798935
465.389035622968,705.303531073986,498.299680367953,687.681032877079,611.077572834273,596.562893271101,513.560123751074,615.208763506915,595.660821333527,574.82764266572,546.854504285732,574.213329462483,558.976851612009,608.111462824111,551.706174306176
465.467085952403,705.073694796868,498.101818775422,687.452455679455,609.91411954594,596.456322317402,513.242322482887,614.952751175031,595.234189618513,574.514565863601,546.485459147629,574.211909656389,558.713175308151,608.139374042505,551.497394351958
465.532162293853,704.858514119736,497.949325975838,687.161806558895,608.526395483924,596.354788560583,512.92543373018,614.676668974626,594.70558569243,574.251931190375,546.13079656507,574.217779133519,558.446987287895,608.200879552768,551.326275235593
465.586212545528,704.651390151237,498.042523302113,686.820441177805,607.230277938732,596.282186215784,512.605866913423,614.469839121339,594.156433216271,574.127959256557,545.76805186801,574.204192986897,558.173941715247,608.211530412561,551.110429926651
465.66961418032,704.473600420586,498.149335068277,686.760502627083,606.13824906807,596.243808251528,512.316153259378,614.299480321738,593.580388658148,574.018192032629,545.433578466671,574.197887264607,557.908592370574,608.132284971733,550.878620093662
465.564396891091,704.360811794854,498.176084134436,686.724447332215,605.686334836359,596.22199622277,511.999447929512,614.09489206273,593.022150839635,573.926189773662,545.094865632064,574.196303364605,557.627462466861,608.0652705532,550.634865927067
465.299214605247,704.259654126706,498.513346048918,686.702985637247,605.16282767485,596.18531859536,511.67675817351,614.005834023578,592.428612931853,573.835359943379,544.834375434898,574.216947103254,557.331061737139,608.010617076931,550.383767030473
464.944783245853,704.119653483113,499.021585798501,686.67482749653,604.642406448393,596.189699590009,511.369465377857,613.836390443976,591.834756865841,573.739616637282,544.618338344208,574.237527340257,557.021635921093,607.94484833088,550.12669927466
464.50215221025,703.993039313027,499.39981304249,686.644705087184,604.094837587379,596.174725866096,511.036008670296,613.777870877859,591.278838805702,573.723843609808,544.427758844522,574.261184814614,556.713245571708,607.897473713192,549.86940813674
464.006532078827,703.855146215898,499.500776552554,686.626106260281,603.579614928588,596.112675461377,510.717179250138,613.901945228145,601.421254044039,573.733732294142,544.308092504972,574.282384218232,556.408797262772,607.862871648229,549.584150294388
463.521470217382,703.727709297666,499.526901875933,686.611832469276,603.072901825247,596.095013129408,510.414684834189,614.153986126025,601.021553315188,573.766894796248,544.143858957713,574.338469591402,556.10013949049,607.797852728345,549.260037395639
463.125679723348,703.608998166724,499.415827063723,686.554632768621,602.583069690914,596.088932775391,510.12471078505,614.52645685203,600.642864504444,573.798611485482,544.022341297644,574.410895397548,555.812789993853,607.745465413746,548.937376281688
462.806556449835,703.497970321816,499.332064888902,686.50725214915,602.022833959204,596.112974918815,509.842001696033,614.953755065196,600.29492739867,573.833020733624,543.932800247695,574.435911056317,555.546197303319,607.690069320974,548.646950080927
462.50228961285,703.416368500534,499.236208314056,686.372306618832,604.805421057557,596.107690597993,509.576690982912,615.220712945888,599.930372760408,573.868093661328,543.78991481737,574.428562243644,555.281026091911,607.656076307137,548.400263767486
462.161206241678,703.333812994568,499.049050393106,686.180383847569,604.194873566109,596.080393020543,509.302693055254,615.555048060105,599.543089126247,573.925433796475,544.097588525707,574.434971759532,555.008314712698,607.653790667193,548.20222128955
461.810729539592,703.25944447498,498.975520550559,685.973553539844,603.599895644244,595.998578887924,509.017257369783,615.97933524434,599.110141288432,574.027196431585,543.912852801516,574.438415151625,554.718725912864,607.651472894123,547.992628030582
461.341442380693,703.188925409713,498.880865201246,685.78586572827,602.985714202052,595.976708946739,508.760315700943,616.411877448628,598.697990377808,574.163469075221,543.742533769604,574.438599620713,554.421313760592,607.56849757034,547.757248701203
460.814043337981,703.088792474212,498.705651556739,685.656353118127,603.017420754018,595.954692212359,508.475986276884,616.698074252518,598.287301759125,574.311240061936,543.605718926539,574.407336244439,554.112772889444,607.497430310275,547.522730154134
460.178552358959,703.030792261015,498.43272012737,685.521592276057,602.449387012942,595.925308823824,508.14209518885,617.111334331902,597.850038687612,574.448733054198,543.455111135498,574.368103529932,553.794973738994,607.404415255932,547.363499482923
459.447397992298,702.96576714904,498.263955664064,685.376563403606,601.693953667378,595.909941477202,507.851781379534,617.601099120509,597.460294420103,574.623587963276,543.257541904636,574.345195397148,553.481602278652,607.276118968005,547.199872622109
458.705021764513,702.885824022139,498.080013712804,685.240154302414,610.626602540712,595.866712892386,507.279423639132,618.01774727682,597.051538605264,574.79965306822,543.077204397478,574.315225582226,553.149879532109,607.120140185138,547.001305094508
457.866387810172,702.700600368778,497.81318616854,685.113443528282,610.393630030976,595.84844978346,506.62909971235,618.299395610011,596.647340723371,575.202082496369,542.876462814599,574.264959927257,552.782620119718,606.940364021901,546.848087323783
457.024061031409,702.507041655659,497.456659363366,684.990376761916,610.12633007221,595.859398956499,505.959900951757,618.615957858464,596.271956641193,575.425475344113,542.637855576508,574.20413098242,552.405481687739,606.793044181633,546.637138899136
456.256889627539,702.317063266359,497.057546845135,684.895082299365,609.834547623415,595.898792981654,505.423499732029,619.010174236057,595.915508061568,575.638274072492,542.343504640096,574.132465283735,552.028870879673,606.603548723856,546.429243264083
455.506346235869,702.132906877022,496.634518146478,684.814592939869,609.55063798007,595.970927549301,504.919164463043,619.324548266956,595.733198839495,575.821422047366,542.082500933535,574.057626366952,551.652144074702,606.419086055481,546.23029383395
454.865133261725,701.982145749602,496.304870711984,683.689029038879,609.273780196119,596.052422417511,504.453863783929,619.604893842473,595.591951917987,576.026890722552,541.785805656333,573.980801741978,551.262007481728,606.246442551771,546.042561766288
454.213355123643,701.867460391701,496.042287592296,683.543861078629,609.00126683397,596.121939384694,511.582124983523,619.80086310257,595.437090964636,576.166664972589,541.473603158146,573.901758491127,550.868361588215,606.070554478412,545.895224954796
453.601123835712,701.76730031529,495.753122631126,683.385078797479,608.774849634708,596.168510854211,511.193793369149,619.972890854992,595.229753198435,576.277837116084,541.121153874246,573.842038008721,550.465032244637,605.881534521227,545.780219666266
453.053215118238,701.694860774533,495.267748749981,683.152658352497,608.74952699964,596.220048081849,510.893889285837,620.133309128075,595.029542809723,576.383474032741,540.601791924382,573.808034328227,550.048489616977,605.674353972805,545.66888231169
452.615335988811,701.641417600664,494.898808222922,682.93191697147,608.724638567873,596.330373880227,510.698721062827,620.24038342062,594.83381422012,576.439999710043,540.263554353229,573.799504157009,549.610229626089,605.464914143922,545.569133301155
452.239647441112,701.593265063653,494.637901340599,682.679983556047,608.663343658632,596.40712467188,514.714113311444,620.206945754694,594.635999610974,576.481805084156,539.921900101098,573.830823084811,549.146465271431,605.279541536421,545.536323306949
451.932577596757,701.550470386432,494.489398925272,682.420063769181,608.591209791926,596.425806363598,514.678306839174,620.259211837496,594.427727324366,576.506154856844,539.553444345754,573.887796053669,548.665498960986,605.074937873909,545.497751325232
451.755173135381,701.514105776745,494.584602126062,682.129123071922,608.511332152472,596.405136260873,514.626123040267,620.387351401467,594.221173301869,576.548694173591,539.201835549893,573.92939281039,548.165543736709,604.902367764895,545.471715315111
451.681561963805,701.465443982345,494.695665314586,681.843244637957,608.389918943002,596.356404847572,514.59399278511,620.417882226856,593.943093921795,576.614772743613,538.859858767305,573.977011734579,547.638134831255,604.773398210139,545.438525568413
451.631413485339,701.333973933494,494.769804190673,681.575542259492,608.290937776148,596.252333183738,514.561029720669,620.626197091449,593.61737998783,576.719181729158,538.493860807522,574.007844371518,547.068407179319,604.703020704995,545.36901872663
451.476528397333,701.173592830597,494.806914921981,681.280068299646,608.038430296671,596.159856343795,514.407582884504,620.478253879611,593.254853623818,576.848262877508,538.153396185743,574.041333424339,546.475768111943,604.742029021598,545.300969341589
451.359556679609,701.07866155726,494.678537548013,681.064998318278,607.731539333753,596.115199892116,514.237768172025,620.523299153816,592.940169662796,576.995995670374,537.86193082999,574.008814718277,545.856256870901,604.776732731598,545.241259869394
451.222312479593,700.919374586011,494.479839339546,680.89770151738,607.361365382506,596.076218285192,514.115783100766,620.355214206648,592.675216262358,577.12732374624,537.621163857671,573.968521721757,545.225333991481,604.808423404428,545.150008320363
451.16258238772,700.771710714195,494.064725097886,680.729062921713,606.954906078317,596.05756859993,514.035066981407,620.210327684287,592.429601732246,577.239194599504,537.41822616537,573.937843104328,544.547892037273,604.853823309399,545.06125483179
451.082908887822,700.60279808927,493.624672929863,680.457147168659,606.455043189355,596.018173314352,513.950088333677,620.120148944385,592.187975217419,577.236621477839,537.273121850044,573.890929200482,543.843197825655,604.87923140256,544.984786574618
450.920329897399,700.448577592533,493.157612598275,680.140342831877,605.933094268871,595.991446235457,513.874245783419,620.024109186922,591.919017674957,577.24669990981,537.157037778365,573.882986522032,543.121383881944,604.899315248654,544.915415207785
450.814582980481,700.297760157876,492.991501445783,679.814443625084,605.345857827989,595.981819014975,513.811359930698,620.080091612393,591.625913675872,577.200706475241,537.044432814748,573.874984455695,542.379043520259,604.912001181355,544.861042374407
450.692190633823,700.147544749779,492.826219852603,679.492442849314,604.711047225277,595.978250964637,513.755286335358,620.019803598236,591.32391119333,577.064067421837,536.278611677777,573.830261396319,541.610486113933,604.939415526505,544.778771195521
450.544750016372,700.016938714022,492.585504062666,679.176314046002,604.041791030146,595.992628768713,513.710146938031,619.924593286368,590.993897774425,576.95129857064,536.116838077107,573.793830122452,540.801644329544,604.952824124305,544.641638239806
450.27648594055,699.882914463271,492.558325435928,678.857431918363,603.37007738236,596.031853932358,513.669633069969,619.702696579132,590.65201211255,576.852345223211,535.967167500275,573.746847092939,547.525288718904,604.921451170491,544.501924369738
449.998374904324,699.761954424443,492.551033466316,678.310721601293,602.712599240784,596.052800324519,513.60260438752,619.368755321359,590.267651872884,576.720240285598,535.830124821026,573.692648707412,546.903700993248,604.967401369645,544.373931351568
449.92933736347,699.64684115192,492.545459179881,677.790324034635,602.217634865086,596.106692653116,513.582487285163,619.090824748819,589.838951414024,576.527711218608,535.64914416906,573.606585756358,546.268102138212,605.004489024725,544.180682878579
449.830053028823,699.545003308067,492.639192150631,677.292033287753,601.732508954747,596.051951670782,513.548558176135,618.860404014816,589.268379484654,576.333963360424,535.462501373528,573.539600378034,545.607346889022,605.041101992408,543.978580525317
449.797189942754,699.542488127505,492.799484129414,677.088212469737,601.237381107407,596.001353923158,513.453811424456,618.822330798868,588.691862207323,576.176877289566,535.258969292997,573.453009066572,544.895336374373,605.087319137202,543.76362092046
449.902825407926,699.488944239464,492.938977659004,676.903859081801,600.723796117096,595.967216981135,513.370607725982,618.715479649237,588.090414121505,576.014593040366,535.041475952416,573.361749804078,544.162192992476,605.140088537534,543.549821145289
450.247442798851,699.428232460575,492.862466285824,676.740402850047,600.18275666918,595.955922316158,513.415199799432,618.6006059871,587.486858227672,575.820803452271,534.804504257131,573.278331621238,543.40221058434,605.23106672241,543.329572761875
450.822072925914,699.389025840169,492.687498013558,676.095085565457,599.605915919648,595.955036589673,513.465667299716,618.389928030197,586.862945255368,575.651685851937,534.528595582988,573.152611504689,542.625966085436,605.337019058448,543.148055316154
451.648206295256,699.29451334891,492.39857125513,675.472986839103,598.904934130123,595.96185154808,513.566410607859,618.240712991678,586.232658802975,575.479273964931,534.224376143874,573.028939981193,541.83972428193,605.462938094127,542.994878716552
452.717603155792,699.207102570843,492.18955517191,674.898947363827,598.06709261503,596.001013613056,513.683198360854,617.896796616611,585.642558701822,575.302395622939,533.905663680585,572.911991337068,541.045991799692,605.588112593068,542.892966891487
453.657423864207,699.117211778124,492.072968225535,674.321284245366,597.119546959883,596.010803818507,519.286744166015,617.516597290395,581.93419523673,575.121972794689,533.607952236525,572.788953935952,540.24286802985,605.676698412449,542.774415393365
454.347133101262,699.034385853705,491.99261676987,673.778932858899,596.164938334448,595.975440766588,519.465686274484,617.122017122028,581.376459543415,574.975318825987,533.359681137432,572.66098671095,539.42481617577,605.77300937658,542.558579239386
454.711097923285,698.994088033186,491.948217827908,673.25521047049,595.144585914881,595.915241421686,519.580074954352,616.657057711446,580.819260884809,574.866900853117,533.098941916482,572.560827674953,538.598010096351,605.864990851762,542.324497172166
454.49970205368,698.954722901247,491.902591692507,673.097397044882,593.993240000261,595.840144985923,519.678047350561,615.892816163728,580.252491988045,574.758981687181,532.82389348596,572.416028117594,537.759917235381,605.896312704493,542.073917913786
454.174224760499,698.892317096848,491.774919149789,672.976158388238,592.801534333642,595.681413849832,519.704165472411,615.291723578845,579.663461431906,574.670403252323,532.568658575048,572.193794192161,536.904975894724,605.940185365396,541.81854530844
454.139362723923,698.788944136591,491.629848681217,672.843101276156,591.581553501936,595.509152308854,519.559311284215,614.651639069177,578.975867591797,574.597787900259,532.262813243379,572.005945268756,536.035236857167,606.009410192952,541.594183472478
454.090946361425,698.700261217204,491.528736369435,672.787610951662,590.841161566775,595.287579459025,519.39922089321,613.977074561939,578.251174285061,574.503764325636,531.984103404196,571.846082971503,535.146006537273,606.05571824473,541.36440273857
453.901689312076,698.597621896261,491.421185251613,672.671981851941,590.012085920304,595.077669918847,519.240828137216,613.403342062568,577.512329061295,574.495584296707,531.724441571165,571.754497901339,534.22625298316,606.085500162679,548.566284193923
453.653450857284,698.579143180183,491.314136290533,672.563378629715,589.183852648801,594.907449057457,519.09757708703,612.822437772465,576.752913601133,574.502129556504,531.532765459212,571.670880362204,533.268826828526,606.09973028031,548.365024395698
453.337075195564,698.505114639618,491.219073982545,672.472569319591,588.347874882206,594.744977127584,518.967423751025,612.256805173935,575.859006229757,574.511133067343,531.387959158928,571.58290063576,532.273052019555,606.100574980292,548.165298594487
452.985748203486,698.4056743945,491.145030751836,672.423619138823,587.664262315941,594.631318277386,518.843790720514,611.691446714223,574.904355706088,574.468770719402,531.186850491892,571.480150900292,535.219106257766,606.084942123964,548.010248053122
452.7858517048,698.273439534587,490.880025581116,672.386757384641,587.148660471547,594.542572080097,518.708103195341,611.42614056613,581.779732424402,574.441374922339,530.987072850926,571.36719725179,534.300185199471,606.049269097818,547.845289583706
452.5980087312,698.107329098972,490.469603043752,672.307603114709,586.654097874227,594.468461804077,518.579321385651,611.176350554684,581.101776016018,574.407837911373,530.806443929909,571.296312969054,533.339871471217,606.033126733184,547.68549881594
452.451751324264,697.943957530167,490.039879008005,672.240467549286,585.940217491091,594.354695505876,518.453534096889,611.065982805492,580.445461685533,574.399010589788,530.668255702163,571.248464451789,537.706950392028,606.015173492653,547.555357348437
452.290222069157,697.761725078664,489.540927046592,672.062034752905,585.203640983799,594.220091580655,518.288116085341,611.015848144616,579.798016025439,574.372930299232,530.561210047487,571.22351337871,536.874760633179,605.992091334435,547.445816149198
451.789579352645,697.571294046563,488.960022189377,672.103375162643,584.438701801774,594.085970242619,518.092530384063,610.89256144377,579.169389021596,574.293107344582,530.448921638706,571.189652854663,535.953236446326,605.973546121265,547.329293302717
451.174029861985,697.361355163962,488.335710866152,672.404040423642,583.663139506389,593.909654275093,517.844631986095,611.107097311287,578.574340003266,574.274386139466,530.352077042177,571.127080932349,534.944439748919,605.996642722221,547.193564783865
450.705869543029,697.136521367204,487.648826678456,672.725695289644,582.89211787926,593.743139499468,517.559923062937,611.643938986879,577.971534223911,574.205675672811,530.244052535678,571.044060104882,533.876176438648,606.022329911201,547.061482386286
450.034602318946,696.909216607416,487.183979555557,673.059665366506,582.772261183986,593.555393027931,517.119257343726,612.244545530884,577.354221709032,574.120470373628,530.198171740267,570.986891775086,532.744029685746,606.047974414144,546.942089133769
449.277078268184,696.66075847793,486.724881576916,673.220789078727,583.109932988609,593.34875736968,516.676370500922,612.838454374606,576.76102968872,574.032376633024,530.167366426224,571.012531918504,531.552180301042,606.058843486767,546.774883022694
448.569802917721,696.392148348356,486.284215434408,673.015459310637,583.231635021836,593.181353830694,516.247342925749,613.598252857279,576.108035313602,573.945421551473,530.217985480551,571.012325640241,530.31148726347,606.073984232752,546.643237514982
448.020053869811,696.316664603877,485.930191405048,672.658060650801,583.240186826878,593.073595069509,515.819933584815,614.364395404501,575.388703370508,573.855083461752,530.230414668488,571.013403135695,529.01725624326,606.077217753369,546.590636919988
447.655355228808,696.273475862618,485.615324649893,672.280043355836,583.122650055024,592.97421903339,515.433606627287,614.979560306271,574.688326491775,573.66753891396,530.268294991498,571.026958478034,527.695067640444,606.076512973165,546.55767813705
447.375977025761,696.232121178458,485.330429181138,671.856128949878,583.124092678436,592.861790460146,515.087611175058,615.80240961512,574.010288503159,573.483178414361,530.317388096168,571.028708683598,537.075049377018,606.058587121992,546.510750822834
447.122549903962,695.954582356746,485.082379723805,671.409061567296,582.984777862355,592.740907506697,514.738235334703,616.553009818563,583.068612562168,573.304629564207,530.273025905776,571.057797631374,536.169360504287,605.981782201403,546.450948841931
446.938062935308,695.676842083038,484.830712022016,670.959734561795,582.652645413872,592.615663423485,514.155521348559,617.230087491852,582.442176878344,573.158539876712,530.204253033395,571.051787914464,535.219953760178,605.88541864236,546.350383705968
446.819759876436,695.422358288855,484.587036002017,670.542810233814,581.928162154471,592.450676571262,513.615023800612,617.824623531074,581.825029594608,572.978980025934,530.21077475117,571.067723047068,539.316357799035,605.751001995862,546.253528371192
