409.932748608593,575.53331823371,440.44606186448,481.5334933824,521.470120633114,520.751931512876,455.188208671991,463.298150612461,481.931576012059,453.510910195416,493.954854602709,459.534443951733,472.271704428867,462.860548227771,459.116478175207
412.494395574661,577.475438972551,443.832428269299,484.845360091234,526.514290036008,522.938968898013,456.231645157416,467.440624957051,482.950075989346,453.866341437859,497.40588707014,461.033926163792,473.819325827543,465.476642754679,460.964587017687
414.862206940007,578.785306933668,447.162461583287,488.583935426384,531.494947370113,525.12131580387,457.739339899355,471.531747207814,483.754696171873,454.323057992319,500.752746437485,462.54488535471,475.406358664248,468.136704626138,462.840738322678
416.83209589729,581.048923466938,450.477705730544,492.211933151954,536.20427856571,527.514623506994,459.273226016661,475.57084777218,484.376551721423,455.149507553473,504.084620650287,464.120614522041,477.240602951812,470.711223457896,464.740460571052
418.855810015515,583.393802092289,453.728251018136,495.90862795834,541.069363327803,530.058506069695,460.820315726877,479.564284772645,485.215715992435,455.723330697592,507.264224030904,465.724149192407,479.379376561784,473.256651682664,466.656722066168
420.853456605186,585.893338867652,456.992057146621,499.597629875394,545.901526438817,532.657623986964,462.349601565134,483.520103299134,485.994089959052,456.280590381491,510.304168884465,467.321578897887,481.523425811898,475.757751593913,469.093245696355
423.023044385063,588.322695656252,460.324021900536,503.185375045515,550.948130693459,535.358389472333,464.728553575038,487.445370033313,486.777332203415,456.875564780466,513.239045143564,468.90378515806,483.663736014642,478.227218463547,471.522726804412
426.061555775115,590.678735134412,463.749448314873,506.721987970463,555.847727663721,538.081079953836,467.242235296962,491.344171288832,488.11032765097,457.66811673102,516.058603941728,470.538014066944,485.791972602626,480.647140744302,473.956108395577
429.480530639783,593.086997116165,467.287419928934,510.181088976755,560.469456245194,540.794576860995,469.821449345537,495.217861917804,489.335684855284,458.663435896876,518.75718084762,472.1564892877,487.898630184903,483.04074035852,476.395027661152
431.798358342647,595.414755720579,470.823354796588,513.51503505027,564.894084880752,543.47458484451,472.289693208593,499.383522305969,490.489098295955,459.700971529071,521.331727504022,473.823444552438,489.973497875485,485.452854637415,478.832609755034
434.063249264816,597.671626621934,474.474285370475,516.719678560812,568.384891827387,546.113910405699,474.957367135242,503.498464751903,491.866411788271,460.661289511381,523.781340659871,475.424968617435,491.983994655055,487.878733466503,481.233356423769
436.25337981743,599.866441967379,478.243685940784,519.800223461434,572.046941855889,546.910758756782,477.402568866911,507.565972383512,493.472937888195,461.593136078364,526.108505159823,476.909493033346,493.937641704423,490.303401468471,483.657945112667
438.414418370653,602.006249916295,482.1273471621,522.690542963194,575.412943433913,546.21441640374,479.828780757674,511.587137115327,495.381920892636,462.485736192109,528.321274244657,478.32718994897,495.940445821551,492.719152829495,486.111489160079
440.575050762382,604.0980806761,486.12089232624,525.456502061211,578.454359730664,545.372935470562,482.217618786496,515.560802086769,497.4962764667,463.363878851542,530.237636394647,479.694955808805,497.927225125752,495.134893315571,488.591203684083
442.747332464555,606.149588695465,490.222586026644,528.083041026542,581.325988808872,544.809426031662,484.561277806144,519.484781427934,500.100448261095,464.440121901738,531.198800171019,481.059053872163,499.861864552759,497.554202602224,491.070157123049
444.942803855636,608.502654959728,494.429922848644,530.562918495952,584.093447288979,544.874596496888,486.874813669531,523.356730022468,502.726834027645,465.64226364374,533.140444253504,482.475235978469,501.804914678873,499.907782469323,493.494071333182
447.112912371403,610.807569226833,498.736227397108,532.912391734867,586.299423107701,545.586961449546,489.162250087865,527.174836509662,505.295961476987,466.986289211867,535.131370345756,483.869841835577,503.744866816136,502.234560152418,495.908598302937
449.315728516811,613.100872481105,503.067803257026,535.204707256254,588.510152780217,546.759970812185,491.273755304635,530.93659525866,507.705567472846,468.534535278315,537.032029896316,485.290698320253,505.630683820521,504.582675719152,498.313937813682
451.556283643657,615.447184493475,507.440210003604,537.455168108427,590.730309656731,548.620807816648,493.362626279416,534.638793924668,510.166121529633,470.210053211279,539.055717214458,486.713610996286,507.393786081163,506.929234735225,500.721392604361
453.647446108653,617.769784005214,511.908610669954,539.677393477697,592.934652069399,550.813571460265,495.680341350195,538.278216468078,512.664124811618,472.000752850161,541.15894890871,488.147510931211,509.139890322498,509.256205110651,503.142873184025
455.666393701893,620.168533818957,516.390890020639,541.868823328034,595.077272084486,552.960571768702,497.837751263197,541.725569436533,515.175796107461,473.891003436402,543.479758129047,489.59917877069,510.882438219373,511.549775281929,505.580121927266
450.926337989338,622.562476788038,520.960593242646,544.049341888348,597.112940892524,554.955322973045,500.057443339527,545.054796147427,517.676205870983,475.861111600735,545.862175985068,491.091501552752,512.650372046933,513.800220319738,508.022707960068
452.854960711193,624.948120426242,525.597777051006,546.22877430317,599.019323659809,556.90093562803,502.514881050777,548.393225787462,520.144305041838,477.843962318307,548.369116617636,492.638297091564,514.446372321218,516.003113325659,510.456169424864
454.73405288117,627.321015015721,530.260868701116,548.408180788903,600.80068872579,558.785257338034,504.788333805014,551.493136740597,522.564490172009,479.819760694732,551.008550754577,494.20106368014,516.27257327762,518.158991409974,512.871254872672
456.879412993649,629.676352164926,534.887304734572,550.526465889347,602.346827130963,560.728110257269,507.111160632964,554.675067750026,524.92630599816,481.814001060498,553.683115548211,495.763686220204,518.132265019666,520.25044366927,515.264807045175
459.009424912942,632.009623076069,539.400994569866,552.62044378093,603.78483362948,562.628794816173,509.531088593997,557.818787939114,527.224531255642,483.81261007965,556.4756974783,497.374622432431,519.996164609968,522.282522357673,517.636160916259
461.061433652021,634.317364142753,543.724016655493,554.707531644716,605.20740306335,564.483152073945,511.794351818259,560.842877707074,529.59023662278,485.79447839545,559.229842296969,499.001048890673,521.892049425884,524.27275927944,519.983796026674
463.023181041121,636.597011602511,547.120127340447,556.785692233707,606.606486347497,566.248027770438,513.98375001782,563.744347499667,531.943165423718,487.734531499052,561.975125419274,500.663562160757,523.831241988322,526.22191016743,522.303792544162
464.89306791043,638.846480728832,550.069673693456,558.804645158324,607.914041280167,567.824993686272,516.166187884083,566.522467620691,534.236886483982,489.668332581813,564.694646294741,502.368446913484,525.812429072514,528.130695984047,524.590706439747
466.642240884868,641.063806613262,552.880109599363,560.792428940372,609.28213101503,569.360321191479,518.096401329095,569.180386587426,536.484333317381,491.65373844573,567.365640083802,504.111882523986,527.830070192184,530.000487343507,526.838312830141
468.312281679416,643.246960673737,555.47612822478,562.790579736584,610.539061234084,570.854711704358,520.268907460162,571.725098855095,538.705685738547,493.634883729431,570.080458033593,505.888953763239,529.875962633273,531.833821480754,529.04048972314
469.905623160767,645.394190626833,557.962671896359,564.792650747194,611.631627076796,572.432346445208,522.343846305536,574.166325917445,540.920153401175,495.620081862914,572.56274349868,507.695311789256,531.94049031519,533.634440904869,531.189453561248
471.257534473596,647.504347228894,560.355098113761,566.792476656231,612.711684083564,573.955856869097,524.304563778836,576.51536203629,543.055343018167,497.621070299804,574.748137475584,509.527375884417,533.983275061311,535.406992413753,533.220829314901
472.585725608722,649.577167808289,562.670395828664,568.77640312254,613.793293577994,575.425590435397,525.986977164671,578.785911570104,545.221903611679,499.649200436046,576.773471597174,511.381778074234,536.008283656343,537.156747166086,535.193939430677
473.957807946511,651.613288817784,564.944775313808,570.65024415205,614.882166661457,576.722457022113,527.4032525262,580.994712938094,547.460467892159,501.712942887164,578.525443930302,513.254350927242,537.996493711195,538.889139810527,537.10852636518
475.200194594316,653.613680320209,567.1550507908,572.515350517276,615.982909828539,577.974928711808,528.719234098484,583.160691322286,549.781818167043,503.81810147183,580.320110302776,515.138965861521,539.951640978364,540.609278070234,538.965219739305
476.49550465527,655.580075705897,569.304202805149,574.373902523145,617.098120422807,579.129840795331,529.953149970004,585.302713729768,552.186035037854,505.967575714122,582.154356479268,517.027157953818,541.861988245032,542.321200007387,540.765722960265
477.928557314676,657.515618052308,571.39415188912,576.222283218849,618.227501312732,580.252465189457,531.130895394287,587.437183596792,554.665135653269,508.160759781636,584.02300115552,518.909168409245,543.716359306135,544.027228802434,542.51292387147
479.358639458951,659.424456548259,573.427066350374,578.057195906823,619.282492500599,581.267242638405,532.283090966041,589.577612460209,557.206497802102,510.392883932854,585.917656101428,520.767940490014,545.507917161748,545.72787617253,544.210363056974
480.759191289914,661.31117004129,575.555366186792,579.87549037723,620.221659776589,582.258679346306,533.442512495803,591.734069156677,559.794412348762,512.654705899408,587.825521613287,522.596234640046,547.23426517027,547.421506369978,545.86230126428
482.104369085275,663.179508015766,577.101723003907,581.674483004642,621.474859706327,583.195248169489,534.543065335869,593.911690852986,562.411294506933,514.933699805709,589.730456751508,524.388129611928,548.897075602621,549.104798866755,547.473169507616
483.372853242841,665.031695782389,578.597636948595,583.43841880118,622.706593497491,584.056285190572,535.686431397582,596.097258508639,565.025757852316,517.223510972176,591.647783600819,526.092865552824,550.500886420216,550.773148402971,549.046463589796
484.550442088195,666.868903987812,580.064687560633,585.173653276329,623.832624751423,584.892933204731,536.912856099056,598.232921567636,567.63737204452,519.590787754026,593.499210719349,527.697392265247,552.051560350707,552.421335065968,550.584078172101
485.630451368266,668.691384931034,581.508631636416,586.884785725423,624.919858430913,585.697729716068,538.228619192639,600.366137485871,570.231354993168,521.969686970401,595.295992655368,529.273390044108,553.55533962348,554.044170890398,552.086485315838
486.54762893234,670.498182678925,582.934920320748,588.561863857701,625.841848542148,586.498161599283,539.631901202383,602.480483619119,572.763680290647,524.348452498107,596.345499680901,530.824662765547,555.019001124115,555.637407077203,553.553215329387
487.351244882776,672.28643678474,584.347771493966,590.223314189115,626.737358919931,587.289990585212,541.114372018173,604.537419140067,575.251342637621,526.71528573712,596.794252227797,532.35471746132,556.450331177893,557.156982563655,554.983594090867
488.149480383148,674.051161352744,585.69256080186,591.893440623571,627.616002847539,588.063500315234,542.609047355084,606.265009742601,577.69980338099,529.058288054442,596.760630866178,533.865364191979,557.857773876438,558.638877844201,556.376514589574
488.667068685744,675.776939288168,587.060272322272,593.589183064652,628.489897163622,588.908096072774,544.013897851093,607.998563532269,580.105721666515,531.365185191081,596.580938226071,535.356532184017,559.244186970339,560.090938554956,557.720830580352
489.370016666259,677.410135691692,588.4460764191,595.327545211217,629.505756919973,589.734978955966,545.473672630666,609.714713825129,582.466157506849,533.623046146688,596.301052612014,536.826401882216,560.622043845169,561.517688831568,559.037584409194
490.009851845642,678.999219678275,590.039946804794,597.052918634575,630.534369678414,590.580518547616,546.990041899773,611.41331804118,584.777719996227,535.818468504522,595.954006224475,538.271794997858,561.997105000461,562.925291575134,560.334482671889
490.528117952817,680.541549377924,591.522592722529,598.809706211932,631.498924143451,591.489267092475,548.564920982935,613.074105363765,587.036825474692,537.939600346782,595.553327438836,539.689349417864,563.372397448562,564.320800776458,561.621281196095
490.950850660275,682.035166637399,592.803473353047,600.628081210933,632.485359944266,592.478115334304,550.150685549039,614.695819871717,589.239752775272,539.978470960578,595.111217465204,541.077080155622,564.748932192026,565.71125449496,562.908455130229
491.436714043746,683.478959307234,593.816139200272,602.488625671334,633.499158529652,593.544584158601,551.720233588449,616.269664978013,591.382198863239,541.932193203916,594.643000681186,542.369298750021,566.126903769458,567.103002730797,564.156381529591
491.880843300184,684.873702596635,594.992457295926,604.359875494084,634.459344120906,594.655339392413,553.334602548946,617.834795791916,593.450411310076,543.785465566424,594.116322007556,543.600004573487,567.506418051263,568.501057774515,565.357378099194
492.297798872504,686.187176113752,596.142632923332,606.234372183546,635.429362481243,595.733906085177,554.999040202182,619.126648476914,595.320575507201,545.534432044829,593.558172582237,544.810406206906,568.887643144311,569.908738475109,566.547584172008
492.708361458599,687.41957275549,597.221319992529,608.084807707795,636.411431889457,596.862013817673,556.687167780191,620.428151283286,597.13220955135,547.232492935557,593.123158802682,546.005140574645,570.270591894188,571.284934048172,567.712578879643
493.115300138085,688.608457969591,598.107607467431,609.886542786537,637.343468337515,598.024953941665,558.384449057122,621.923524604513,598.915841339382,548.889589045833,592.851870135716,547.187249733531,571.654382148891,572.647221843756,568.89535042318
493.530351855841,689.756870242415,599.037340524521,611.619966090049,638.320304235059,599.205359007575,560.049912348155,623.322133076349,600.62015146283,550.483002395745,592.664604197175,548.358635047405,573.036594486807,573.995950428956,570.093865580787
493.954976622377,690.868487875308,599.824363248721,613.272206924528,639.321815516635,600.316492918942,561.670438874024,624.688025587651,602.246440167178,552.049736609794,592.747966023653,549.520678100006,574.413826052896,575.29018299074,571.29062773871
494.381683948655,691.947366312766,600.357378806407,614.837459437233,640.301016553673,601.264221962193,563.249183617488,626.118919294106,603.810119176368,553.610453066299,592.971018811078,550.674691684589,575.782702908379,576.54929922356,572.504763240778
494.828239731102,692.997486045814,600.668122480284,616.276241190116,641.344897306885,602.134001120935,564.647848018284,627.478102526371,605.311871451023,555.174467820795,593.294261420877,551.822488204139,577.14092556034,577.793643938275,573.697327908114
495.612160450816,694.022476095816,600.982212825708,617.640374075752,642.662303547087,602.967620627002,565.965338565936,628.809754233632,606.753625601481,556.74928430927,593.707642805949,552.967210461268,578.487562715517,578.986285430851,574.873882031585
496.468399181174,695.025197768131,601.163961664213,618.93940730244,643.939215391637,603.767637677289,567.175874357724,630.134227206086,608.119619134908,558.339947192919,594.200608222419,554.113099456025,579.82282521486,580.12401874777,576.027359219069
497.397549453491,696.008219931908,601.385850997052,620.168804061912,645.269371882999,604.521792962742,568.105381758292,631.43728434009,609.42070838955,559.889982186383,594.764741620632,555.26463471798,581.147472678355,581.205842372025,577.048985672452
498.683430778891,696.963821549503,600.998248146846,621.342419695161,646.652639753407,605.241682262983,568.647650521761,632.69111816631,610.682769288649,561.467638250719,595.393505282692,556.421633107976,582.462019338913,582.244541934987,578.06623723696
500.063748944845,697.889065084358,600.662977946633,622.496720061552,647.96441343051,605.916284257305,569.189252970416,633.982327258889,611.901066708629,563.068953104304,596.63814679575,557.575657350852,583.766693584069,583.262048082135,579.071942849046
501.5455331772,698.797858909468,600.325620673772,623.579516992062,649.081753454581,606.553914442381,569.732368968146,635.233316836121,613.087139992391,564.665920311375,596.720642311855,558.738581324235,585.061703424666,584.253017246196,580.077251964146
503.123744120462,699.691595194668,599.978384195113,624.642788002972,650.183866534709,607.14819455007,570.267231729496,636.40854544822,614.217472047819,566.270777933358,596.793772182737,559.906446518435,586.347815278227,585.218357274007,581.07503615165
504.790231560242,700.571943925655,599.69581886705,625.692516274709,651.262108025128,607.703345193606,570.808958348925,637.789114397176,615.342423579466,567.875395484295,596.796840341768,561.072717568588,587.626072459542,586.14955962802,582.064920377255
506.532473874082,701.440454990272,599.21720906497,626.73333018336,652.133390997876,608.261659920635,571.358018846638,639.201258907877,616.4535594561,569.473775715102,596.821137430196,562.229316253157,588.896920925439,587.050611509035,583.047076235226
508.296745990732,702.297960496392,598.774366412341,627.768373926982,652.897721678918,608.766388616926,571.861498138623,640.640584117225,617.524926232213,571.062684597087,596.906532522677,563.33312134958,590.159772547247,587.913709149767,584.02199920628
510.095230034649,703.112340032162,598.441880123841,628.799472310573,653.468537581405,609.211197484381,572.361323174187,642.078047556662,618.615768393909,572.630958514258,597.203829911036,564.411736904842,591.412845255655,588.715322780252,584.990265281294
511.8942297395,703.920985622774,598.183840605708,629.828162059172,653.939647954222,609.640687138646,572.99968673303,643.501772565857,619.680525888641,574.17954050932,597.506282292011,565.465984848305,592.653253777489,589.464991789862,585.951974086443
513.643333422645,704.721215422806,598.01940087216,630.847361351325,654.244262889835,610.057984811701,573.634748485135,644.913512629025,620.769022161181,575.68535448055,597.701045925995,566.527499818934,593.877346428105,590.173968948278,586.906266919854
515.308759402884,705.509961749686,597.95600974863,631.871577917827,654.416846416518,610.501359206279,574.153303231593,646.23551641732,621.859481542562,577.130948307839,597.970327725133,567.576124252391,595.081621752866,590.84638241478,587.850665082079
516.806791942487,706.283958181277,597.991307287605,632.904169658385,654.514430195866,610.946021418704,574.574392713179,647.479717964685,622.955643705117,578.598877483227,598.31209523195,568.576721543625,596.263279877493,591.473967159768,588.74459797577
518.163557143147,707.040132553165,598.117132763938,633.948690491453,654.617847546128,611.388950366045,574.792546082953,648.681804979482,624.079512770063,580.082321275863,598.551701509954,569.411620111598,597.420029137954,592.078526102153,589.545647548774
518.939633358971,707.770274770849,598.470448411601,635.028051259997,654.6779552721,611.803552408003,574.818051447021,649.707163157609,625.212068393195,581.588006966406,598.963804565657,570.201420087123,598.505474773648,592.662741796931,590.269199028568
519.575152018328,708.48468569762,598.858653470897,636.188345616641,654.699441176322,612.182637530104,574.769232510685,650.71195593714,626.326102557068,583.101140434793,599.40286852045,570.963131069058,599.568530045584,593.183128006223,590.919019470119
520.198608011553,709.177403499138,599.272265569017,637.382177640869,654.67511242324,612.556367303493,574.730977890421,651.654426577459,627.424249907249,584.638988884375,599.911944990531,571.704501531962,600.607467592695,593.607219151757,591.563672220778
520.811289822731,709.841107406875,599.646279037527,638.610647123062,654.720747216326,612.922800313293,574.682716917665,652.549041315731,628.51575341376,586.197713036291,600.46791054391,572.418336607777,601.620363805158,594.039472593081,592.209954673862
521.414453077077,710.48210936957,600.286918672353,639.769645488366,654.689934379833,613.29089396127,574.644284334349,653.221617104673,629.546854118068,587.771354635152,601.005319450689,573.105956921385,602.605628427278,594.465401828733,592.838277294077
521.946241571412,711.108492513754,600.983315484535,640.95349344611,654.686103126277,613.581732635267,574.616596197478,653.706484136718,630.556209074051,589.400774422765,601.363387149853,573.757070500444,603.562865416495,594.895460957671,593.491339390368
522.45745280168,711.704720040761,601.725390117933,642.129003908028,654.752931381015,613.853647899079,574.599905826934,654.015092835872,631.541056405816,590.994679446313,601.769499923266,574.360363616182,604.492706357312,595.317354867743,594.077591973097
522.943620394602,712.272552167817,602.497881360433,643.217352766323,655.170922773848,614.120389579308,574.593344729898,654.367674349322,632.496675876643,592.57135550996,602.212737789845,574.92990830603,605.354066243892,595.716666569121,594.579000059631
523.412814262542,712.828802662972,603.279941387648,644.303381403086,655.57476055652,614.383098734871,574.594602863332,654.75733597186,633.398430337994,594.138395700175,602.679420204434,575.45275515313,606.188872188806,596.107284927017,595.033710602316
523.878211494756,713.375963069679,603.970688962022,645.382985521543,655.958878217853,614.644774324789,574.709424409054,655.172290597591,634.268566993417,595.687424730588,603.153525822315,575.945924660241,607.014205696567,596.478666673678,595.455790882383
524.310429166111,713.916325509145,604.298849435693,646.452405388158,656.3476969931,614.801750297151,574.867525064834,655.485347722292,635.052605845911,597.210078457798,603.459472512883,576.418691631172,607.831315542477,596.831530937357,595.852005602608
524.658509137248,714.451857802574,604.606145175321,647.508315969528,656.735329726431,614.9921848992,575.020376656074,655.940570645564,635.777298430285,598.697733836093,603.526027636656,576.871385822867,608.63967255284,597.125341983838,596.169566442402
524.993580655786,714.984092741772,604.97377028332,648.544604353834,657.162923816906,615.222954128869,575.162557012387,656.391701960251,636.551788872255,600.141527191473,603.478469209965,577.304591328332,609.437668996077,597.404896257455,596.437452026991
524.893968641871,715.567169268809,605.545317451398,649.544235207531,657.626735454089,615.498909794068,575.210326777078,656.753573788855,637.267895331924,601.532853148216,603.483336351036,577.719603807002,610.089824084648,597.646767552854,596.703198838596
524.697184980294,716.144126548358,606.14869208855,650.519726428036,658.0363618623,615.84325628149,575.203596607203,657.050408788987,637.954171745206,602.863932878778,603.468789754175,578.11832146684,610.693352341373,597.780578852607,596.885706280039
524.542338110844,716.711654372027,606.763082624518,651.468478538756,658.438752464327,616.110629348698,575.200231919249,657.295553798252,638.542562163257,604.128608434184,603.587648014578,578.50278465886,611.274978688696,597.961844900591,597.000629868989
524.446474114182,717.209996710647,607.308078289641,652.323972185523,658.84955297977,616.4360542507,575.201839562214,657.480978019291,639.108212640084,605.216004744551,603.739674397407,578.874976575231,611.838507061756,598.161372513669,597.156623735481
524.418618482802,717.693256792936,607.841061955291,653.21875088357,659.319717511846,616.779328027848,575.234493217973,657.266378126432,639.572576646407,606.259956866029,603.636749274536,579.236495395631,612.390080812693,598.389204687407,597.347545040024
524.543713967012,718.153129776799,608.32903131397,654.084574703704,659.830828969421,617.025950039794,575.23922524168,656.977775103823,639.984240644009,607.337591111123,603.420630683853,579.588347161864,612.930609347467,598.664739373557,597.552108130656
524.765983205087,718.601201677133,608.733468620261,654.877901416264,660.364734368029,617.23172321845,575.259575538064,656.560030286997,640.384475288308,608.385672315463,603.19806581838,579.919532042908,613.460606684861,598.941308269462,597.748049367627
525.055097715108,719.036431436886,609.022893357404,655.711748027291,660.85837759569,617.460431727614,575.301606192962,655.836179256865,640.754529875641,609.406917088644,602.997992857351,580.20404314857,613.977003167574,599.226244231552,597.936830133548
525.304903598617,719.457710479574,609.060090078165,656.546708848986,661.326209159628,617.705553256241,575.354616909751,655.118748683152,641.098335000693,610.402905997882,602.814991079255,580.464599490251,614.475634645662,599.504041715667,598.103231128921
525.516267130968,719.863637793768,608.813891905671,657.322455619825,661.792818135786,617.959952034625,575.450957506254,654.435425785977,641.428647875451,611.373896089462,602.733586544668,580.697548581135,614.969684234221,599.741286381023,598.281912903726
525.737960874881,720.252230810615,608.519958101551,658.149523907653,662.165022682562,618.216815515921,575.615295647449,654.142863693413,641.730494983672,612.318750764532,602.687947272609,580.916445120967,615.459051946753,599.846353172771,598.475514576653
525.950026824071,720.621076831458,608.259761797847,658.986162580259,662.561977809298,618.484849235493,575.826478659812,654.382413478075,642.032763131987,613.265268800715,602.615537528051,581.136566310795,615.904277523877,599.956000463803,598.682868949696
526.17182183814,720.94258614305,607.927826356229,659.792779760819,662.914677556803,618.745820684337,576.008295507274,654.655565253462,642.302509023999,614.05730393749,602.606620682917,581.349895864024,616.31784106585,600.054429385258,598.920157851538
526.208540487289,721.202305113905,607.601495802614,660.646341997112,663.271414803484,618.866108682984,576.119242531414,654.975955560879,642.571183824364,614.865145818749,602.615168227929,581.573059798368,616.720590681574,600.13234280042,599.161681127369
526.170179364765,721.441478606981,607.288039130482,661.517646097,663.634350712833,618.905383340575,576.197264675433,655.291701832551,642.802314056483,615.608676269588,602.640617479563,581.791774112202,617.104881787001,600.194659113513,599.326899191742
526.173930755757,721.660875593549,606.899535390016,662.376841037965,663.957138664701,619.093045692769,576.255643065641,655.870284372182,643.040014839833,616.381006146514,602.912187641958,582.018101021491,617.441593097018,600.251308260487,599.463093897483
526.057481843168,721.871304760821,606.33256268476,663.28654099829,664.246645685359,619.29501629415,576.337738438026,656.43532513183,643.28549794105,617.092709666812,603.217964197513,582.253531415654,617.750751595222,600.303332384597,599.642559816832
525.899818132334,722.06576079261,605.773245297301,664.221849592315,664.463126813759,619.434676517568,576.416629821105,656.848719402714,643.49907542121,617.793807782569,603.473877063208,582.547044915898,618.038997911897,600.42620187469,599.776860898784
525.617644828312,722.256918646665,605.235227255649,665.168742060966,664.554993806094,619.562649598255,576.505482625497,657.24471531067,643.668263207009,618.490001009252,603.668205435151,582.829349583891,618.31806430853,600.553856122516,599.964076867365
525.292389622258,722.444114057603,604.729561797252,666.115781719369,664.210119767816,619.713212541334,576.601346944049,657.62882354838,643.90655445242,619.181320927785,604.181216766621,583.168626850478,618.59757852448,600.678179167944,600.103761612408
524.96057610817,722.626590110665,604.265602364142,667.087991189022,663.495591009787,619.883766285522,576.707431168768,658.003083496125,644.115201972342,619.867221866811,604.697706671521,583.486721943744,618.877483812282,600.741239541777,600.213689214123
524.496793818155,722.817820025062,603.841826823074,668.072456928822,662.703307118351,620.009226594872,576.812938498705,658.384197475478,644.25562380243,620.54729873845,605.292161102289,583.797404153357,619.157605017377,600.808486406384,600.3063306204
524.007994984912,723.004922137568,603.446731032831,669.072899535914,661.774631389113,620.156366269362,576.975630603866,658.780716179837,644.419411842877,621.178980023335,605.875281095339,584.102616366912,619.442154472435,600.880671483809,600.382024736135
523.467850145241,723.179888757051,603.078272509768,670.072032447479,660.861546901861,620.324404734647,577.256247317953,659.347087245327,644.58285041614,621.800859696953,606.434424815248,584.398059352503,619.712380825476,600.956373112145,600.509947787165
522.919072824866,723.289414865563,602.737059253887,671.062787714415,660.002457553584,620.525662163304,577.542708709275,660.272818959227,644.740841508547,622.43342011187,606.936498234296,584.718598891175,619.939765174957,601.037933686026,600.629834406661
522.34726619525,723.386870645499,602.415355365112,672.014205103493,659.192195371581,620.641699452452,577.843415541336,661.388879795076,644.900586218957,623.177080173033,607.208758262625,585.047027297576,620.153355048812,601.101736436291,600.759259231009
521.718621264548,723.434082068204,602.110402473469,672.648528782174,658.471191733664,620.754480798194,578.147886098223,662.619819689203,645.054157014076,623.933650796184,607.293630615454,585.38246055779,620.36063717976,601.167119614449,600.814675913978
521.106682239547,723.46618031018,601.593148653389,673.264031487936,657.819212771715,621.05062603735,578.45434100315,663.989672490751,645.183479124043,624.650718185259,607.423331601829,585.709013428976,620.552418545529,601.22224081811,600.841274207069
520.603654159988,723.488821410527,600.59794918769,673.864620911432,657.227888836672,621.413309327833,578.692258667506,665.378457555722,645.344852498912,625.249533093697,607.482193559082,586.048770416178,620.733343338743,601.265874641913,600.850201495564
520.246870553893,723.499848963556,599.527129478183,674.487817407211,656.691880265304,621.804095751925,578.951040770949,666.689059643785,645.486369766587,625.835977228218,607.549353589529,586.418496435318,620.907656805894,601.294994887661,600.890373978473
520.242442737164,723.501707063047,598.519396835889,675.108678248699,656.215300566678,622.111663430629,578.946581563792,667.737602163931,645.658328089323,626.406886036182,607.568790126645,586.816509826891,621.07265513763,601.326382416474,600.902035151398
520.569124046567,723.497950995484,597.612876033716,675.576105072733,655.863017656674,622.433518202642,578.895229401769,668.667245899457,645.882090182147,626.950617345739,607.610970521442,587.196498316902,621.233772351181,601.354968255691,600.889571060205
520.973610435069,723.489348788971,596.782144261173,676.027343130849,655.618661627455,622.766638215473,578.820275103716,669.445803570045,646.085036106974,627.488603177927,607.698565399399,587.540184630856,621.384074153183,601.368640266598,600.832586462118
521.407237458328,723.485045060148,595.96812369115,676.471212030963,655.373889156864,623.068238297683,578.722784995689,670.039306122387,646.285363513943,628.003927234015,607.857592313104,587.882863754373,621.5303336241,601.296031039988,600.726310325981
521.803172436818,723.493948381852,595.259297550533,676.910353062174,655.234440724107,623.343761132232,578.608213853472,670.281854135541,646.515952338163,628.4975395148,608.048788749961,588.168549926551,621.674221301031,601.201682559241,600.55897258862
522.121394705266,723.478582824342,594.573170085356,677.342291973319,655.109531146651,623.635663520247,578.555147925238,670.411117251499,646.812795424262,628.97076115265,608.215882739623,588.446126497322,621.817463170901,601.089424676155,600.439000096309
522.164553853055,723.475021741895,593.901029423312,677.777019063369,654.958750829232,623.881896171705,578.486489987799,670.333298502092,647.114988157277,629.424969187555,608.428761028355,588.709621868518,621.96180297358,600.93283922946,600.329937102733
522.200311721032,723.414504903018,593.335292472265,678.216469223653,654.9875118542,624.075721548061,578.362116974059,670.210383342439,647.386256271283,629.886660856971,608.586885565487,588.89413976189,622.106906474417,600.772906289161,600.262412672713
522.220507419491,723.346172892244,592.843216888788,678.731244195633,654.991614446678,624.222932166047,578.230007853083,670.051384007779,647.616667938617,630.305738995117,608.773968924471,588.999202743756,622.237285378789,600.598753684175,600.342481242488
522.245765730826,723.269226250529,592.354545162773,679.251801660344,655.088195479132,624.340625793306,578.090462148873,669.880912030805,647.838448191691,630.707990378952,608.940972044719,589.098269852433,622.341262544803,600.43100832982,600.43790127868
522.320677988927,723.186648950995,591.866876595589,679.780273317608,655.133276192548,624.461859232843,577.960104316248,669.659365079811,647.996244048943,631.083061016826,609.134690852823,589.200275560522,622.455802602566,600.260195449628,600.578303639961
522.387101823266,723.134562562375,591.356071995725,680.318057363538,655.205313589233,624.622292645194,577.845124036005,669.455839245005,648.135593051624,631.43996720772,609.324760797628,589.286002013623,622.582057158366,600.125302774174,600.668962363406
522.550237629241,723.060584536371,590.82843083187,680.865927423706,655.203500037554,624.766462420545,577.676079257023,669.243798904543,648.265597729047,631.77530154845,609.494813313981,589.36533119059,622.720157994114,600.000402232528,600.822919721211
523.06693302038,722.977152120033,590.284249418483,681.424446305441,655.215226963829,624.91051634049,577.429446689656,669.081602008109,648.382862470767,631.984459715651,609.620558285075,589.436810103048,622.869145878997,599.906723015627,601.012434405356
523.620264224829,722.893683788309,589.668536552898,682.043281482468,655.216269430525,625.208746266647,577.125566420126,668.979928611849,648.463268029985,632.212991824328,609.742371963518,589.505095143077,623.027081522062,599.840397549028,601.154994542646
524.260728293859,722.830484754239,589.015739455377,682.665752420152,655.056179368532,625.494887174307,576.860644491905,668.957170120714,648.541030272215,632.415699545124,609.860896685219,589.537581927946,623.176160993907,599.804399487569,601.173626560818
524.710402952901,722.773055449578,588.300053706777,683.291598692335,654.911071794075,625.756330615593,576.60163634911,669.000781811988,648.630704045885,632.545628990189,610.016147237546,589.570993399491,623.330747297724,599.810470519503,601.225814108223
525.17846004913,722.668354735689,587.611908399053,683.891142327625,654.742865942186,626.034587454121,576.388841333217,669.430334515543,648.742101074112,632.6696046405,609.956559656561,589.580624330985,623.440327164355,599.774097171332,601.209766300174
525.584086730433,722.572326561898,586.88829819312,684.48584433057,654.585047984364,626.474586596737,576.221140939276,670.124943173108,648.856843632232,632.748022804128,609.877897403211,589.617360178251,623.547368010006,599.770044522827,601.206764941582
526.026546584387,722.47794818128,586.128886593248,685.077275316615,654.453800048067,626.902639659055,576.236051717345,671.022689564098,649.030946047377,632.824526811251,609.789281114282,589.625594484402,623.654963568913,599.753476822081,601.258264487032
526.348405844501,722.368205490303,585.525020023891,685.683308689174,654.672453992622,627.328986458299,576.34436064621,672.042164038925,649.218291102675,632.832073318377,609.700186980916,589.585774734621,623.755441323708,599.77171400612,601.354700056438
526.599815274626,722.275412601281,584.88973613062,686.453398567257,655.00436273393,627.745245061388,576.462514392117,673.220125259634,649.391961130184,632.856070536376,609.618706092956,589.527735896589,623.851047401521,599.80192321647,601.491889698107
526.84852128331,722.181528901231,584.210921068614,687.229736307143,655.426679082443,628.176761634124,576.575157631506,674.336519471396,649.537575584926,632.910335211465,609.543257016767,589.455070999217,623.942788890518,599.820912559661,601.64457590418
527.100462267527,722.224236309473,583.479016751091,688.002856130901,655.917029017271,628.590272455225,576.693540025042,675.329460401402,649.66826621923,632.927849940292,609.47208378983,589.506157574568,624.028935646955,599.849347029051,601.808808393704
527.385084879499,722.440912973818,582.689510575367,688.763428695503,656.371544243267,628.927044328976,576.719534818124,676.258033391674,649.802250036702,632.938907972363,609.453832934222,589.559807420911,624.107722367501,599.885702553994,601.980350456407
527.755999182996,722.679680991667,581.842216574701,689.387486664449,656.718431701712,629.107110655569,576.657899157904,677.078969444321,649.92810501253,632.98367880726,609.447296370077,589.634174847172,624.16451814391,599.886385290238,602.222077254413
528.135068308266,722.994915937249,580.939345522723,690.034704706324,656.840620511234,629.279040271483,576.507375524306,677.529976038605,650.049004223611,633.026675303871,609.450121306219,589.715678909566,624.212803925114,599.905606025484,602.408047023008
528.51075094128,723.231602507047,579.982999247477,690.696463810905,656.725108545968,629.388337426957,576.326072451974,677.781535788884,650.148853159061,633.05341374287,609.480269111573,589.80972402572,624.250515160485,599.834043961185,602.403127364561
528.905643622282,723.430550927648,578.935133122683,691.372231669272,656.546250501951,629.414792660862,576.14488862564,678.016034564101,650.244577317392,633.031290907459,609.60601530062,589.849239755491,624.270405171489,599.731497796438,602.288551573676
529.214339860851,723.631935379793,577.845925900505,691.916687991078,656.451335237449,629.45206277982,576.02491869427,677.842232095584,650.344440143683,633.019737691742,609.725309460356,589.844367019117,624.281414383124,599.573657984814,602.16577978374
529.551769884332,723.819872524166,576.719345329609,692.493871051793,656.35101140894,629.435727944549,575.89564311839,677.711473636164,650.445854689773,632.988380907413,609.890684527202,589.871173897796,624.28382244851,599.403738304278,602.076637072587
529.906159832838,723.988984439041,575.563756900985,693.102733160851,656.310759487798,629.563820527807,575.677753656083,677.383425218973,650.549350927075,632.958890031098,610.030976652974,589.901090880445,624.277922351084,599.207859089988,602.015023446771
530.26082605525,724.135409321018,574.441191894778,693.730834292345,656.277905963438,629.695783572346,575.592994186248,677.136737312657,650.700891010359,632.945577583445,610.06278968883,589.933870677741,624.26406274429,598.961571209887,601.954083268561
530.441952765218,724.248108867266,573.265335033357,694.275165024419,656.305668687374,629.833756361171,575.475375589086,676.990071630559,650.802388268821,632.941529864881,610.123777927804,589.969022823745,624.260001277216,598.691589730661,601.89995435981
530.740278915141,724.331466822062,572.052524700626,694.819640938038,656.499043803004,629.871773216823,575.328714326336,676.90787904384,650.810317412968,632.947126791555,610.210014748365,590.00598625627,624.243597645529,598.409798641424,601.840693768426
530.934387131215,724.411797206164,570.797762986569,695.356234847544,656.570568885817,629.913313080207,575.214911406184,676.662090904814,650.795860244718,632.864149382827,610.220382400801,590.059034397784,624.246363878872,598.115552336253,601.77834510417
530.914929958352,724.476302541073,569.515118121517,695.875923055674,656.683450854802,629.938703144111,575.040180140242,676.522172174599,650.757133054468,632.656132719766,610.240195828367,590.153779308431,624.261528263576,597.819657675897,601.727607452702
530.659683173214,724.536491966723,568.221933171938,696.376180022858,656.795963785194,629.92298186109,574.823468932168,676.356356718939,650.694186860409,632.665173478851,610.263053038308,590.253734242954,624.227476701911,597.536921604679,601.714273660602
530.384844197239,724.659967150534,567.075452530499,696.852515868654,656.878889617852,629.913061947456,574.588086775174,676.187342973042,650.651223597117,632.720342047661,610.281392137734,590.35656461302,624.179403602331,597.286997697237,601.716993178148
530.143149453945,724.734796674852,565.971068606103,697.306179114025,656.959028874772,629.909415612116,574.437867268551,676.004302360008,650.5716715328,632.831054416282,610.286972701138,590.459144472776,624.116154536483,597.004663940662,601.61373276059
529.892550865747,724.850109567168,564.922344645821,697.748191388084,657.028297078193,629.912654369369,574.352373029756,675.800915437222,650.482392150869,633.018700470699,610.238362613259,590.496479869725,624.034404067271,596.697631640681,601.515762744396
529.609612290109,724.978514832313,563.973663200494,698.050753343548,657.079049712443,629.923827754459,574.251169048388,675.604262082267,650.398286893983,633.275240134604,610.084167629189,590.530868431813,623.946644775052,596.39596578821,601.369203600011
529.324896297412,725.11583866372,563.132968748385,698.455967572347,657.106281049587,629.882397767115,574.106989629873,675.155784517474,650.330716162818,633.563139845107,609.891369855675,590.499742728082,623.854529078512,596.109883618205,601.256861861672
529.04191286614,725.258263983916,562.661390652283,698.840528268946,657.107994928601,629.871917225164,573.970127277832,674.436474907054,650.288822356348,633.847918101172,609.78105689808,590.507504056796,623.758297650289,595.856763295883,601.158726461973
528.762970401808,725.407467794586,562.3993088181,699.20095768725,657.092616803646,629.893784296194,573.855760832363,673.597122248714,650.24317152273,633.853110216212,609.636729627307,590.514144175274,623.654333787137,595.667687815301,601.081366326451
528.614164736375,725.542734261554,562.173131453068,699.497495372022,657.04609381741,629.870398966441,573.721042804398,672.712984151146,650.213314110284,633.815839957816,609.49839055367,590.506960823874,623.539533618963,595.492369092322,601.024059342055
528.509735454493,725.670797266926,561.985571317943,699.725914300689,656.915267916013,629.831635194045,573.569398713135,671.79814032652,650.170585638628,633.779366824537,609.402639145293,590.519677185192,623.416402694303,595.331096592425,600.973833736007
528.587972063383,725.737828493698,561.791885631076,699.751578215555,656.742050888019,629.834709294336,573.405037332863,670.902812314893,650.180058158189,633.746049856561,609.250059236507,590.53447578784,623.352165623972,595.167107924708,600.914969035388
528.785940954635,725.796041068287,561.632461847785,699.833019003501,656.498030040485,629.856276589973,573.404650266658,670.394036367871,650.192645798674,633.720017968673,609.008119373162,590.549442012347,623.275500016651,595.008173572385,600.858958333353
528.787996205761,725.863467379781,561.495514565142,699.927167795205,656.241040758437,629.921589508774,573.399752361297,669.917929888327,650.166305253969,633.736872065335,608.732682909169,590.564368691446,623.183960429942,594.899962705307,600.808233541641
528.769762217666,725.969000168002,561.568581880232,700.010618069933,655.977139228773,630.061032535832,573.378810205097,669.851324281872,650.071448096797,633.755165861733,608.516476128561,590.578687175588,623.084891268904,594.801753640526,600.777108303597
528.858059884489,726.075165846749,561.677297154885,700.082485805395,655.683921761507,630.273931034762,573.304774434954,669.74608244848,650.166290272491,633.740217403206,608.290563085789,590.584835415716,622.979633429554,594.74804346699,600.747226558082
529.025093271463,726.206632435202,561.515019891656,700.179375807292,655.490721042106,630.511482556401,573.300463340888,669.619979773692,650.249251892539,633.730512314771,608.080540310152,590.519298009746,622.868120848784,594.695872330257,600.760730351826
529.304848872795,726.322095476169,561.443826236351,700.265733507255,655.290067893236,630.751434303799,573.247797865989,669.497337215031,650.338826226029,633.71483595548,607.937327247456,590.45395714564,622.750671143221,594.640627532654,600.74327602774
529.705472999522,726.452710169831,561.416470651926,700.351695820248,655.118292917003,630.940510774419,573.125079347965,669.317644568237,650.426797471446,633.692048698392,607.834371231148,590.389853007558,622.627965147261,594.58033689298,600.622196611524
530.163148968173,726.578904864432,561.432727734799,700.449568344818,654.951243786711,631.002893751172,572.98060818258,668.975249780157,650.507529434275,633.661440420176,607.754870344668,590.372052009536,622.501029950503,594.534789044835,600.48201495305
530.593903592007,726.699674033017,561.827756523551,700.556541044475,654.821715767402,631.082481741774,572.830144187132,668.768268472292,650.577732733249,633.622957866736,607.653983784367,590.369424684485,622.370892805106,594.535787965635,600.303705573344
531.098394374502,726.805395734457,562.263095212596,700.709963626187,654.729640840368,631.040689542676,572.689340435063,668.736694909871,650.636201236055,633.199682811983,607.65001662387,590.360986160564,622.23820841613,594.543361165606,600.106979242841
529.751221383153,726.90568286116,562.718527506643,700.872552011915,654.612449422034,630.97053213428,572.57208774271,668.763014784412,650.636380506077,632.754398301878,607.707034730429,590.335619494016,622.069727400256,594.541409544014,599.891868011079
529.502290869228,726.995940859524,563.174610794836,701.046249833436,654.510538651598,630.903233573688,572.481109634895,668.932140602092,650.620088892741,632.283443884702,607.735892878562,590.245400759798,621.892135875545,594.530048924906,599.632626771259
529.309202158423,727.039667598699,563.284922345905,701.032584798239,654.400204996834,630.906222894017,573.59106537264,669.331923328518,650.612243613469,631.820475067585,608.254107542144,590.150231064433,621.705809664015,594.526282333429,599.358778143958
529.134516661733,727.077953339668,563.413466647633,701.048704161667,654.313115726783,630.955684446273,573.589623992089,669.762315605088,650.617142625097,631.381300276792,608.284638601411,590.049941807711,621.50645334237,594.515134745008,599.071649971163
528.926869248965,727.10665689673,563.556396808289,701.129304817406,654.225430156224,631.059933686437,573.608338122035,670.469970186049,650.647140789601,630.970237361451,608.254305058321,589.949814352746,621.284631275028,594.473260874876,598.764498961561
528.609774854663,727.125983455529,563.704415353225,701.249810168211,654.107709488723,631.224657166191,573.651927393793,671.442536048519,650.682641384016,630.572219337393,608.185984455978,589.844923409296,621.058865466725,594.400964678442,598.489875897829
528.289013644229,727.145636182245,563.53486800827,701.433113356079,653.992199976737,631.529412020813,573.732688666365,672.647821862451,650.718860830092,630.05680679436,608.139345414042,589.682544166648,620.82999968068,594.248629063336,598.175480143881
527.987283610423,727.1649045016,563.302063328448,701.739935541305,653.93856418563,631.882220876306,573.921289372116,673.921999469328,650.75303111907,629.541340647043,608.146712043537,589.508769002739,620.598574647471,594.037566434183,597.76378196986
527.738249200654,727.197528610101,563.084752969408,702.056954378584,653.944949625899,632.291668989258,574.132684374806,675.209898474678,650.772665236974,629.053864498256,608.171288617781,589.290453952599,620.36423647802,593.837684014468,597.352141225188
527.689831550857,727.24108094826,562.890886858448,702.381075681053,653.896424614625,632.726620581948,574.341384530595,676.229022978965,650.771313469406,628.851007312077,608.147370817465,589.035471693406,620.115091466451,593.656986057662,596.99557392378
527.449727282829,727.275089351154,562.731100637553,702.7107354571,653.849963801485,633.214399040863,574.55276885595,677.015530801942,650.767775966364,628.656859049697,608.11333332623,588.765755676704,619.864340441046,593.517860360873,596.6508291848
527.247833898561,727.32658835901,562.597157277327,703.034683836339,653.886913084454,633.70365443644,574.720826151268,677.816666856726,650.761407327144,628.504879745726,608.088442349816,588.542621915573,619.612906083823,593.466026296421,596.363599265741
527.069462877184,727.315656209538,562.47030424705,703.345957828352,653.904034524609,634.246204361312,574.873978909915,678.445811631169,650.767852963667,628.3464925817,608.133812451749,588.408065107999,619.362204496604,593.41455485158,596.100070028261
526.895068053893,727.279793803216,562.364213016942,703.590927130208,653.945873353489,634.771382172334,575.022857234521,678.777702266755,650.756306801191,628.320954771049,608.155181005695,588.19908506447,619.113492180852,593.387485222081,595.832853013917
526.721825640571,727.196256586851,562.191852837542,703.815926376767,652.178430698543,635.277726230584,575.174874729747,679.117905813279,650.769314475892,628.25512079731,608.22332476145,587.983960075651,618.867340031649,593.368831734134,595.570781313657
526.541410094379,727.10330695948,561.984616678027,704.018995115863,652.14262353556,635.744393116267,575.080148415278,679.313915563823,650.685898783108,628.163344099927,608.311066245045,587.775033694588,618.623543971126,593.358422810222,595.347010153106
526.367807319655,727.027764745148,561.784570530928,704.237089105657,652.0894260015,636.117372892668,574.94375714162,679.531425247739,650.585374998257,628.053645945769,608.414879934642,587.602685494388,618.381191238763,593.363015415658,595.122984323485
526.192385446831,726.967128689279,561.586294849636,704.436949349244,652.070131300586,636.490168028682,574.768122752831,679.687081585843,650.461365713477,627.886858913281,608.519605318402,587.424958023636,618.138997523763,593.373542997558,594.947498856846
526.006589030186,726.912795665412,561.383599423245,704.660020877466,652.078756202761,636.720842119524,574.570924622272,679.706996156207,650.34677810569,627.707812190307,608.626400200546,587.189110108502,617.893906151839,593.382331438879,594.799197603521
525.822852554915,726.868526270423,561.027294018592,704.983780041339,652.194332124221,636.882647545469,574.315596454944,679.643415165359,650.235042581083,627.51122562814,608.689354062386,586.932290541647,617.645639305486,593.451454754398,594.676306034493
525.588441086345,726.846476834421,560.782737983108,705.200602748028,652.316453454567,637.08919345413,574.08265654375,679.473999748579,650.12056381694,627.28894830681,608.722983305492,586.677100903274,617.379063599532,593.518205540086,594.575210150061
525.356296455084,726.81970005998,560.458106727217,705.404799084293,652.444955660181,637.264408047521,573.872302185641,679.204845397219,650.013200918617,627.260954121813,607.785836731418,586.413157791899,617.095762103065,593.573148026015,594.63528234006
524.842612260552,726.798000537409,560.185498729982,705.598330929969,649.294964312364,637.491296505672,573.628906840728,678.565453452843,649.940784266296,627.329615809161,607.647317722702,586.154280362515,616.819018639725,593.633513926347,594.73181041627
524.333381886913,726.775099809898,559.797261720115,705.763877078367,649.219911509358,637.722004107186,573.508384782484,677.816037564055,649.875725809883,627.37773012255,607.446954888714,585.920607068499,616.548767234738,593.739260301235,594.857657483704
523.745794070387,726.757032115084,559.302501601557,705.924624207597,649.089825557108,637.99474095082,573.375975148974,676.989431743826,649.876524566092,627.057151432584,607.267495581457,585.754135260998,616.284691479141,593.875367421745,595.004145138967
523.072878442506,726.722777177759,558.810361164478,706.094725532314,649.00521240213,638.207581124034,573.196551130001,675.605028503636,649.901927059709,626.416793324575,606.986534195009,585.604441642595,616.026324426747,594.009917207394,595.146868673187
522.401102506242,726.710140413807,558.414218130832,706.215915180505,649.765721634643,638.442091531399,573.06356693175,674.214224539477,649.935002397808,625.804856328358,606.827957424554,585.466803447337,615.776045913798,594.13502049998,595.280308833502
521.742585777993,726.654672388752,558.157336268821,706.348412085316,649.672191614225,638.740636637842,572.772110767068,672.966873621715,649.961673886246,625.185520662058,606.692444288709,585.353680841352,615.56266703705,594.272486600512,595.393580524961
521.103364845931,726.565053389379,557.952223226658,706.489944438423,649.581145059279,638.895078055183,572.324962488921,671.584378561118,649.965429002712,624.550683365107,606.498518184303,585.259909742172,615.345238765937,594.343336352439,595.476268329488
520.484722328419,726.467141705127,557.687254207623,706.641217945594,649.448020537221,639.016975997064,571.905403569451,670.452106516202,649.922346925326,623.928562499213,606.25696016794,585.117995442091,615.128123659225,594.390236370073,595.547677060059
519.903986819493,726.369699402006,557.510546568953,706.821721170813,649.336484506287,639.108082795352,571.479184992587,669.349557381459,649.88869589682,623.332321793729,606.002944263774,584.963307736333,614.909466097797,594.433639423148,595.593624907335
519.399147764002,726.277444125015,557.293231471081,706.924669661949,649.14126887218,639.268261969462,571.099070487895,668.327975398356,649.859970050882,622.606444019618,605.690722109996,584.820687449,614.684905835296,594.481326705666,595.610510893363
518.908102982083,726.102099184842,557.086714679844,707.030126385181,648.930111431419,639.40173408508,570.834353750394,667.467358002555,649.804427802857,621.938344545784,605.385208960373,584.675656553095,614.464664699563,594.548031554611,595.580801736789
518.422830018231,725.895103447268,556.824365702597,707.15330495321,648.579621426971,639.504369513946,570.582876612557,666.691387725376,649.744170784818,621.698267780842,604.911168612422,584.536835122357,614.229425846764,594.617404287339,595.541445186686
517.95975192864,725.681988352934,556.63177896521,707.326106373444,648.172405406894,639.63952320933,570.306574559906,666.03496595531,649.679036993694,621.463824056102,604.473884603197,584.406668612596,613.968885058087,594.685470077545,595.487585694461
518.091390668342,725.455179455524,556.455650980351,707.462319882931,647.660695044809,639.713650111696,570.077194123545,665.62345681042,649.588747785531,621.237702436108,603.952383494619,584.28107581403,613.701141004708,594.750142304465,595.422593849282
518.296085209928,725.218381593695,556.324242632515,707.629896941161,647.010937623574,639.846270796145,569.975080567435,665.273402775208,649.487909166388,620.965619948608,603.459098642474,584.165286463849,613.426242821098,594.822976041776,595.36106842972
518.410261661674,724.974252422226,556.091976353766,707.750853505407,645.576687537906,639.936807802257,569.879262894409,664.894702942376,649.394400993833,620.689155472747,603.053478698916,584.058595021155,613.132107638302,594.844736443164,595.317366194611
518.409319806998,724.72365111244,555.856537261403,707.694411558085,644.0051217252,640.037044175882,569.772618339119,664.188065509694,649.303302272625,620.475538922291,602.629340850808,583.959398004398,612.829372174612,594.854072308745,595.219145303054
518.330940826619,724.472675607762,555.541962311947,707.770255751659,642.958584221433,640.030234300423,569.668436909438,663.805520545742,649.18857932901,620.264262606246,602.117849919838,583.862188771346,612.533975642207,594.877018668023,595.102170607544
518.213880139217,724.203900612767,555.453480805196,707.820756700073,641.841773007393,640.044196135103,569.578319983481,663.572407460654,649.044015255598,620.045635317668,601.561459510844,583.773974183295,612.229371102963,594.942317193421,594.9568905172
518.370984788504,723.945220581638,555.361336940702,707.887888128673,640.112526964685,640.05760510434,569.528981952985,663.20366682777,648.909099862935,619.834846060543,601.021809734334,583.620129669982,611.926989097333,594.985451664813,594.807244748091
518.461204596443,723.678554821987,555.298881111621,707.944603423233,638.160177248239,639.902881804448,569.509679398992,663.070489608704,648.742872972546,619.623969334981,600.493763620187,583.437219254128,611.638532414465,595.03029374089,594.66130990127
518.493630650416,723.411331691856,555.249714609766,707.959093930926,636.192987400069,639.711160743257,569.503918870382,663.226653243795,648.62090174051,619.385441714868,599.983711389251,583.258146211786,611.352714226314,595.0756610906,594.522271517792
518.476371296878,723.134014366125,555.147822975664,707.955115950049,634.321103928868,639.517945286988,569.481052696653,663.597709205464,648.487508771357,619.088309007078,599.497003220086,583.087295011879,611.071316728315,595.149381897409,594.340437874422
518.359831830795,722.851763752788,555.06447023019,707.956055360109,633.14061069643,639.289421261507,569.447281510777,664.064974670494,648.373754329284,618.986182337169,598.911130369818,582.925937604234,610.776160795824,595.222346282888,594.182842412037
518.225041264694,722.573418898754,554.888024001138,707.905660133699,633.016241032401,639.007860795877,569.461339649253,664.510432813783,648.258564897323,619.02420975578,598.293811329092,582.767633008192,610.423816519657,595.292379596386,594.09773167083
518.049354665197,722.293828832102,554.691603867788,707.880550441267,632.791572763419,638.730577992834,569.443454914857,664.968490692533,648.162676745325,619.084067848123,597.689609843009,582.62830254731,610.015559754544,595.320954683029,594.048367848325
518.135714762556,722.018448900269,554.429697102208,707.840503255097,632.35592372045,638.491935809451,569.471600084796,665.263014270339,648.027711290344,619.131660280167,597.146677647723,582.504262819651,609.609449585827,595.338572189489,594.002884303434
518.235959107113,721.748597452055,554.100378852643,707.749168038611,632.23424983829,638.200391373458,569.693546424474,664.974376864766,647.897365681521,619.189202604492,596.617566520028,582.376337567148,609.207006629519,595.201360778552,593.98388738201
518.290500175755,721.488963556367,553.70521062805,707.254173453,632.01254466063,638.079109628274,569.943581774937,664.610166942051,647.783211528045,619.326985755257,596.107416021515,582.24858710726,608.782550317339,595.08333382661,593.874316466009
518.320469667267,721.240076519039,553.256037437972,707.279698204692,631.810422632044,637.834226503858,570.216394941973,664.393027180679,647.704870952405,619.621129632271,595.511309850641,582.121589451129,608.356175467047,594.943249810041,593.688820195166
518.282043912706,721.003840742825,552.802173717123,707.360738332784,631.682757666552,637.554121979297,570.4593491975,664.196168348277,647.611029737747,619.96179781454,594.930009943847,581.995898534117,607.935243401531,594.74875751436,593.491402896374
518.436554350058,720.82148604921,552.356819856535,707.548244863809,631.601888312872,637.295304133558,570.672880167404,663.766050932281,647.468949831466,620.243456439662,594.406178778697,581.880471385613,607.520296690091,594.549714913184,593.311069769503
518.747112387961,720.684524151629,551.938513189715,707.752211451575,631.801854767761,637.094240586853,570.91522376867,663.14287457136,647.332882835196,620.527046841763,593.889049330238,581.803964687283,607.110654716328,594.352952373055,593.077230310539
519.030981444893,720.532442461911,552.014952001543,707.960971043872,631.809009294243,636.981428383474,570.88945701949,662.349343343054,647.218983690914,620.910332146084,593.321621157039,581.706338258694,606.704734713784,594.155251366189,592.856917306094
519.320567923744,720.384687090938,552.094580010292,708.159092520389,631.699998112316,636.800207230209,570.729692473348,661.760524735161,647.102813687853,621.104568426523,592.696137480502,581.60648170983,606.300567664002,594.007673291661,592.663681124494
519.659508395652,720.244067147212,552.170262707215,708.359764257154,631.656892820801,636.668344427131,570.623743066395,661.063953233899,646.993344947754,621.093252429913,592.038899352145,581.516033701901,605.875941080325,593.99619212004,592.452228537744
519.806980129423,720.112918164528,552.233104090427,708.54978473384,631.621617439237,636.526247831822,570.464421067829,660.390701924123,646.883458235347,621.079034312006,591.356894262198,581.421760565905,605.401825754111,593.978257474286,592.253488518009
519.937821480224,719.968691499045,552.311875827492,708.692321513054,631.623534756087,636.526442455983,570.312946506293,659.662835729304,646.779691749506,621.061608884854,590.710400489661,581.338337798948,604.910136312456,593.963867727444,592.076621273445
519.956311972342,719.818835647177,552.377052574182,708.826396403332,631.188279329152,636.528861269972,570.119842072881,658.943119733608,646.672862430885,621.066611561725,590.099211371351,581.256154828844,604.399328040283,593.916700451923,591.910688304007
519.952844940758,719.673601346519,552.283972185886,708.939739558435,630.299371537634,636.517418713596,569.886981123745,657.898059734696,646.578431138677,621.056304420942,589.500405240545,581.094160907957,603.872847232951,593.797135552894,591.756717830477
519.967405252817,719.564095678572,552.111498262989,709.016983846664,629.24183060727,636.546469259791,569.677480088881,656.925326354036,646.498110659761,621.068666537101,588.980613327019,580.943526764167,603.325055227837,593.65529811678,591.616607607097
520.060009340876,719.49487902539,551.911799452022,709.106894160427,628.083223623897,636.776937740667,569.496469898975,656.027651638171,646.394864128337,621.00137344506,588.467383369933,580.80592440636,602.763049596694,593.525907399577,591.367404170324
520.168049055563,719.427899108825,551.560899516393,709.247400796198,626.806897927513,637.022672687067,569.346186842637,654.853344352104,646.277021938278,621.021930106878,587.948318607991,580.685020819727,602.18730021315,593.367600396023,591.082453903826
520.278291873385,719.427687137884,551.153829926579,709.38744539669,625.264008199746,637.248721310635,569.136485485833,653.704704804747,646.116657301236,620.92528805028,587.430287155121,580.570208551391,601.600820493064,593.194872390753,590.75801552233
520.440075389373,719.395536813023,550.701117273214,709.535373970758,624.033254321622,637.480647880221,568.956135801326,652.752922773568,645.927648976971,620.795072063863,586.907238783718,580.475156765679,601.007836415412,593.032276094951,590.531328717701
520.707952653951,719.352258146656,550.874420983382,709.610945711744,623.633340645857,637.706673508822,568.842453401235,651.823572453601,645.771556512484,620.698769129855,586.391901812685,580.414676405548,600.400213372713,592.899775109888,590.307955650831
520.943269531528,719.285352694724,551.116408681667,709.675458705978,623.030965195819,637.857140046557,568.752980498618,651.018073437789,645.612544099972,620.657198365639,585.935865872317,580.283769395149,599.715437505766,592.797839102397,590.069405287691
520.966451389587,719.218057155303,551.400913061565,709.732116497985,620.386711551671,637.961975231059,568.733218376713,650.27800708215,645.448986374473,620.714461705804,585.502071772055,580.177364311392,599.036751186135,592.820166506091,589.848770802458
520.851676666574,719.1514870112,551.6905637926,709.824681410558,618.632571189194,638.068431282397,568.74216369469,649.572616516518,645.289799767892,620.728321285697,585.062035579939,580.064148767064,598.366606753768,592.89951243347,589.714235188948
520.54904962843,719.07548494741,551.943796781125,709.889225857046,617.281887702693,638.149907338122,568.758811496604,648.900426297445,645.156247946455,620.660907022857,584.667157993469,579.967511634448,597.707620606423,592.97080654127,589.573337666893
519.819706076603,719.000671611642,552.12671154647,709.921273186162,616.139876907257,638.301866290922,568.819870062802,648.502433637974,645.072742380177,620.393788275024,584.310648123132,579.86871839007,597.062528383567,592.999121199247,589.421512558988
518.996466785143,718.929828072309,552.220353679119,709.938990168277,615.180552204826,638.366560562364,568.674284162515,648.120815030523,645.003524904381,620.122485518263,583.97994259185,579.69410810514,596.43366225266,592.890312028488,589.178584251235
518.087216151383,718.864514609091,552.072281574797,709.988654306071,614.34548415404,638.308476754357,568.49519451817,647.872356786684,644.970772033984,619.848235603043,583.725268839669,579.519387810858,595.8212027284,592.777065472536,588.961694683459
517.181125693247,718.882392114363,551.404363276518,710.073091520681,613.595741295009,638.309559992647,568.323583618205,647.598135411917,644.945257264041,619.631115846015,583.578239576665,579.350476551765,595.224569844823,592.65115954882,588.740582035716
516.282145051796,718.904894050032,550.563968419251,710.190134982392,612.829423518535,638.305430878379,568.163936099898,647.594783477571,644.918453232787,619.413860825857,583.427351267644,579.188525729202,594.643884710686,592.566623362242,588.597158307143
515.408781939412,718.931602875534,549.739638288855,710.326557782661,611.983659978621,638.262530726384,567.991446022984,647.5438456958,644.894736259014,619.189150379113,583.310796951412,579.034332143551,594.04608140177,592.499399058056,588.467224166416
514.701535299642,718.987410096755,548.93782166962,710.479998899378,611.234832509007,638.216329066293,567.726175886013,647.507679787252,644.866795244078,618.959777234575,583.285598833249,578.887883347415,593.432359403658,592.448640019385,588.329076549309
513.984149539091,719.060366279561,548.152169947249,710.638239230347,610.634812720873,638.141513962787,567.459662381356,647.568823448375,644.834334841396,618.650646751535,583.268961934376,578.74568218145,592.824935823885,592.438995732346,588.199525096923
513.22932047349,719.1413889532,547.355462806414,710.720015670095,610.970922427896,638.08607724685,567.247129217928,647.584714366409,644.785712482122,618.344180310363,583.282117948952,578.557864544273,592.224337143192,592.451775339663,588.069723649365
512.347813199902,719.219476429447,546.587959511563,711.212891993633,611.475102589914,638.027968544674,567.035056217177,647.578342363548,644.711245939156,618.042530811848,583.231567773438,578.361728908035,591.573588190288,592.472579496373,587.938915190312
511.312487567507,719.298260852163,545.882894625861,711.275911211245,612.122702518289,637.910616297865,566.851903191708,647.344712650827,644.618501453496,617.735824452854,583.161770876017,578.166107056705,590.923274880562,592.497322954782,587.820647013634
510.230008702237,719.373710666899,545.242483877028,711.343051101893,612.921203246986,637.823534512916,566.818343066532,647.093153279199,644.515458604324,617.419817504196,583.074565645111,577.950427329263,590.277055014894,592.54199821884,587.815225441793
509.031227836649,719.446406300985,544.620499349803,711.461291924695,613.834439167304,637.736539095948,566.895240213145,646.952431773383,644.408618459317,616.810600276895,583.028998243743,577.737383370788,589.636161149689,592.57155770713,587.765329517766
507.777874367646,719.498432963786,544.018692455149,711.594825083856,614.84292264692,637.638588417683,566.973339661577,646.777605753654,644.35091705759,616.151776892736,582.942191372596,577.527043084779,589.002709150264,592.459376756629,587.790234780196
506.546303602294,719.511902307352,543.271328477689,711.756344736475,615.908775289478,637.585554847877,567.075337385834,646.476025128821,644.25373222401,615.485848438137,582.87406340554,577.38586490765,588.379622089266,592.34027601436,587.819095577583
505.352093244914,719.520269748517,542.286234583133,711.894191098962,616.989249963551,637.590367988396,567.154591997654,646.208930470415,644.12269848099,614.82219876375,582.873052551343,577.283725195769,587.769879868468,592.244168382909,587.817487994396
504.207037699034,719.513525477102,541.036351003401,712.001199462133,618.048201984929,637.649853461534,567.239173670323,646.15406590142,643.979569076005,614.179466695575,582.81086517469,577.199146169765,587.175469773493,592.170099766585,587.872249166219
503.147320316097,719.518770594124,539.625891797605,712.104945511702,618.860863713902,637.74467836282,567.325743098593,646.152356696936,643.826203551758,613.802327503138,582.780318242537,577.15231383142,586.596709375644,592.189594157416,587.91973136972
502.329287186814,719.530024098681,538.16298483584,712.207043667335,619.612235552778,637.839351276235,567.42589498316,646.11571957896,643.665430997615,613.442639030327,582.752197416417,577.094278629661,586.032107970058,592.197850260568,587.997148135666
501.615012375414,719.685352982892,536.68043509925,712.309697125051,620.482394746326,638.020831447222,567.460486135208,646.00581614462,643.500372271238,613.099965488194,582.711440403106,577.029315300967,585.479007824826,592.248582510063,588.091889582683
500.909995535832,719.870584256411,535.169067279969,712.356394480642,620.680152610358,638.14795469916,567.447500063615,645.873824997135,643.333669051884,612.765167229338,582.596772259707,576.959019019945,584.934936413895,592.319826587139,588.183149634644
500.346157931612,720.081833792761,533.6684718933,712.399409377407,620.509457528394,638.161023016268,567.418071831817,645.712315322667,643.175815760092,612.439543095952,582.454673417237,576.882042265635,584.398865249184,592.411695152051,588.309870607385
499.766105164183,720.309546843895,532.155790945543,712.507084839362,620.306754038016,638.202733157695,567.401852937724,645.699411892598,643.028966199512,612.103544147831,582.278686320024,576.804882921553,583.87154436814,592.501363856345,588.392923289704
499.220114003352,720.550651502795,530.698715048617,712.613108300022,620.035637609165,638.235165305635,567.478746598049,645.658917939214,642.892843130947,611.838136857857,582.065479712139,576.71840837913,583.354813157238,592.590612481526,588.569606517468
498.564777766693,720.801399841338,529.320673397265,712.650038137213,619.739122436303,638.28515758548,567.74681421102,645.48970915273,642.769377534348,611.567578788461,581.959778742421,576.629354859903,582.86574652938,592.675107211761,588.690501804793
497.778704288853,721.055910435237,527.985781188804,712.634265280736,619.403422450616,638.324426081829,568.105580448999,645.381664531394,642.673353170953,611.216036910866,581.734820356124,576.54030633977,582.389100512762,592.744234206126,588.834513238958
497.048882659155,721.294718257,526.703660822245,712.620975099847,619.022987258464,638.220499356918,568.444306906327,645.233814081237,642.601577107815,610.853687505362,581.521108967841,576.488672059118,581.922212350905,592.857594400178,588.940136649923
496.305808795983,721.524096480044,525.51183557111,712.594649212072,618.566839716183,638.116076062109,568.735277317838,645.27750927837,642.525049059406,610.484079149192,581.279322775613,576.540104565493,581.463264479813,592.990785146075,588.968868155141
495.662423511902,721.736113504995,524.384249615124,712.576506618359,618.073390078017,638.048091222584,569.108692561517,645.357534619404,642.456028000481,610.107976483615,580.961318541575,576.64021158118,581.012687904731,593.13268249851,589.096151180588
495.037088696435,721.941630940498,523.269577627465,712.586389414819,617.55279497457,638.124485538678,569.440451805314,645.585617532027,642.403570818722,609.776732356852,580.686964115013,576.675928044745,580.565631540728,593.308977593113,589.085492691602
494.525626396067,722.136661541273,522.227552171578,712.435807673551,617.01649179442,638.230636249178,569.570616109289,645.9440656381,642.366042604232,609.588508565491,580.508571784989,576.71460313449,580.130612666878,593.511934980385,589.096624379739
494.216907530413,722.304355631234,521.215545213195,712.228842879518,616.348575445127,638.360954235073,569.701842986925,646.563173916279,642.342385854177,609.405657966937,580.340845397553,576.755178439198,579.697652780092,593.707220043222,589.073617410308
493.888606599656,722.313878145972,520.136511524774,711.940664988914,615.8202399196,638.469111760911,569.71476303069,647.002881818576,642.31797736419,609.232284441561,580.17812089077,576.810056186828,579.259137372903,593.859736958849,589.066169188774
493.560956023244,722.265461801408,519.124494229197,711.623184073005,615.315092954215,638.454681472068,569.689761874648,647.495225862201,642.241029228819,609.039730199903,580.013473427256,576.864841128129,578.827855409045,594.006026249927,589.073861102845
493.16683948532,722.215139096978,518.10845288741,711.291782675007,614.83985507042,638.4414115902,569.59579222163,648.053085930742,642.172939899328,608.868093119858,579.823999712382,576.917964042469,578.390837701126,594.167810182287,589.08076949032
492.804132253695,722.162290314112,517.073382512934,710.953383113016,614.580224795294,638.439340738963,569.350264988095,648.444580195934,642.105997307903,608.748046853967,579.455551778509,576.980917063924,577.941860429351,594.334356051406,589.146749166073
492.468574526787,722.13642588367,515.99610999505,710.622074415834,614.370441691305,638.436401670136,569.094871873198,648.608951709587,642.065394576393,608.648748379161,579.059055886654,577.041138884508,577.483545976534,594.502787862056,589.283705416747
492.222380183073,722.11153222365,514.943875840286,710.312257530286,614.177220248113,638.279029971867,568.800842211445,648.606294106648,642.029650601646,608.597857251828,578.604653434654,577.097332790837,577.017237985223,594.671994295207,589.419997754911
491.81571196884,722.086994372089,514.000792565145,710.037643276624,614.139734234037,638.041853438167,568.493446333549,648.697409266096,641.989225435747,608.540290544934,578.097923981357,577.146467462051,576.540440159756,594.83983404858,589.546264464058
491.418251018888,722.063453864369,513.060787884911,709.874820226383,614.128820818762,637.747234897766,568.110372231279,649.196843608871,641.946236581836,608.477230695224,577.549951055612,577.17649570915,576.048850412042,595.00491422135,589.685651561404
491.028484225509,722.028389424813,512.164397986965,709.876125527081,614.142592824415,637.471762954124,567.718588751327,649.704912406163,641.902467402355,608.397270313176,576.947088533616,577.210532963155,575.550279117776,595.133679664639,589.84709368981
490.584234465099,721.993113863474,511.264192526969,709.899287123056,614.125782682921,637.215977874375,567.310887806472,650.262021431177,641.859988336163,608.298219147985,576.257609836164,577.190921180658,575.042913944707,595.233505479471,589.956007673647
490.178076526983,721.95077884523,510.374717284204,709.949449949362,614.077315682945,636.965314948872,566.585055228588,650.71238367215,641.817900265032,608.202063724564,575.594170901704,577.037312355994,574.515633575524,595.224668708359,589.916884480346
489.816795212406,721.950986144245,509.501918258567,710.021345778167,614.001101892389,636.740507450985,565.885567335051,651.091446402902,641.789920341172,608.107793200082,574.920350929652,576.877310339072,573.97399906197,595.203220208997,589.796658844979
489.963086354961,721.9478577258,508.600050761984,710.075046281987,613.883643439218,636.7705295449,565.176782202246,651.122315070401,641.765467477364,608.055296854518,574.239746032478,576.727481683603,573.436132498871,595.174829099038,589.77882187575
490.240324634506,721.864180812635,507.747570160993,710.130548724366,613.655565781132,636.725175292251,564.470964939428,650.890896992401,641.654770051432,608.018694599996,573.599710095065,576.695814010404,572.90483496103,595.144333138573,589.760840000428
490.630391855116,721.778208301784,506.909239646741,710.120953338149,613.470955581746,636.669919124131,563.779311564095,650.589394302698,641.544607961828,607.970354993079,572.935745066186,576.662956944375,572.373040218215,595.115041603821,589.721353973308
491.095494534381,721.687087503695,506.091517614968,710.09609048788,613.14534181609,636.567166610242,563.145170631086,650.271726281364,641.413155292272,607.921566422342,571.631648040361,576.628609265952,571.842818442598,595.086054894209,589.686725854919
491.558998459946,721.608382068885,505.331890102321,710.063177924987,612.829539655662,636.452102753066,562.524562967349,649.875383234516,641.339174483546,607.897711610819,571.014179672286,576.591098730303,571.31579205742,595.055235796692,589.626046293022
492.042908419078,721.527988876607,504.614971804463,710.000211034758,612.541220932945,636.35459190901,559.801435610312,649.432897682518,641.243864940028,607.867173001275,570.680351639328,576.566521923192,570.796598752362,595.028641330611,589.553059319843
492.401914217079,721.445394733726,504.130750627666,709.930213487314,612.301928099721,636.277864397046,558.753593180747,648.896140336292,641.170197089097,607.810511284923,570.333335694042,576.543131806343,570.29231319757,594.978161645011,589.473804767928
492.236885664691,721.359310842147,503.553183396944,709.854047827053,612.011250514956,636.221749564724,557.609716104213,648.198383324126,641.102562480822,607.741096113317,569.9734960998,576.52088094433,569.794608501472,594.930366292922,589.380789316137
492.027729257196,721.268250233156,503.106082756809,709.773368899752,611.739848074407,636.160263791497,556.505348248262,647.486449417102,641.037987004575,607.626720228266,569.59509929761,576.490934089007,569.30227781476,594.897023827308,589.275888481141
491.835949513234,721.17113459397,502.664415325227,709.663289676392,611.567264586445,636.093660505222,555.462259355876,646.508577653935,640.976497678088,607.358298680599,569.243447908605,576.460750054912,568.801427817595,594.839845561268,589.147705077317
491.444042380922,721.067380444574,502.25875410729,709.595977143518,611.406961690937,636.000623228738,554.528663110194,645.310175248751,640.91788813963,607.084935968754,568.866030187184,576.416523730899,568.31722812956,594.804935324025,588.876064243411
490.978140222202,720.966678693944,501.8987155431,709.528754021342,611.260013568858,635.902296845982,553.661333034771,644.203690944347,640.861905532976,606.804773565396,568.458943533539,576.370759537567,567.838910709876,594.749540740641,588.542879835081
490.509039732502,720.884357222512,501.657838440938,709.454661497012,612.159838556063,635.856609359696,552.947253295647,643.133509222581,640.797899862773,606.49969437986,568.068414065673,576.32640415289,567.380520596013,594.699284066355,588.094301364143
490.022805585006,720.82833134113,501.436091712017,709.427066999933,612.934610545403,635.990873987088,552.312030539346,642.005408310299,640.70865552347,606.186478122922,567.763763787447,576.293625051065,566.970155061331,594.674603596015,587.756021618267
489.456962665622,720.716294532087,501.226481220644,709.415411181536,613.369999974272,635.908715959752,551.754926822079,640.750504053322,640.626909395701,605.873396136517,567.514432360628,576.312425049281,566.569769124394,594.651816017497,587.433634154288
488.857558249519,720.619161282349,501.022770177303,709.420580378697,613.300937203608,635.933954507483,551.206583185766,639.71241073693,640.51332966984,605.567932695141,567.266444301375,576.329485704297,566.220789003703,594.650572516426,587.161217801612
488.206560215028,720.520894970481,500.81826746312,709.43795703223,625.36778084638,635.980395019876,550.817685304637,638.938634958321,640.344406465203,605.263065391906,566.993030036837,576.350752339829,565.894533814846,594.643184272123,586.85838721057
487.534425450269,720.415852735924,500.606715805799,709.37788871621,624.838854788667,635.969561077112,550.475118364836,638.233440598287,640.192329785644,604.967366038071,566.768822153722,576.374530020094,565.577794094256,594.620281801994,586.568124955248
486.844408169321,720.335432610885,500.383666529667,709.416791192115,624.316326312552,635.866557545486,550.220813244286,637.735814912988,639.952306681106,604.680659844933,566.616793428824,576.394903492338,565.270220383759,594.609501571402,586.334039740926
485.832363820323,720.250640263037,500.146961071644,709.379242286632,623.811287205724,635.781178459414,550.031886023695,637.289645286399,639.65251981131,604.382523657691,566.277600445947,576.411670964978,564.973570817275,594.609474906803,586.101275791326
484.839540521659,720.161814071829,499.978822412018,709.332012008601,623.371247783826,635.730019464167,549.864947507185,636.896674813431,639.360379074591,604.03797490581,565.924522946924,576.411389485308,564.67344794672,594.596399010193,585.837556310284
483.875142107904,720.06990998053,499.873811119355,709.202549717822,622.921040189905,635.713001099201,549.685192293204,636.356141204852,639.064367452291,603.64944554292,565.563019889388,576.38838243941,564.340444527095,594.568278567308,585.590585824327
483.114845099405,719.979014477598,499.77295691761,709.079354990052,622.496212070034,635.78455145027,549.440327617687,634.52859807287,638.770975368729,603.188892279887,565.15439620703,576.357344160594,564.015150024281,594.544481783118,585.359756579434
482.344604944679,719.901886005328,499.673738472185,708.930956978785,622.09576309606,635.869476979292,549.175808941994,632.740078851358,638.491862567923,602.704988461631,564.735195435916,576.319394381897,563.686534477804,594.493790536212,585.114003565986
481.532283162243,719.827430036205,499.626828319466,708.83107081656,621.7019437594,635.960088009117,548.882738234226,631.310121884361,638.2539204303,602.199189194617,564.283272646447,576.243929842273,563.370376568862,594.435882782206,584.90609439827
480.75978377884,719.744316559009,499.66936470866,708.754999638568,621.362364412202,636.048799275321,548.538140160895,630.370368572983,638.025489569288,601.673881897971,563.947639445493,576.1872160149,563.064489589934,594.377456601572,584.792660643973
480.136570611703,719.602080808403,499.785684353075,708.788450432092,621.03144965709,636.128202024742,548.255634549221,630.283935373233,637.804607351886,601.132479498566,563.63157231981,576.098532900395,562.778692386104,594.314829876675,584.697888330238
479.585882959944,719.469219640346,499.906836267397,708.824083710108,620.794149749924,636.14710135778,547.981863699001,630.249635690803,637.590781197765,600.579171852583,563.449277470642,576.024210392509,562.50659620215,594.258243089778,584.61739683537
479.06720955645,719.3367215255,500.027316022346,708.805487736231,620.694371339736,636.117059689771,547.634364640561,630.33338004785,637.383040021248,600.033797360164,563.108706454388,575.934169501426,562.236081325686,594.194380826365,584.541872612461
478.680400292858,719.195083906264,500.143738192784,708.838539485461,620.593866122043,636.065238618922,547.5236181057,630.512704839292,637.180691730694,599.504815241848,562.763752650728,575.831700136173,561.98268763418,594.129111106375,584.468789907592
478.298354560681,719.069422295448,500.256599550971,708.87188248568,620.501568287056,636.000661137283,547.403388441401,630.588202159404,636.98996119611,598.988155571122,562.496309195584,575.742957980026,561.735604761177,594.083192512073,584.296355591176
477.934962321361,718.946751153096,500.368888188769,708.834366159308,620.447655627695,635.785135977824,547.421484914162,630.859125129799,636.671083832951,598.475811200646,562.194486289905,575.642244217812,561.480575505046,594.049659343479,584.126784966557
477.661531978801,718.821217585239,500.483577567437,708.722462739638,620.417587322439,635.510379399022,547.460699565292,630.87090656615,636.380494304208,597.9751453839,561.810246757354,575.571138736774,561.223336816738,594.016048625234,583.972863489537
477.426550612063,718.690962531111,500.602906032226,708.589389077641,620.39991338111,635.205222679994,547.49699049281,631.119619764009,636.059854202759,597.509355870875,561.473202934506,575.503898761355,560.967896169611,593.922848974327,583.832752137509
477.218180872026,718.569313724364,500.729330917525,708.489263377291,620.357580293525,634.909353664025,547.521035463689,631.262993971313,635.737530172983,597.098954097574,561.078272352971,575.418869925095,560.711327826643,593.819478822038,583.778488793352
477.152368956695,718.434163215475,500.86650810118,708.375967377287,620.324112300354,634.624869855219,547.539702200145,631.122432569411,635.457650419079,596.723066067961,560.649802844408,575.34464041846,560.385959160584,593.726208102551,583.727341285911
477.110027363239,718.307055019207,501.017940989083,708.137525738206,620.296375116185,634.372540538811,547.597449958836,631.14233968166,635.21049627405,596.316176886696,560.211550307554,575.275113276016,560.040335691993,593.621266160257,583.668439517687
477.115417737457,718.199150289157,501.059600595674,707.885851656078,620.417654542033,634.141676576935,561.161179303866,630.626993975312,634.917954226289,595.978287043146,559.573270171943,575.198278199469,559.686032693004,593.526524964507,583.634136287275
477.274833129966,718.106368858578,501.400822071236,707.65463158806,620.526623546788,633.891357701011,561.300694417833,629.859459038081,634.638606532984,595.693533090527,558.884452842443,575.129926293873,559.323913013024,593.450405788435,583.646138093257
477.464873595502,718.031588595112,501.850142247005,707.343445278111,620.622342334439,633.622996755451,561.522403275901,629.302886696695,634.376581522949,595.45107484791,558.206339583623,575.071265598901,558.956080039379,593.376914108935,583.680717664439
477.658780704364,718.000089460865,502.303009211841,707.054811015005,620.675279046832,633.403875086052,561.68841962396,628.281175956086,634.184561849757,595.209311636597,557.430942487914,575.049849483538,558.585245778773,593.362127523921,583.708038279092
477.962988727039,718.039070701401,502.751192418734,706.78525257371,620.683054117319,633.172593545453,561.844650966372,627.518136820997,634.019326251898,594.928155604368,556.811712969276,575.020681146123,558.270800740219,593.310237414388,583.70412225743
478.153073231775,718.071105400107,503.253588852996,706.531143645345,620.644287088306,632.907665383987,561.98646175077,626.716901126696,633.969865787815,594.717372708275,556.214302441568,574.991523474557,557.950673924069,593.238258438994,583.725355268232
478.277711487386,718.098794441126,503.57057711496,706.295351085988,620.55879147976,632.637034065997,561.950488072745,625.942012235183,633.936813444123,594.477594537766,555.695178480255,574.967573855132,557.62684779052,593.195673327903,583.726765282787
478.285477787306,718.119535189585,503.912824704519,705.974351794413,620.417576016771,632.259709832298,561.92491266853,625.161904316326,633.938261962638,594.244124611237,555.235805395349,574.969499859392,557.260122631203,593.185214330183,583.700676187591
478.292370382415,718.12800086976,504.175810468782,705.668618887911,620.231625230005,631.916377109784,561.89846144988,624.366672196104,633.954064313177,594.00365923779,554.697580108714,575.012682803218,556.888084740851,593.112892220994,583.633047102064
478.153107856357,718.119324774435,504.458100080749,705.375671923324,620.031376110433,631.596061935785,561.855945388991,623.12588386215,633.937149669733,593.756097844436,554.190737013762,575.088890450105,556.511484085785,593.030127769531,583.534338906127
477.912269776449,718.108576604034,504.759472969355,705.102253653493,619.803913507683,631.292960620678,561.786601921036,621.919295653192,633.930056183448,593.544797554651,553.846890625059,575.156327961475,556.129039045829,592.96855912916,583.429201740743
477.616209514805,718.062300348938,505.053569583148,704.837828304668,619.550472776146,631.008254618584,561.70598182353,620.778080867405,633.951223521095,593.309649179231,553.554018027689,575.19078286774,555.749764863289,592.887878586219,583.34800313441
477.17532148213,718.006301865655,505.365446226915,704.567705319962,619.486162220908,630.76409168853,561.574684181908,619.75432395113,633.965781541841,593.027311622471,553.280928467293,575.220683964655,555.375744462845,592.80731491731,583.289917970867
476.676340970038,717.942831714748,505.739435014559,704.265142106503,619.473974800941,630.495643798496,561.333107550015,618.760227817615,633.958512747489,592.72990364096,552.997259885669,575.257558763872,555.024829560522,592.701548072447,583.234166275264
475.957281082516,717.874212947091,506.161765597481,703.958268224272,619.483745239639,630.210683005473,561.060036854503,617.888736649091,633.965298224104,592.413546996262,552.698962780109,575.262698196308,554.687068071457,592.603728277093,583.183324880365
475.279736533763,717.803102083947,506.520556652705,703.62310437934,619.460556870174,629.942435223733,560.691044195278,617.071956997079,633.963140090677,592.09207144911,552.450246359837,575.247880039191,554.344960460048,592.521461139945,583.134365794685
474.62211427307,717.775982259125,506.731662801044,703.25736125122,619.403732615099,629.718158306572,560.291326082431,616.224564515534,633.949488089035,591.849166365054,551.946622220654,575.241025979069,554.003124340528,592.44222143927,583.073402488939
473.944467764875,717.725591353677,506.926148695584,702.842397928376,619.387725379785,629.460998954138,559.876465577368,615.495326923607,633.986861636612,591.608562518048,551.462865261225,575.242077460332,553.687607902253,592.30679302727,582.832438411553
473.362401610846,717.664700650071,507.063097495533,702.38078658512,619.365557562602,629.250427012524,559.316343282774,615.077907230363,634.056005264277,591.46314073486,550.960854740538,575.259853296609,553.386425210217,592.174920273932,582.580189894923
473.314770769068,717.568294392305,507.102275550362,701.868274648841,619.327802203478,629.043420658025,558.570137692754,614.749312621329,634.099293346568,591.175592268494,550.448532518146,575.28274535345,553.093996389706,592.054129425597,582.319536061143
473.315036266228,717.515963438809,507.137015817944,701.289797737523,619.270587379687,628.808440616119,557.810372695178,614.445103322161,634.137826623452,590.905797259535,549.82788764924,575.319671653231,552.81997524381,591.939295559269,582.025966672295
473.31010264496,717.461659954517,507.08319545521,700.647700807096,619.169587800082,628.558771814367,557.045948306954,614.18142715967,634.119382537403,590.665902476343,549.250704450274,575.346982474215,552.549102074322,591.774598461821,581.67465543314
473.259497277945,717.410359557388,506.993403298701,699.969276593423,618.88745924545,628.309419958699,556.254583380734,614.096839698355,634.062935603742,590.459463789259,548.725783475821,575.375157263987,552.28004598615,591.609082768149,581.351108946341
473.17108841089,717.349740122078,506.852493828947,699.355837046338,618.648025051336,628.060732256435,555.479305776213,613.991811403519,633.979415947611,590.255171455895,548.357327019482,575.35969069752,552.01025838795,591.445094731193,581.080341338033
473.05815323623,717.253586710998,506.661546368568,698.87986786015,618.413404371093,627.813280114558,554.75032574319,613.857058171805,633.877490508007,590.005338558252,548.027503269408,575.266170797821,551.742692459894,591.293528150631,580.852704009273
472.833719547063,717.155377227004,506.475159838718,698.777235561551,618.180093355291,627.565655123084,554.067301969987,613.760383438223,633.645838674253,589.747335821842,547.731668508519,575.180064124592,551.473717245748,591.159865347069,580.674387175964
472.542815707149,717.059763631525,506.281038275687,698.666735927827,617.927376111707,627.388252917995,553.530121324821,613.652027741571,633.405585750848,589.510690027534,547.398635644598,575.033302041423,551.190011123115,591.225100417355,580.328597295608
471.873918028985,716.966994960386,506.100464312404,698.562327270312,617.673856434722,627.207790620698,553.01496578982,613.520414139483,633.170899952436,589.294009795621,547.047664991539,574.883156360194,550.895455560056,591.295336732687,580.012716370427
471.127299182664,716.876958801033,505.885016836863,698.463436911209,617.417727484496,627.023547411083,552.437505397523,613.452219693131,632.945531135702,589.095403149089,546.757905870584,574.770262618781,550.595457009393,591.330014164137,579.687131775221
470.331563090191,716.788869081303,505.77735893062,698.375657552363,617.158487970606,626.863994177796,551.846022594635,613.434811864159,632.722489759142,588.915021893307,546.532690049813,574.717668470543,550.29128933824,591.362311856741,579.408034275901
469.460233651891,716.701786554596,505.644144371163,698.283632873452,616.980948471376,626.72149094249,551.229950294994,613.915106695419,632.503838414239,588.793646832214,546.365768325972,574.675814578768,549.986728900187,591.393494418262,579.133235917965
468.617486975395,716.569111126957,505.569212421466,698.198304863045,622.210667967164,626.597040332957,550.473592136476,614.577141673358,632.185796346834,588.639971497357,546.255204666155,574.623507086559,549.669199613982,591.370254394163,578.961770627508
468.017585391187,716.432749122772,505.464405988496,698.134236187342,622.164644746287,626.485581917891,549.58089463629,615.407314472075,631.849925339043,588.421119350463,546.183877604441,574.554746410285,549.324026731367,591.333004830604,578.847794722595
467.45434652842,716.290131221131,505.346558648454,698.05139872899,622.112928585509,626.306964140556,548.493815202672,616.497249359076,631.471285009184,588.18939306705,545.912733941962,574.521876807964,548.971510742984,591.258971543451,578.792523499309
466.965841929626,716.144547548352,505.258448649996,697.974379065254,621.602360692008,626.237538545429,547.359315393292,618.200786700081,631.097701107228,587.980698545765,545.713261890742,574.499973352588,548.613473028294,591.177438743751,578.745613259615
466.418608905451,715.960247725098,505.205869180562,697.976070244896,621.183081609629,626.172877036826,546.120073642333,620.382006797422,630.736891137192,587.71147522598,545.51517609049,574.470902940242,548.251475735147,591.098935822816,578.704736516406
465.947201861914,715.748833914976,505.299990519802,697.976972995568,620.718772083365,626.110228449572,544.884216241264,621.225043368652,630.396088778504,587.421201702042,545.309980185531,574.427157486082,547.890911717598,591.018222822712,578.668783885438
465.587938555092,715.519316086746,505.407954752064,698.473984149681,620.244490876306,626.052617672476,543.730497763907,621.446561233005,630.035650397768,587.111810693282,545.099312357816,574.399564364531,547.507574519757,590.933213885583,578.63558864129
465.286863879076,715.285458613641,505.594832967421,699.052565381691,619.750882485221,626.020311759235,542.812091639081,621.691788550337,629.67338316118,586.914972221017,544.908149761367,574.393167959164,547.092052763764,590.880992884809,578.675130681521
465.073747943463,715.047835674847,505.809794531285,699.665793308217,619.243737172343,626.010254867149,542.074442416335,622.001533590957,629.326984235885,586.737860355117,544.753662336963,574.386275022849,546.669190630088,590.889651518953,578.714963366094
464.946709045845,714.806781503141,506.018989917232,700.263390056091,618.744081921237,625.986613287143,541.411220937362,622.038011416636,628.998513961121,586.541511489379,544.635708367404,574.407855344618,546.258009675877,590.898325417633,578.72385174215
464.876128905675,714.562701017659,506.11160377521,700.816872055737,618.268754071446,625.919332044429,551.32985426393,622.395803485229,628.6694619123,586.328840165792,544.507911952557,574.510275055388,545.851626837821,590.886330801274,578.731977289718
464.894863963915,714.316129121067,506.139961355342,701.25946505544,617.830942508943,625.836303163304,551.259192166475,622.723523645793,628.36916438716,586.125775923316,544.34270865066,574.613950034186,545.450976919202,590.922554249749,578.711501109819
465.000766844852,714.068164077276,506.132159612658,701.604329976407,617.429371264699,625.6900868999,551.217558609458,623.15999085589,628.08491359088,585.920375022652,544.186286814666,574.694359085454,545.055958764739,590.962621119738,578.631187758944
465.233528052731,713.833877251446,506.174353162973,701.859474414373,617.085669681636,625.46292692915,551.202187245974,623.43344640832,627.817530465987,585.790982717485,544.093936583938,574.774914000916,544.665470180082,590.984505508529,578.535691950815
465.310742706986,713.594277229609,506.227286942117,702.086133972434,616.806362654321,625.050888404187,551.207439898172,623.840259322479,627.562347589369,585.657771021111,543.98276105536,574.83934797586,544.263511245025,591.024718556725,578.436573885619
465.598507361608,713.350305215647,506.285257382904,702.264957028418,616.460874236104,624.66765245438,551.39531605749,624.489640812659,627.346915809243,585.439970645122,543.88929666645,574.92220126779,543.843638356748,591.062828625378,578.383455621813
465.859748368425,713.088431599878,506.342773173765,702.454727920943,616.12213105856,624.284238734003,551.639879603837,625.065173486365,627.138766006459,585.120209989571,543.898437963612,575.011950754849,543.420587279979,591.090804188726,578.341214296844
466.144833387156,712.821793894593,506.489156923932,702.605224177392,615.818985675015,623.892668389445,551.875023446001,625.843500350518,626.799395703567,584.940290435396,543.926546047628,575.083628476559,542.994711542775,591.121395847199,578.215453729705
466.46323006358,712.553349714237,506.76655182721,702.758756084556,615.540446736512,623.43938643818,552.089472795424,626.32364358688,626.467228098132,584.699046301304,543.877181520581,575.151008326359,542.569092042114,591.143150487654,578.103952380869
466.821899974815,712.284725504886,506.977180446925,702.906552909142,615.29181785492,622.980328114647,552.126393403579,627.457524246261,626.138304446129,584.353149648602,543.897664084456,575.21198742743,542.145142332889,591.138579889872,578.000042217646
467.200107588861,712.017924201897,506.818418925494,703.051540991583,615.067073281991,622.561532005692,552.196525198844,627.671953080772,625.811290126654,583.918878447594,543.934228492733,575.251248682238,541.718420824477,591.089208411635,577.874066130159
467.587820731086,711.755331428827,506.639417827665,703.186386281451,614.856993554313,622.150125627595,552.245578769557,627.904500839478,625.488151464715,583.558738030409,543.946724679573,575.275595755837,541.293751079291,591.022829027532,577.76645602182
467.894131259479,711.499316180154,506.448643931279,703.304411161297,614.650255739419,621.754771799649,552.176265119334,627.821457082076,625.169872266043,583.222110271601,543.949968490815,575.302622809268,540.883065310433,590.970201270566,577.574999988383
468.168415139671,711.25085236508,506.017522592528,703.401373327334,614.434588943106,621.38397865652,552.083619466273,627.535652062695,624.861813241392,582.905612464844,543.841123378079,575.353923163773,540.47071319337,590.928265617373,577.369173071553
468.398826834779,710.999269128855,505.493927716323,703.476599124583,614.199371508102,621.045742765087,551.994264104185,627.481918760575,624.565603871927,582.557543617841,543.620141588449,575.404089704986,540.054465725227,590.909322584052,577.115454880975
468.569718815125,710.765228097936,505.19152542558,703.494195617709,613.938215193998,620.788888593315,551.907733799326,627.461164375333,624.278922099714,582.268844245047,543.300583783349,575.441118790183,539.616386474349,590.890395781538,576.855817289287
468.480906706179,710.545949745655,505.02772511925,703.451533333603,613.650425780245,620.487903866578,551.823146105537,627.435540323393,623.964202824589,582.022572760455,542.997384783174,575.394443738276,539.172912061942,590.892383622372,576.589586267529
468.076555801343,710.339672743665,504.934339494197,703.426291564933,613.58580788635,620.146750795773,551.73896946728,627.521178175757,623.641080115304,581.791893608395,542.724334368522,575.330749082513,538.720323551531,590.942414325011,576.284334990721
467.68709043704,710.17101596367,504.834150651891,703.399447697436,613.491359257625,619.731272617213,551.71998138064,627.518823438092,623.321544495952,581.47823136601,542.641243591895,575.277260153206,538.235712010589,590.988024097977,575.981972257775
467.345154623345,710.004125621801,504.960196902713,703.454447530732,613.424962487776,619.39528964955,551.71262682747,627.331354982011,623.003477345115,580.99126611574,542.611259005395,575.218000305858,537.741344041523,591.03201692476,575.697833737138
467.019515304139,709.838698722006,505.104415203558,703.505174562083,613.343115809487,619.1174027907,551.716368382249,626.994834550534,622.690650613295,580.50202974742,542.593326871443,575.138431994265,537.233772351091,591.044373799755,575.373943607204
466.678705697766,709.68267482457,505.291059158106,703.541652621377,613.282383681271,618.828295378434,551.654311665311,626.613786352117,622.378751957498,579.964456871511,542.56830557694,575.061198656577,536.710970285386,591.048652998338,575.088459707986
466.355122666735,709.522561891389,505.601136768957,703.573125937688,613.200982222203,618.593077146699,551.51446223418,625.983043523891,622.0769419377,579.418360265508,542.523213386949,574.944146801308,536.166320519687,591.051925889486,574.796102920808
466.151423796648,709.353724036786,505.779626844408,703.6000860784,613.182668557556,618.350146826874,551.296149475066,625.240834310526,621.74967195711,578.906871081713,542.491786560883,574.792248269658,535.602425789938,591.080374570335,574.504138361784
466.010180190295,709.178996226918,506.070148544022,703.614503501055,613.212786422316,618.129598504171,551.061147945201,624.325980201302,621.417120500988,578.602140700971,542.454830932464,574.640916635719,535.017819671666,591.121640189133,574.180283951581
465.880208557347,709.025632588679,506.418344817584,703.636299542942,613.268560490915,617.894285044993,550.79708050186,623.236213531689,621.087535626532,578.402709185573,542.400648518513,574.492239882583,534.411267930832,591.158073270465,573.853964435587
465.741186462609,708.824934700432,506.734709611605,703.598210347331,613.397396104236,617.707322142479,550.535339869278,622.166459319446,620.758787084406,578.226724212452,542.350266227898,574.342613961817,533.781717723063,591.204722308179,573.600378215958
465.538103878327,708.615827302973,507.050701924684,703.37740458683,613.622938373706,617.490532194927,550.274297195625,621.162931479684,620.475363660515,578.001594020264,542.253120771466,574.199320806596,533.118469570947,591.246802053356,573.365569578779
465.3181461049,708.425787642133,507.353452074618,702.967216492559,613.898583500389,617.313066612026,550.040589592294,620.3127094658,620.186658397199,577.786929142274,542.070139355153,574.066381521958,532.42204544306,591.283120492757,573.152999453417
465.127093679484,708.20336285598,507.751880304304,702.62990165455,613.965922211104,617.199313274036,549.803031004379,619.530775136609,619.886995672709,577.584406726783,541.773918949152,573.89252421919,531.70195912365,591.429758207384,572.906863594496
464.686625929503,707.954942701589,508.355055011581,702.344515283085,613.878437054424,617.085434744933,549.542680741312,618.719450083395,619.568199013915,577.395768583918,541.473029176522,573.707983071498,530.960102492305,591.592135373962,572.660352075494
464.2736542179,707.71793980496,508.84690829157,702.120375124972,613.767006742481,616.903861846764,549.260593951733,618.053873652011,619.230368427442,577.222608423479,541.201414650145,573.521207800738,530.199300977001,591.746884506279,572.437518326842
463.867611957645,707.474854214653,509.28320444493,702.005651695703,613.762645068904,616.764271814822,549.099054202978,617.436239975393,618.870692235637,577.068786518529,540.921309860169,573.331046083916,529.423589456859,591.901546947226,572.216214943943
463.488142712973,707.222102040807,509.643414455327,701.88632535764,613.744802449297,616.548106801118,548.904734553932,616.880629533505,618.486785374127,576.858161975045,540.634722815591,573.159650602252,528.637583556248,591.996681740856,571.99310127664
463.001724125808,706.961967299941,509.642462040062,701.767997685625,613.633347048542,616.339404232014,548.681328688662,616.397697434104,618.076837396246,576.637509176247,540.290300045985,573.092476248075,527.845698038578,592.10995304101,571.76252750053
462.46445540923,706.694459294279,509.619330160681,701.632556598073,613.513708092838,616.127744666304,548.452984379313,616.086190552605,617.639813759101,576.477864111353,539.896933300352,573.033383386134,527.051656067675,592.212986035195,571.541348931545
461.952103897695,706.420306876929,509.564072775046,701.495494117385,613.290390656642,615.943479769294,548.223605967494,615.674289381885,617.05214644142,576.512303563479,539.503307104969,572.980041923027,526.265232837033,592.322526900331,571.279677919751
461.51190713238,706.157703669111,509.490752494652,701.393319988465,613.053121127873,615.840835333206,547.855201811759,615.392628255727,616.424590672767,576.593821384674,539.116526882969,572.940889408555,525.486135016652,592.436312980203,571.00507365105
461.107433479724,705.89922236576,509.333356102483,701.281779032533,612.807451809141,615.722306592736,547.511498216041,615.151885188632,615.744237717806,576.678300610635,538.835581441573,572.910156617707,524.694081870611,592.538107135303,570.792611981028
460.803275075798,705.629625800698,509.013966910375,701.070881359659,612.557625120493,615.593098100848,547.179971033864,614.957171661845,615.042297096696,576.706244508678,538.589495630247,572.902732265802,523.865983005303,592.558876018355,570.605354918662
460.673242031982,705.370695116464,508.676627283617,700.906460795799,612.29888676507,615.404975742621,546.856585534836,614.819483902946,614.320089238073,576.625993181824,538.351638304111,572.873544323874,522.968475247337,592.583845635052,570.42382716077
460.655342703211,705.170887402247,508.303438523556,700.741641438216,612.044545262218,615.194322696869,546.56130699417,614.746717610804,613.561834153467,576.540118974214,538.034525170374,572.841717646006,533.049659542813,592.582748925584,570.266180952029
460.824210160146,704.929345124991,507.945522265856,700.600514308935,611.020386924449,615.113982514038,546.28226952583,614.698043933306,612.740454773966,576.432782640029,537.656862339242,572.809309265289,532.589716316066,592.571551232177,570.1139438472
461.26667256334,704.699289435885,507.513282782679,700.376630807295,610.053341763038,615.025442200326,546.01724815005,614.804198738255,611.900336580963,576.340251482381,537.331699666466,572.771535268864,532.126651937965,592.555775552888,569.953861856219
461.913298267393,704.481725960526,507.040437667317,700.015010193469,609.084277233502,614.938021254525,545.767536096603,614.948303388733,611.044959902169,576.267466185881,537.036878717414,572.737644081946,531.666997316085,592.52669067558,569.700631015307
462.637201428618,704.276152551864,506.552016848431,699.548006131601,608.124295036058,614.778427795931,545.64850113729,615.192511486862,610.191485990515,576.11540000934,536.742301912529,572.713093061211,531.204686426017,592.430391789911,569.449537856204
463.428709900715,704.081269023752,505.97170733128,698.94745908312,607.063269950247,614.606851607265,545.539370991732,615.475053066389,609.361694773328,575.978161697771,536.447553192964,572.736920717788,530.734220791452,592.329969171178,569.219968254491
464.054759895036,703.914351523218,505.221494350633,698.276330212709,605.986357213632,614.437560809725,545.436595637847,615.777300752359,608.564024680018,575.825133492915,536.151257579012,572.844443965978,530.262294747163,592.229131140803,569.011840854488
464.676116207645,703.754565116904,504.488223952028,697.579724638091,604.937394038048,614.315145494504,545.314728061809,616.157591437475,607.803218972372,575.624174727431,535.854904353742,572.845257267789,529.787812516605,592.130803305604,568.824079989411
465.256418653589,703.601443760194,503.701930701725,696.912128443788,603.938249966942,614.299670226011,545.123518342045,616.531367826814,607.069513346342,575.419742604346,535.554348692717,572.828072340795,529.306526060086,592.037185412126,568.675124225912
465.782085471924,703.492838856301,502.867655312314,696.283262441722,603.138711349945,614.286789175435,544.811173259734,616.998419400919,606.360488425353,575.219206883315,535.248198037121,572.801830781392,528.815817042294,591.931968625723,568.584361473348
466.238966248666,703.392674919355,501.988165810641,695.633792370997,602.450142667352,614.252078803103,544.466734040779,617.36283939261,605.678681207665,575.094341181095,535.116672758906,572.779627418626,528.323999611524,591.94157879074,568.451270365482
466.594841189217,703.255772574968,501.105447880181,695.021208786993,602.049992085545,614.189961636649,544.110393926339,617.339436131071,605.008606050956,574.959084943408,534.974663730092,572.768456207262,527.824675136508,591.896578825144,568.319054965893
466.778457672415,703.119920048522,500.18105650498,694.440267106765,601.831969567778,614.159406742633,543.750937745888,617.264073440664,604.329612415305,574.738712138741,534.817899889457,572.758060790244,527.313256815451,591.838178940912,568.161630159938
466.73000795113,702.973459511186,499.248125109109,693.886859296233,601.635858123523,614.092162531822,543.398338134839,617.124461174478,603.633805911449,574.538032688942,534.542226310735,572.756814086733,526.779654580538,591.789227838883,567.9872077562
466.072818301387,702.824074907361,498.618546304342,693.361711930012,601.38779299255,614.032134834867,543.232414754163,617.033569782142,602.881122345264,574.327395000917,534.361608760114,572.750131712096,526.236786244339,591.720633577068,567.814757171639
465.314604100139,702.675589511698,498.041999681294,693.11417541377,601.158106925425,613.777803208499,543.083517504746,616.926074664181,602.071205517139,574.129793537098,534.189028939278,572.736376873224,525.684620480281,591.651537563074,567.640989353091
464.428430832929,702.529026643951,497.519842203149,692.898946772676,600.940767086888,613.488203528262,543.003199131267,616.830788947428,622.409682105511,573.907052014011,533.884026604348,572.700400138113,525.122787557384,591.580777828665,567.328458084474
463.46225012919,702.385546088705,497.049839092502,692.668723699812,600.709575823581,613.207839961002,542.971895613616,616.748214827384,622.165535131949,573.537984217866,533.587234570246,572.679102320517,524.550777476257,591.527378870896,566.990920171219
462.307725650824,702.264568413162,496.631926337718,692.422338312826,600.452870585253,612.880808918102,542.976998624209,616.498699724476,621.896453619172,573.183298590149,533.22977028246,572.627197716232,523.968025578173,591.478583905375,566.629558396857
461.099879191127,702.148895150081,496.350556160359,692.160166213879,600.217350765868,612.541987625173,542.927891193487,616.257796939977,621.595293304665,572.73591903551,532.893485137769,572.541975225439,523.373290989976,591.467244561318,566.249111473973
459.915142486054,701.999140914152,496.060662371096,691.956260928378,599.777017726796,612.193042853922,542.885146558869,616.057627622951,621.279738002466,572.187328548264,532.580076245162,572.415376526139,522.764089392752,591.460450382357,565.856527389424
458.862130925236,701.848004651683,495.852818591858,691.749348163061,599.13341048025,611.846025941092,542.832986980783,615.800658578919,620.909364466021,571.626298275327,532.290799411903,572.317017154714,522.136027921488,591.488249168532,565.474909986891
458.007150961878,701.722617358071,495.64265003617,691.532242168154,598.392239813938,611.481797676294,542.731218984203,615.461898598794,620.517213701538,571.14276971447,532.094554638805,572.24495853622,521.482735485549,591.503379628127,565.153872724937
457.167268253338,701.566334159835,495.441840859869,691.313295844673,597.564145849973,611.111585890669,542.614717894807,615.128842505417,620.113322261467,570.708920340196,531.953423448509,572.151517000692,520.79609978441,591.589970606053,564.847369583671
456.351462734632,701.392677638249,495.249484659806,691.090540768663,596.931926038984,610.736859249812,542.485535363265,614.61033984206,619.68622277458,570.273004900298,531.839828030078,572.059064127218,520.066553755758,591.653121288627,564.580368573864
455.563546060521,701.207877148884,494.875599767511,690.857781088436,596.291685336856,610.388203405089,542.230674389567,614.084017367043,619.24742050401,569.822294680325,531.696174592968,571.97400787596,519.284252241689,591.63153395647,564.281301711361
454.256227814051,701.021966006142,494.44662844136,690.635864805642,595.545169469666,610.028890768477,542.228065494773,613.585913630774,618.802691836808,569.399464410567,531.708280406124,571.897040888048,518.437604707846,591.611105320252,563.993917079828
452.927991227964,700.819805194194,494.043973333189,690.423645152616,594.830634484603,609.465746668834,542.30894188839,613.124412352504,618.345426654049,569.04664366092,531.765232008725,571.819247561058,517.519337821941,591.576721980212,563.713703595883
451.599096653898,700.603883696916,493.668183699793,690.215439846275,594.150923557884,608.875582671721,542.406839083813,612.704625942558,617.881770395903,568.88198902627,531.871078928558,571.751321283058,517.960025909779,591.570030205785,563.362004287311
450.289778772202,700.384002791878,493.301170011253,690.012089212808,593.503986364076,608.268351010463,542.509129763919,612.327659995047,617.370370615411,568.662547561438,532.041993949016,571.686202644358,517.027094587359,591.574478488883,563.018182780781
449.011000969335,700.154761461206,492.950725811896,689.805495704559,592.884250638627,607.610487933313,542.593463026341,611.796271098935,616.859679183324,568.414344103475,532.102140043007,571.648239956522,516.033616281321,591.564109664394,562.682414637305
447.788018914447,699.930369716818,492.624214631717,689.622031640986,592.285760235072,606.909626785229,542.679599961359,611.272313465324,616.344428997435,568.186223946205,532.099654482012,571.530273266684,514.983070128069,591.571521975232,562.35515629413
446.644379161739,699.712482878173,492.311238234745,689.439898069431,591.702316565368,606.252773664412,542.731492333364,610.806105984309,615.841550565138,567.943192378598,532.091710202778,571.408180532099,513.885999925456,591.594309264566,562.036435907283
445.870841806121,699.295868340145,492.057819702544,689.315761707991,591.127782007366,605.78347334263,542.647811310839,610.183472899739,615.352580942478,567.72968285072,532.101211245268,571.290288618462,512.748610690218,591.605748574292,561.752873159745
445.284710307275,698.886464695985,491.873661371968,689.169239819483,590.524594860664,605.356381139733,542.542168762979,609.700020850228,614.872852960681,567.547393338482,532.085110726316,571.187171382956,511.577098128395,591.578733365418,561.473267240324
444.719887860825,698.506888272291,491.733359878762,689.008015383628,589.73701386291,604.964974852265,542.393320573658,609.302855047476,614.399340209336,567.393588415833,532.08681400372,571.094765820189,510.37673142052,591.526104676931,561.292757162213
444.177018786047,698.131437239837,491.634260143696,688.827201474616,588.934119676901,604.60515605413,542.272180681773,609.088424691626,613.920690178546,567.272406294907,532.052240978551,570.997154913193,509.151740738986,591.476549774768,561.09017886
