444.899568072013,583.797093526015,550.464622783597,548.777994038063,551.641659143477,524.785393155828,441.56101254609,572.947627819685,522.583957970384,557.696850614493,538.405961055227,509.400825620565,523.64603717672,549.850616721491,434.722369361249
447.874541726511,585.846387331567,552.294660146325,547.984384930929,555.585317954801,523.811701891686,440.675087906691,574.251233618341,522.509801287744,560.706016207874,536.899583192292,506.700115729957,520.24043439564,550.09142261334,434.107077331408
450.845238266039,587.886398683485,554.064429905071,547.1411177433,559.22387064486,523.070496214989,440.280934534401,575.278184309432,522.408096709071,562.472487221082,535.785934407577,503.241501468561,518.086303699978,549.089753369897,433.727452227658
453.863110443889,589.821170905699,555.700302977438,546.411174433268,562.537130047407,522.563371760946,440.039257884175,576.071798885132,522.696982780023,564.069194994653,534.484232723331,499.451900262354,513.956802467893,547.628219818199,433.951701533248
456.866638951601,591.749975854615,557.833500062591,545.906071436964,565.510064347096,522.557817116097,439.969407693155,576.0189093991,523.377468366522,565.48557004881,533.236790479894,495.728249047083,511.567701752359,545.825347381685,435.363737644212
460.014903066781,593.671946172967,560.083011577902,546.623109055404,568.137508516337,523.386161901458,440.087883045341,576.015168478806,524.118249060643,565.679836435074,531.796740849449,492.35049912281,509.879752193881,541.523109614007,436.861074761582
463.204931552671,595.585241832888,562.360749301858,546.418140052772,569.26123705056,524.580474145293,440.5183390866,576.785169738668,525.091996170856,566.125200703295,530.129925906019,489.123021675382,508.073813382621,526.295519324748,438.416847156644
468.117128983429,597.58763976312,564.149156156481,546.554930442257,570.928567032887,525.980108274028,441.163804835551,577.866983664847,526.06911573432,565.577819278543,528.905646322572,488.988563656718,507.271104583557,500.905685645298,439.943859735421
472.962825003373,599.564169931069,565.822919019863,547.012711550017,572.586261858996,527.50031298177,442.203884660539,579.210898809981,527.059130126047,565.179599287362,527.339381302278,489.458098030539,506.828421960466,499.827556780338,441.481424497077
477.060928126336,601.509024366843,567.758904980274,547.755683599218,574.275960753165,529.273597930742,443.655754156938,580.829553648154,527.793018293147,565.01594549324,526.546797444372,489.23660930109,507.235406666885,500.170566667899,443.456102425403
480.415648829481,603.448224751222,569.557953876372,548.762477384268,576.171794573502,530.835746527845,445.106136838229,582.730859460765,528.516826681443,564.995150031123,527.451587707483,489.499307131407,508.380265769655,500.863166875606,445.770220354961
483.029418999676,605.374976554612,571.562650448499,550.009201773337,577.912688999275,532.335433296,445.943471650388,584.848296245736,529.578978937952,565.121985272568,527.759136565952,490.395102008128,509.449773584415,501.752276254423,448.023271268149
484.868081206686,607.28017370907,573.553362738059,551.484272585276,579.424096637786,533.676897896084,446.923835410467,587.486562073479,530.767242595105,565.419824997757,528.761178739731,491.752412914916,510.347346170331,502.734069024872,450.399920766333
485.851362035109,609.047574860801,575.726248815091,553.193969543104,580.799425005755,534.869517816741,448.147969896552,590.061703784759,532.008315941407,566.202151353054,530.402584412702,493.345764611907,511.120996357593,503.767241239332,452.582290558749
485.903928342101,610.802158347339,577.988722135917,555.067933961161,582.027001903931,535.974134286557,449.901507457595,592.727258851328,533.300565457643,567.606599446743,531.587910274462,494.465987124822,511.912928138008,505.143060666161,454.56822820265
484.912674429922,612.551910998917,580.366711183462,557.13891045663,583.025735299381,537.129918409585,451.789340779868,595.36911486577,534.593348183799,569.0664361154,533.240415765639,495.58634379204,512.722473391073,506.526792869477,456.703703760075
482.559312059085,614.167784673911,582.83020089756,559.284588803027,584.158155169064,538.394788933311,453.833625265165,598.297685436881,534.787923621897,570.518684933625,535.809059527027,496.71792110833,513.615759959877,507.984167329804,458.586133816222
483.65755499235,615.721273955974,585.366522958432,561.576097292825,585.33262065464,539.782012189771,456.048197759178,600.941117850621,536.146449834954,572.01767424501,540.07387339869,497.868600109823,514.555889265301,509.744552031793,460.200361970321
486.24264404962,617.210346772275,587.884257616223,564.029036172283,586.275894733761,541.296654130811,458.430869680356,603.483786855534,537.569499433361,573.651108807698,544.855376081563,499.189041819427,515.402970495136,511.512939401026,461.640705389485
488.821595130299,618.634365040397,590.35471164293,566.496326652393,587.048463819256,542.936991630746,460.95204932916,605.999466538415,539.041871698992,575.355894091184,550.081764695201,500.658887605419,516.516872652177,513.463972155257,462.910148668298
491.389957900115,620.010899096717,592.757528845696,568.911889123596,587.655765190843,544.769446451492,463.552835276924,608.613702503471,540.49946410312,577.194339008444,555.451682196496,502.578845795949,517.564242190215,515.455151922424,464.156919625251
493.93644012053,621.347119745901,595.076308771711,571.342712236687,588.338412135106,546.732189473139,466.745249552792,611.075630697922,542.014919619961,579.042186918876,560.975908049564,504.852056322216,518.504428095605,517.264357910566,465.484993109914
496.455338961358,622.630703777223,597.269193548621,573.776467078137,589.137513686793,548.63750269235,469.972712082232,613.288748227122,543.622094697319,580.881721363531,563.957493497991,507.104268757133,519.369671597834,519.05923727399,467.2445529067
498.949980832361,623.830769208887,599.426738060697,576.202554794066,590.046897218114,550.472118974425,473.174483420162,615.48950243491,545.284318735383,582.674914645787,566.712563371669,509.30365645187,520.441225148237,520.834472022708,469.423576382572
501.43110701361,624.996192401353,601.491608973666,578.611591533737,591.079230633963,552.297366639861,476.290136556489,617.514986479422,547.008495475129,584.392802405375,569.450873512675,511.340164792067,521.519718516515,522.585856760532,471.641011403819
503.911326166794,626.176945699357,603.237750288842,580.994836482223,591.657726386201,554.093533579899,479.269052226852,620.173892924341,548.756903085011,586.345642542013,571.894744978314,513.48827734805,522.48989550685,524.217707771202,473.704741726888
506.397762021822,626.942733625239,604.976967790628,583.344055791977,593.313235000138,555.875687289679,482.086737788857,622.820923509454,550.65138263423,588.589001773158,574.031940767246,515.43561600483,523.467572470827,525.859445813611,475.685993947081
508.883232087966,627.693423830375,606.440931036541,585.652419172509,594.934907636647,557.572655367198,484.725983194732,625.393749601815,552.6380575935,590.894281823441,576.031876089433,517.00473942446,524.467727574413,527.37765212666,477.613839343055
510.237168136175,628.33072063422,607.890547332636,587.882664478159,596.496622165454,559.243740456958,487.252260958909,627.124956677631,554.710198969081,593.099410812627,577.873709330802,518.574448609909,525.521822335859,528.843279497741,479.508501394841
512.607935882169,629.486936496613,609.333188902505,589.962040819694,597.987117328606,560.863788670998,489.704041764097,628.781643656301,556.871744067078,595.131889686674,579.719774071891,520.155903815678,526.585867205846,530.316657558772,481.271285308571
519.308948217194,630.652869879033,610.77519260686,592.065499234955,599.400090961147,562.454105507519,492.091568045623,630.374973659717,559.090091013248,597.113757990238,582.305593636115,521.750152158414,527.800513953945,532.281758414812,482.985719887951
525.116435732307,631.780020194921,612.220838286643,594.145908990105,600.733680273085,564.024981104368,494.410989412463,631.915968892496,561.359538045886,599.028936470902,584.798623592231,523.545129811152,529.250064975881,534.306196536332,484.686627499798
530.089117892378,632.776944199361,613.774075867966,596.162495661321,601.999426656441,565.588083858163,496.614808555706,633.415315246187,563.693608146564,600.883814332273,587.162942844837,525.31571120337,530.742456714309,536.32468119272,486.452915670515
534.336486636686,633.813119107862,615.315086770946,598.218398854371,603.219432621523,567.195375036019,498.757239429584,634.883663355674,566.095142716926,602.740950561884,589.340385603819,527.098990582608,532.269535748566,538.317300495539,488.281034541584
537.990298997062,634.890944579157,616.84048849949,600.291419534858,604.337040421596,568.788694730632,500.856943917992,636.332049036825,568.542205451198,604.622640283945,589.573787452646,528.885353469816,533.807391323664,540.243922191744,490.160696903607
541.187882664503,636.033745573181,618.381302829026,602.37855735815,605.402143907581,570.366029482703,502.914141591732,637.81721557479,570.983962506147,606.534690722336,588.924078529646,530.65946077758,535.368394195906,542.080335504291,492.063702035932
544.065689997017,637.213948053422,619.869534725639,604.484858889687,606.418345496985,571.935671967117,504.928166167177,639.339598197657,573.408857072826,608.396993334208,588.055579850414,532.400893247522,536.953903185026,543.809284903568,494.216852526994
546.755368545239,638.428557596497,621.264626284018,606.614019371817,607.376837015129,573.611810626894,506.832889994028,640.855383173855,575.809670671554,610.273941820389,587.049821856431,533.712317033813,538.567344525002,545.429628748862,496.654970783186
549.314184586286,639.680239265995,622.477397612123,608.768522431155,611.513175972075,575.234197503647,508.665416580637,642.286512140301,578.179386788245,612.155967943217,586.004791594768,534.945365048835,540.212830397543,546.968735631967,499.005438289346
551.791746534425,640.96302304276,623.518366287968,610.948803181652,615.546675026453,577.123432243822,510.43588412675,643.978870867816,580.503696479917,614.029342549577,585.021487685558,536.043913757656,541.879734995988,548.471165198009,501.661805366526
554.19532299747,642.218427640562,624.472741298543,613.152462654726,616.439008623558,579.091111062668,512.148311796481,644.160578970148,582.754635159722,615.877936514513,584.198003915915,537.102237525191,543.603171756331,549.950328557974,504.354496785294
556.331404906448,644.007817386689,625.387268924224,615.373635976875,617.367856415269,581.068099652872,513.80727822188,643.755740859315,584.935817510105,617.686817372607,583.923044666013,538.14938144319,545.363143608231,551.420024548015,507.054411818394
558.270155803777,646.185450025437,626.340340791829,617.603255981938,618.296575314343,583.080264319288,515.417279917885,642.891497272724,587.041202212873,619.44535944041,585.296415748706,539.16994011801,547.157004510591,552.892431856486,509.734423825229
560.06567448776,648.333609775524,627.386302431091,619.82974213741,619.230061034208,585.112431791274,516.982463888322,641.529451101491,589.068419263077,621.148806536536,587.142203693067,540.098027820696,548.981413095153,554.403662257929,512.37257612581
561.797223072054,650.456486410563,628.472959010416,622.039134845675,620.173960554929,587.14533876157,518.507214985604,639.805350806274,591.018256036028,622.790459339979,588.944594545824,540.997885511463,550.831967671166,556.024297032723,514.952958353116
562.970605608961,652.539304102,629.610011878513,624.215678703834,621.134142466517,589.156620143273,519.996759489015,638.020450614401,592.894191416698,624.346435352603,590.633000096811,541.873282056858,552.702629876247,557.739910377033,517.463718741978
563.892987247347,654.638334148401,630.798055775431,626.423380043747,622.116198250043,591.122080797332,521.456878179056,639.747313700961,594.701919717138,625.866878211496,592.274885463397,542.725235682857,554.585906904606,559.486980431004,519.8948640871
564.846508992111,656.718483160983,632.044026515506,628.577359951365,623.125151891934,593.017632723088,522.894154053308,641.588894464508,596.448213499608,627.363165386644,593.883377526563,543.553905101322,556.47298230137,561.239955272544,522.237130737644
565.827003493618,658.778898695589,633.327073856066,630.664650525407,624.164568422987,594.717142286617,524.316545269294,643.516483188982,598.140059125451,628.84626706155,595.45917111677,544.358608048698,558.353869845447,563.027062503461,524.481344923019
566.951136165963,660.820923764846,634.629916656069,632.676160420796,625.23526950909,596.288942861262,525.733158736477,645.373957414426,599.784054826448,630.32577891201,597.003713425382,545.303097971325,560.218829956719,564.84422619789,526.618588832916
567.998207749629,662.869426242312,636.793762594665,634.607136191919,626.334435684041,597.759712578442,527.154187298504,647.302887443607,601.382478467019,631.809993846481,598.524697148795,546.138167544795,562.060557098255,566.682240652849,528.610263535562
569.143880192535,664.920835785543,637.775767572099,636.407638960068,627.455539058976,599.132728524229,528.590388079153,649.390274000883,602.855927065542,633.305970987562,600.041209270184,546.919205040372,563.874298112817,568.527447203742,530.399737533705
570.261341981548,666.972236849414,638.764236847013,638.076069162904,627.364061858019,600.391974532331,530.051545934505,651.284218335224,604.293374137409,634.847894518,601.583280707556,547.645444076266,565.65721607503,570.363876683999,532.064317001212
571.204629387,669.027161985227,639.751185601413,639.688970633416,628.499775739938,601.54244351939,531.544629730574,653.186893418445,605.698825454827,636.397306319928,603.180166090968,548.318021224217,567.408135616232,572.176020060329,533.596237012267
572.084436672419,671.072560697496,640.728793535751,641.252953796966,629.626041805706,602.592381911127,533.073070395251,655.158865650625,607.075312877366,637.972102227218,605.512282871924,548.939937990353,569.127061339026,573.951090499699,535.051496075129
573.102316254564,673.097954151091,641.812146432079,642.7754247101,630.73201759898,603.551943253485,535.486135191873,657.069162751199,608.425043160895,639.573205713982,608.447224489785,549.51609610547,570.81437183496,575.680296037625,536.406576715776
574.048228106838,675.035235020803,642.878326945171,644.264133663366,631.808723825171,604.431473066431,536.944153068286,659.062155102597,609.749580137761,641.19710611593,611.347168988456,550.053041867357,572.470399680598,577.348314952228,537.699370312274
574.976907421867,677.065428965794,643.919850074866,645.726322416523,632.850184417271,605.249895435727,538.428938587838,661.05073582758,611.049675769066,642.834371894548,614.254282894118,550.558605481182,574.095736450112,579.049179797111,538.961639274053
575.976862478483,678.98378261356,644.931351862379,647.161024823643,633.85365140674,606.005917243972,539.941887954526,664.045632045741,612.325015729289,644.433778313014,617.169835659871,551.041559599172,575.619511689093,580.70985113733,540.17299671098
576.803977589774,680.845818863842,645.909907939943,648.546244756893,634.818237967913,606.707595727947,541.483113964143,667.845057872454,613.574937857785,645.993848269823,620.08767452934,551.51103033344,577.106833599391,582.30456946964,541.391863513321
577.616152313137,682.622981653701,646.854954130408,649.924223593113,635.743654483474,607.362357313611,543.051540499192,671.516827450303,614.809406834063,647.523968902545,622.984883608141,551.975765955608,578.559582567726,583.822660700182,542.59652495092
578.415748249442,684.335922559581,647.848987033563,651.297489342234,636.629905476296,607.939343279896,544.644665181938,675.412718252349,616.007349881495,649.014720851109,625.692954090025,552.449727741488,579.974130993967,585.304739463011,543.814764770466
579.206265047226,685.973768617493,648.838731337426,652.667979954545,637.477582985415,608.442106371675,546.218552046617,677.813279512936,617.170103225478,650.447652655548,627.314715420467,553.061099859352,581.344762708541,586.75391357002,545.056538188529
579.991164687439,687.528221454431,649.824444552717,654.037013219957,638.287904849597,608.824797941561,547.88424639762,680.187429842466,618.309932845073,651.782690472487,628.770422276743,553.679257115398,582.664173071918,588.174505654392,546.297372900488
580.772727472027,688.992601962749,650.726718316138,655.405644326699,639.062172638425,609.224782942836,549.514175075376,682.486806478303,619.405744768234,653.073296287566,630.20515531357,554.273019843373,583.924794050055,589.571165296976,547.529506035489
581.503424778791,690.360548947021,651.575106448427,656.764238489477,640.495675202264,609.626148335696,551.137270888201,684.665683499656,620.486268033628,654.339448255353,631.633133303063,554.789115349848,585.094299844211,590.947068880995,548.75787096327
582.088946683345,691.459446062867,652.442046369502,658.075068416846,641.878205120585,610.044843966434,552.742581135615,686.685706199068,621.553052271879,655.562607635435,632.993215448466,555.316080355913,586.195105430323,592.302663963564,549.966893535974
582.79440430605,692.238185161761,653.339931083354,659.384586456794,643.198811827656,610.441001148813,554.277209126466,688.519735924395,622.608139578713,656.736266082141,634.317849562031,555.878363834072,587.224838067964,593.37979613381,551.150315967279
583.454483107133,692.96570980368,654.277201857277,660.647092108672,644.451628465782,610.828902231122,555.774024983743,689.588484020667,623.724632403314,657.790322354493,635.572413658026,556.448738305204,587.954470452873,594.417394381546,552.302957755745
584.005111306664,693.66669174413,655.255813194645,661.920093764135,645.445747759227,611.217250456514,557.227044154305,690.516484637329,624.831105790503,658.793451032406,636.536074405684,557.005562949796,588.654605193311,595.459912376294,553.398142589281
584.493195416016,694.332499129133,656.258103164984,663.204678615778,646.384176630633,611.638660636035,558.633009546478,691.32555934579,625.930248585066,659.742846431887,637.46688067265,557.545728201619,589.325523479216,596.491135065682,554.453451384399
584.945201824926,694.904991880453,657.260976526828,664.500610304675,647.269888271613,612.091952266225,559.990941122566,692.044297429952,627.024798557838,660.646620298949,638.409885172076,558.067967316903,589.967636488631,597.519972727208,555.482123410328
585.361699597557,695.462682979159,658.263783842538,665.806316272333,648.107963643947,612.566593519232,561.301243352192,692.70497742286,628.116965624818,661.510671234668,639.34437466789,558.572931740733,590.58149384771,598.492299343934,556.495081033398
585.741160149988,695.998250082281,659.449349001865,667.069867420462,648.904274826213,613.057529377142,562.565196775027,693.339827950473,629.220918329953,662.293346803375,640.266668008908,559.062919575738,591.167643980196,599.429370083693,557.494862056074
586.037413259615,696.517353035008,660.724512667656,668.328952757348,649.66477969373,613.570218284606,563.785061120533,693.958171072278,630.31353089803,663.035194838727,641.218377059125,559.5414057992,591.726414423306,600.349538317897,558.4805139476
586.305684309485,697.016647869883,661.937291823375,669.580997359787,650.395687415829,614.054963846822,564.964302647248,693.012537094856,631.408192959704,663.726825205954,642.001604055643,560.012346010061,592.257635751838,601.261042449661,559.451350291227
586.550287379797,697.507627443471,663.059626972941,670.82235292481,651.103972106456,614.278399651191,566.091108302429,691.889169815467,632.505314346481,664.385254635189,642.762956057687,560.479350663498,592.713668805152,602.16976452971,560.407213876903
586.776975925258,697.976593638798,664.018471450126,672.049764225995,651.796871024284,614.394206954397,567.077691627824,690.635456843012,633.604471389188,664.960880124723,643.713264743872,560.891647299615,593.137581394195,603.080565276301,561.348438302135
586.990264032751,698.416539605442,664.874780610514,673.260828433677,652.480631101081,614.47968507603,568.055545182681,689.3201853725,634.704247312454,665.505656126029,644.571702976987,561.292752890203,593.549560762885,603.997063912872,562.275544554987
587.188840999012,698.444852884781,665.657359197939,674.446097087139,653.085029551072,614.597258481853,568.985363532359,688.030222493618,635.802544495175,666.019197337709,645.537859152479,561.69873674964,593.949840419259,604.921795877189,563.188884604219
587.356220373867,698.491495124459,666.408749108443,675.620694468933,653.561198532812,614.810683026528,569.877125894797,686.803629718014,636.919660481179,666.494149974644,646.652985072789,562.127765644637,594.436305828771,605.782056115176,564.081272335198
587.532028078718,698.559084758521,667.089794269752,676.78666940283,650.142277089984,615.076364618759,570.793775514046,685.278447314702,638.091644060916,666.887232285921,647.69132630156,562.557433686001,594.81717562413,606.643806237776,564.925530350789
587.529154662519,698.660295896992,667.596979407608,677.933165398199,650.606755981937,615.39125712853,571.659814320932,685.536308141529,639.254014210005,667.269791906285,648.743886075656,562.98712083785,595.191314158104,607.484721080826,565.766031764891
587.553332799457,698.782970914302,668.034766335919,679.056222255625,651.041296236149,615.790943628758,572.486430881746,685.820597111103,640.401376125122,667.644906136252,650.056489026342,563.423592825049,595.536217695325,608.311179981375,566.592198921463
587.787077474531,699.147570451851,668.350806599128,680.151767658882,651.467881696421,616.254024095871,573.253812974095,686.186747690778,641.529733192414,668.041161199476,651.270502842863,563.86443292962,595.861404124777,609.134598531108,567.379668478346
588.023479576915,699.562407293676,668.599078900476,681.229397526023,651.847835689828,616.747907402989,573.978121034862,687.120704006428,642.610898774156,668.51504016037,652.381004198776,564.301492053134,596.182415577475,609.95009821386,568.147855711503
588.255338756037,699.973719239185,668.851548658602,682.285977887661,652.102726328069,617.260105522218,574.655929948426,688.028871759518,643.649003203245,669.010424068175,653.642124934761,564.731838558246,596.449630068409,610.769314618184,568.91324534413
588.484864645752,700.378838237724,669.110032360258,683.31913967711,652.501081785723,617.727715127004,575.288748463396,688.818334283875,644.648810648838,669.501685717486,654.996395677174,565.151527282316,596.68675697419,611.596631593944,569.660692807536
588.721710187339,700.773982790208,669.375976174912,684.328230738368,652.724058878564,618.154419596458,575.874739394777,689.444197638387,645.632745911042,669.956839491405,655.916711165664,565.552658008737,596.913014558107,612.434613689849,570.388903968258
588.964653309321,701.108528534159,669.650137631968,685.31226409505,652.881304489544,618.578997072365,576.416144229068,690.044799161989,646.565390575232,670.405415346686,656.923106022854,565.926866767365,597.122377936715,613.274937796974,571.095924026912
589.205141933231,701.397031993621,669.91557165862,686.27038343719,652.920459493426,618.959195850251,576.919463729953,690.622324575439,647.439932867747,670.861332425936,658.058340023617,566.266413187305,597.332172537069,614.082944707267,571.779060685745
589.439206845658,701.649959572004,670.181146527504,687.203289875138,652.850661376579,619.279159433521,577.3893535292,691.180192983809,648.253747313436,671.303068483197,659.014787292208,566.565475725073,597.5366810277,614.887851586651,572.435265356725
589.653369874095,701.870358269558,670.506810144891,688.113640085476,652.588378789303,619.534386220356,577.82923246827,691.723754621112,649.113058745351,671.748283964085,659.903289047386,566.820957260595,597.74898628958,615.707028238636,573.061581850171
589.856792026733,702.080370171147,670.847369887443,689.00538984577,652.296258478836,619.779005215662,578.184431429812,692.259419384972,649.95812296572,672.17138364601,660.687898163635,567.032810221239,598.086318424052,616.538885198398,573.65597450768
590.003191567513,702.281425896748,671.157258298416,689.883439039342,652.306522712021,620.015444415124,578.470125896343,693.733391304865,650.813794571908,672.579265625516,661.484502907888,567.194132990876,598.399139924761,617.383903931211,574.217836148764
590.131731031907,702.475112961638,671.36067933312,690.753056456717,652.306522712021,620.248359433641,578.737775908997,695.183364138682,651.657280055414,672.922844778601,662.125804298138,567.318608258128,598.712975486623,618.171903919397,574.748075947008
590.272917749802,702.662943221397,671.572590353053,691.51832990546,652.306522712021,620.485165330098,578.955790134585,696.601451352394,652.497723397081,673.206721059174,662.795741069149,567.412379987373,599.016347648046,618.910049453431,575.248944088787
587.926164828395,702.969364829706,671.595748510243,692.259051341865,652.306522712021,620.693708059844,579.16150934802,698.192518125592,653.332702509532,673.512666293131,663.388365767965,567.466011024855,599.300047238934,619.607873416004,575.723322061361
588.153656149876,703.276531828423,671.600498928564,692.994408296075,652.2179552553,620.907285146615,579.353693155627,699.739975371418,654.15862415843,673.821136632412,663.875188203181,567.482917876077,599.593393152488,620.334229563693,576.173949156543
588.362906948919,703.575936136391,671.601587859405,693.68636559637,652.118109454122,621.161798632247,579.537434965867,701.245122496738,654.961092975831,674.167343906822,664.510460650743,567.491608711198,599.886407325844,621.03506603502,576.647164815033
588.55605994879,703.868445439117,671.580143684495,694.338234574899,652.007672156094,621.528067580924,579.712155684575,702.312950346279,655.751484355453,674.607651318236,664.970184561852,567.49378740887,600.204511437813,621.676813574525,577.107001974202
588.653567883941,704.155701139444,671.486719420553,694.985621572108,651.88712813875,621.919746705259,579.90330174256,702.645480966944,656.518181134252,674.893015299387,665.516440165282,567.493431265805,600.537286135066,622.326361946976,577.552546319541
588.747025210394,704.364758649103,671.300053938392,695.632019149425,651.756896892247,622.317423023811,580.108380587737,702.943358506632,657.23076563845,675.204301141309,665.955612113943,567.494125416255,600.879441647197,622.943035344428,577.981928658525
588.800089625462,704.578887638307,671.124127282248,696.284779221017,651.617822975619,622.690154142745,580.316377226548,703.213422475374,657.915557794564,675.52904277245,666.458285936284,567.499183471941,601.227335809565,623.463089316615,578.393089599436
588.900025926339,704.801712720322,670.95960028012,696.947626272437,651.23636507107,623.043701257281,580.528620058828,703.463515911355,658.570545943849,675.881746132334,666.947363403229,567.511640349013,601.591144971917,623.948538484902,578.784647301935
588.944280084817,705.019126546148,670.817316714563,697.622518652209,650.813251194854,623.290995414786,580.745568225543,703.703158907092,659.151492144537,676.276836485967,667.364457171888,567.533950462201,601.955825544297,624.422351671175,579.156427392522
588.971356234342,705.249869594678,670.744622540436,698.309465930043,650.968202370035,623.539894200473,580.834663436303,704.364385631335,659.767777588513,676.694530680113,667.849082699871,567.56790338527,602.320860909372,624.884901818791,579.509624683289
588.990542460831,705.497889949622,670.631768931702,699.006857480436,651.489253116787,623.798439076509,580.938618632118,704.977842234107,660.354004420253,677.161800789173,668.457799134911,567.615308614522,602.662016233672,625.334754916068,579.846583511186
589.003660321412,705.792899629533,670.513683854093,699.680005147794,652.032771007508,624.050247471977,581.039759736278,705.60341103339,660.909685898462,677.617044303386,669.079300751517,567.72756632758,602.975861826345,625.769100211813,580.17025468812
589.041366081265,706.103712951025,670.400214414833,700.309583450728,652.533526872571,624.277220589471,581.153434310708,706.241435923162,661.344968702633,678.072143980863,669.778151734952,567.864427488044,603.245449272533,626.184553950486,580.485421131123
588.998772867398,706.427971329649,670.292778085348,700.986329492283,652.963336431471,624.434608517027,581.282569166799,706.8921567725,661.685850669787,678.488829030015,670.520011060265,568.002757162698,603.496407763208,626.62888850883,580.799499923869
588.9456346249,706.75608516562,670.220422877771,701.633972740645,653.306271159478,624.59631144921,581.412249377288,707.54502385418,661.969693220209,678.810655694998,671.295145308996,568.148649673884,603.73309619982,627.011801965057,581.101010314925
588.873807411088,707.086280065776,670.127789625572,702.276045483619,653.618479122267,624.799692737713,581.558534907878,708.155160740356,662.228370186675,679.120766525653,672.079404576569,568.293816930326,603.952100244374,627.349699423178,581.406612779367
588.752575245397,707.395343988708,670.104478413821,702.909744390804,653.849119141879,625.01819232275,581.672041251957,708.820210362186,662.398320464684,679.422596064349,672.844658280547,568.437728433551,604.15830519331,627.698250929161,581.709541169629
588.558036640912,707.706092931899,670.013047497065,703.533751064599,653.7353026045,625.237451467908,581.797193055295,709.324857627209,662.525002529335,679.748820140244,673.625325950335,568.565570588511,604.350570609888,627.999618490057,582.004447355211
588.307414005932,708.015725266573,669.953910552093,704.14774077524,653.629833457176,625.466535608369,581.936071997991,709.842069744811,662.674705083924,680.057606491483,674.39840441569,568.674677191386,604.484672013739,628.272345040472,582.301805917831
588.064613970043,708.319818435648,669.893257272178,704.741683648396,653.312542195363,625.696571795736,582.083297006347,710.375723974853,662.844171706827,680.347405858478,675.118047910868,568.788804525482,604.588716759501,628.465405103751,582.55871592575
587.788696249723,708.612899532659,669.858537059115,705.316885916385,653.141416271147,625.950939810399,582.234669818964,710.913483208852,663.077765791441,680.615875247566,675.663505349083,568.908037248209,604.701192571817,628.628425335087,582.809911476699
587.43621258382,708.889629481908,669.835908012451,705.892635093062,652.815742266055,626.213235860143,582.365673976973,711.532398234062,663.304757870479,680.921587072177,675.869543874667,569.031816879006,604.838534005324,628.772223499172,583.034376319498
587.059602009273,709.131813384737,669.799354940042,706.469900124486,652.610417836175,626.496258405706,582.505163622828,712.559592947518,663.518331505599,681.16301465391,676.420138466171,569.158915309329,604.984945212711,628.902894543434,583.254453980844
586.6578063381,709.351132373612,669.67229022426,707.049405410763,652.17186800304,626.785864215394,582.817437356587,713.70845676921,663.774138334121,681.328298567908,677.255666880206,569.21497102476,605.157819483998,629.107467958154,583.480992138552
586.242451597531,709.575229731679,669.524573614002,707.630984393557,652.119990577549,627.09568166899,583.028119276574,714.341213620062,664.053148218816,681.515098540847,677.611957201436,569.310321124557,605.35920687567,629.276928814682,583.7143902413
585.741572799943,709.780012126215,669.343938652797,708.268758149608,651.723146956435,627.427746219773,583.245953976525,714.659298016596,664.329696093119,681.681377436129,677.926813775522,569.403610264738,605.59143306222,629.417716010963,583.94395363888
585.210640104367,709.970158320345,669.211503995227,708.862434645875,651.64068230572,627.765935311119,583.453114099953,715.087875534145,664.617130833221,681.794262986381,678.198825571739,569.459616080116,605.879690035749,629.521687290193,584.15701114749
584.67709125019,710.142717486412,669.026020405064,709.439610886693,651.538000329516,628.081167255522,583.632990845381,715.336151750393,664.899913838527,681.882582528419,678.438141937964,569.501253085193,606.175827704376,629.588098809692,584.373859500935
584.143909092191,710.297268796383,668.780556464978,709.998949765039,651.50535413763,628.39138520707,583.776544434289,715.514397978335,665.182356293465,681.947258970769,678.610545577468,569.547291193142,606.485930238995,629.657014369396,584.599760605604
583.849688070572,710.437208924851,668.498140128788,710.547517277856,651.42319647461,628.724211983483,583.88809046543,715.966556418059,665.43280008407,681.94643701593,679.326615345418,569.62892928222,606.796736448943,629.741990146293,584.792664790042
583.671966516774,710.595157119552,668.228842675364,711.074576886188,651.325788492144,629.075328988971,583.988679816092,716.222498595488,665.643209548947,681.969830351919,679.29721626762,569.669012177054,607.125547185711,629.85074529294,585.183645957056
583.440812187353,710.745198588182,667.940239782759,711.586331179393,651.246637614835,629.422625859289,584.089429301759,716.488591533779,665.829124932923,681.982788726402,679.152238929551,569.750211053987,607.461084035305,629.906192444983,585.377022778617
583.201648776642,710.892165974071,667.642357651492,712.088058086631,651.118088435996,629.737345212901,584.175379874746,716.665325686576,665.984590846984,681.98744345012,678.871829210197,569.828066449897,607.792721412122,629.939204381051,585.581055877627
582.912804397763,711.04420133751,667.386849781129,712.570911120362,649.834954545077,630.074625017891,584.234265409883,716.825515516038,666.176897151092,681.982525074092,678.460951921561,569.915161407575,608.110075666823,629.970139959584,585.784158616417
582.635395858892,711.178765442336,667.134955122125,713.040817594467,648.666205228997,630.406048764303,584.268824753982,716.693053495591,666.358756872542,681.967685244636,678.36497675637,570.039143582597,608.454518335696,629.981931526499,585.993960460701
582.35948902018,711.289228126457,666.89190757778,713.460707297875,647.622895380618,630.724608808369,584.284850997192,716.560075410354,666.537707689316,682.015682944502,678.29862143246,570.145406897325,608.769084660692,630.040377363077,586.218575768102
582.091335665879,711.402763493938,666.567376447634,713.868112647747,647.335627964273,631.028351193027,584.265627677983,716.434440159415,666.708292309644,682.077345595141,678.246448646087,570.231688468621,609.082488514504,630.074780448949,586.438906801067
581.842891551944,711.51888930145,666.239348589197,714.261863715167,647.051427512944,631.315087690769,584.215845860079,716.328300864122,666.810470186354,682.138334565476,678.210209824975,570.346200445348,609.305024464219,630.147908591608,586.644310831767
581.613175268672,711.641819368449,665.975448927709,714.640959465829,646.851469991762,631.586512140299,584.195804966477,716.257717147038,666.92426483994,682.196308130344,678.16231025386,570.399240949822,609.502902335159,630.219312131821,586.825767982144
581.394189377724,711.760887608384,665.769849489996,714.988540317281,646.991204985174,631.670119629597,584.172874513933,716.061273878541,667.042985648261,682.102176265657,678.124154761574,570.435869066529,609.632428636859,630.281530773959,586.99934599609
581.210540596723,711.885811868877,665.584069801067,715.3059755023,647.156277814903,631.717639202868,584.123474441109,715.621734699652,667.171262639533,681.969071581378,678.094150825889,570.463775326959,609.7319820629,630.36559870369,587.167127777659
581.147170245525,712.011979302104,665.416533001348,715.588444692264,647.336464167668,631.762958046392,584.034417181719,715.262214082293,667.251167779788,681.855016884901,678.048338161352,570.487293869437,609.850735426225,630.465027466369,587.325894712255
581.3088088458,712.165528679842,665.272649361652,715.865959564901,647.524760095438,631.81031770858,583.938696955805,715.444884504907,667.295161243143,681.691480133992,678.023290630528,570.507364698082,609.962690291316,630.619345333176,587.488298061424
581.439323533918,712.295163694846,665.185319953611,716.132602962005,647.713349962375,631.863266744597,583.832089497267,715.444967195737,667.30678299632,681.59152130124,677.965502019031,570.564418229747,610.078810889348,630.798245413528,587.664068236831
581.530123625353,712.425573637308,665.105586469578,716.378102627012,647.889318563204,631.949092028123,583.722862640605,715.446610235004,667.340037298069,681.509331656005,678.159080044389,570.651011457602,610.132807513924,631.008304964229,587.823455078848
581.503757906745,712.557239219227,665.054519316085,716.635387838171,648.037330907912,632.117947899114,583.620904413815,715.439822077564,667.359901805848,681.447956552239,677.717360718921,570.75581747587,610.149240093563,631.25052046938,587.981732766243
581.482831275509,712.682618246139,665.017988884068,716.909519561573,648.141260994338,632.325814212863,583.519203362499,715.413453563113,667.39835263287,681.407969020669,677.635031888336,570.860873672206,610.147920114089,631.518430439727,588.131819924083
581.459388565706,712.812052051568,664.940324815269,717.130393119037,648.185667226399,632.503103844289,583.443534747577,715.358955123009,667.441675028604,681.385176641541,677.649021618844,570.941807342223,610.157074948945,631.773943931168,588.323126479702
581.452295336896,712.946794812792,664.909779581951,717.309204570237,648.637866960744,632.724887178041,583.38774101982,715.269982529692,667.482913192659,681.333093979577,677.667026406841,570.971743997481,610.145908977997,632.032343753107,588.534977113568
581.446504727652,713.086210925942,664.934690362794,717.471972538765,655.686740931017,632.916346938675,583.326540014535,715.137141385898,667.441379997726,681.28493446715,677.688800444263,570.998472952493,610.088317164705,632.258992576168,588.754265625573
581.441650416624,713.229320359992,665.067693856048,717.626407085663,655.694400943006,633.146644619309,583.293044203657,714.852733546216,667.425717409482,681.240028747735,677.657502200203,570.988391762777,609.954709065154,632.37575567378,589.002252474783
581.515583414871,713.3808373346,665.200966968898,717.764316811973,655.695404817103,633.242640305769,583.027771447901,714.52118980385,667.441336122211,681.191389307225,677.769676582249,570.958900368772,609.817911718177,632.45545614344,589.249037327276
581.598922736758,713.536624697407,665.319374907331,717.872775996477,655.699439436683,633.286378336012,583.117615001255,714.017797775994,667.443900707718,680.951027891039,677.898246686132,570.924177749181,609.657542986374,632.519866396755,589.498189212046
581.693572435278,713.691956788657,665.4431502676,717.965163943351,655.706232541633,633.362226373985,583.235078229508,713.595127920767,667.471298213027,680.688643459536,678.229886399764,570.88453385917,609.494688524351,632.588104181746,589.743148772507
581.782323793006,713.843694445723,665.52465798462,718.032594410969,655.712814513868,633.422897074566,583.38058097597,713.097099579272,667.460354511078,680.365618210219,678.259868907205,570.840600237149,609.30677483222,632.649108008921,589.977366337023
581.871213895705,713.985685724919,665.689574804711,718.071693563166,655.69658144593,633.510558480941,583.542996998965,712.810586181123,667.414060169352,680.002269118102,678.233108354719,570.793176342253,609.13301952477,632.730548796446,590.19177197844
581.937629614906,714.124576960966,665.866680247993,718.126763521258,655.661362699418,633.590245524881,583.719774630193,712.404485843936,667.33062548049,679.63998661844,678.081280739721,570.761517404356,608.987168584426,632.839669057545,590.410647597212
581.865054678308,714.259287649587,666.087601334246,718.183287588819,655.607914163492,633.744514958252,583.906582888924,711.873380220983,667.196506495323,679.281302548362,677.406247791987,570.726118069323,608.933574867298,632.963526654867,590.646263492609
581.734199244228,714.360884053172,666.324560249133,718.352107754588,655.537139806424,633.904773547426,584.021064689549,711.247391991898,667.05606984523,678.897934423299,676.505520784511,570.68636347816,608.923780873369,633.028813164323,590.853961399351
581.621011703561,714.443459896567,666.515284937118,718.520750555084,655.451216830117,633.956128713507,584.211292790923,711.039105973416,666.862299717734,678.502253524889,675.66469875239,570.641799224659,608.950250991338,633.110486498855,591.084499221111
581.45066079656,714.521047712068,666.693976364892,718.717172313662,655.35275451876,633.92146221482,584.450162032992,710.745010643409,666.638644065001,678.005436125111,674.860253237492,570.569966574379,609.001318089011,633.177658671283,591.292589922434
581.186173329512,714.593579272071,666.863075157511,718.933536756196,655.239854604265,633.860070855863,584.918417665658,710.265208279625,666.368583594786,677.483288140063,674.253807847772,570.487452690905,609.072918919068,633.25082150997,591.488519622136
580.89979461498,714.658186451805,667.178370641437,719.160106870358,654.744283009158,633.806674849186,585.136557771966,709.726063989076,666.098015124723,676.963099470195,674.194001601681,570.401322326816,609.174893717564,633.32395185248,591.659599449607
580.472082087172,714.724523524164,667.401873657075,719.37951480423,654.592438479189,633.744988817749,585.34847845237,709.106728261988,665.827076959867,676.404632011014,674.187364531983,570.263244234699,609.284927799837,633.38144041003,591.824183848983
580.229352180035,714.789088198125,667.459309337907,719.613390261434,654.394179813086,633.581515096002,585.567665770174,708.178797733307,665.554937141807,675.819679845295,674.410715528111,570.123350438071,609.399671203126,633.433389050248,591.948567347093
580.141280298048,714.853709047198,667.459360378417,719.806161258405,654.202579915156,633.394531531268,585.749357751429,707.248891770141,665.288926981472,675.214156828616,674.721757632187,570.012535167927,609.515872938425,633.443603265906,592.075235962434
580.091706187894,714.920009040529,667.413275706379,719.946802412899,654.017778231562,633.189402981695,585.922312181848,706.31279060104,665.02438454987,674.630204525643,675.006158254758,569.912204075021,609.606236124749,633.352899671564,592.185503487883
580.062780680892,714.996948346406,667.304807773398,720.066073297851,653.840063619835,632.973046393162,586.072877372455,705.196231374102,664.770031721232,673.968843666339,675.237958736901,569.819895652016,609.663377302118,633.259856488432,592.298069592614
579.642188662084,715.056356636498,667.157976601317,720.178439820159,653.669800773017,632.774877622355,586.198341138608,704.046920724383,664.471662724336,673.29208074912,675.414349917354,569.764403478667,609.706644406797,633.167731518226,592.369145638168
579.213660914461,715.118167140675,667.004512411879,720.28837292804,653.506712201284,632.57633274258,586.200597597902,702.887011959599,664.178880753525,672.599444175159,675.504255214097,569.73997874693,609.735408452429,633.05749545266,592.452084309124
578.791451203165,715.180630704158,666.85574926719,720.452516228489,653.350193235795,632.498392758341,586.201085626414,701.735289964325,663.892870694468,671.921782795073,675.562696535279,569.738327150938,609.750060855035,632.952622370593,592.535861718445
578.373921767757,715.239395330149,666.72285429833,720.630722159534,653.200280012359,632.413284545911,586.199546678908,700.375963975147,663.593900426364,671.246900747563,675.466410025813,569.755877311314,609.751942419176,632.851998706813,592.631225449111
578.132716507158,715.292075556546,666.611571435329,720.807885400983,653.058051326417,632.329342359089,586.177842069315,698.216111300541,663.272069288417,670.577001246566,675.312368343801,569.827004264246,609.742756742252,632.777109149156,592.726955875231
577.890065046222,715.364777513269,666.522862492762,720.994959439505,652.924862428873,632.363617364668,586.214999083516,696.234534262625,662.954585076982,669.940935390466,675.114906380652,569.907090731608,609.698706390772,632.725524029975,592.81059583234
577.643145780919,715.439757738187,666.454049439379,721.17401371738,652.801224145307,632.42359215964,586.259231997977,694.476314028233,662.647227920651,669.358109711753,676.282407317113,569.99444446522,609.683850262847,632.698289236802,592.889613110397
577.337581302118,715.521939173943,666.399344142054,721.358328327125,653.624908390976,632.346156018982,586.307799264526,692.962668493136,662.348715991765,668.819668425456,676.239846883259,570.094124808653,609.68538382176,632.666605197486,592.935753902222
577.012909968345,715.551800673278,666.355581499949,721.528745100005,654.469166596794,632.323799439416,586.40901822158,691.679193458202,662.031798625022,668.284033016738,676.146133136395,570.194395346671,609.695207370009,632.619120556151,592.969636030135
576.668677153459,715.531137525526,666.24101745953,721.704070251051,655.097992273359,632.19365433878,586.558296390443,690.639289500286,661.719025569424,667.738143697945,676.019939189024,570.296865199195,609.7009218377,632.566199966409,592.959563057757
576.305897597865,715.517932191191,666.119731946663,721.816997585431,654.968491425857,632.157399704726,586.642732982659,689.812532148347,661.418429376511,667.206029050868,675.926591776509,570.441572394614,609.620472630602,632.433769945588,592.929157796363
575.927327334623,715.512323986849,665.978750441269,721.915627567069,654.847645862698,632.021593910831,586.667226172946,689.187968443064,661.129400305831,666.673795251524,675.808869573209,570.5827014964,609.537332547072,632.291497916972,592.880477114071
575.537347617275,715.514139331356,665.757106166374,721.996922953372,654.779451811422,631.993295769879,586.650066636852,688.717043084849,660.850838133964,666.147029354465,675.412511011554,570.718520344762,609.450118091492,632.134131002975,592.82652097738
575.140747883925,715.533849926147,665.525645494932,722.062667298042,654.71620901104,631.973069136162,586.557730044771,688.380467633629,660.58175840435,665.631427019544,675.036878190711,570.845516985063,609.352699602127,631.947183885173,592.753298281374
574.741642975803,715.567498564364,665.313978312496,722.114112642125,654.656860705975,631.933814322219,586.381748889407,688.089137826206,660.321453626849,665.116443745397,674.679038568891,570.920882817987,609.220880443568,631.740919670968,592.685483547457
574.343382199312,715.626096831873,665.145026353205,722.155592771487,654.600011599581,631.976376608434,586.145564648756,687.60630154187,660.069573053648,664.639432283192,674.342382889848,570.993223470949,609.079087359591,631.521520538197,592.621308828708
574.014767379759,715.707248048354,664.988190418431,722.185744053224,654.543531207174,632.01909712255,585.893655299574,686.739878335225,659.826237200953,664.164256752837,674.039167229388,571.059966438207,608.929611026804,631.287533940337,592.567137960597
573.747523110012,715.804851016431,664.820369004254,722.227961692083,654.485526243993,631.897280030539,585.688296065056,685.376417932568,659.611567916168,663.742967549926,672.374248478223,571.115823219737,608.768683048679,631.040741245239,592.517951812687
573.372756571216,715.927363835559,664.652411527085,722.271231137934,654.42501807241,631.68423148025,585.46362761405,684.235294952083,659.398462744736,663.334679661519,672.024097698485,571.150182719348,608.582841103712,630.802976345798,592.508038172685
573.117202355713,716.068060656706,664.45941160176,722.272181849546,654.361519784536,631.476467974934,585.225756306003,683.455400393092,659.181955312281,662.930110003996,671.602456271589,571.134283293624,608.36956113296,630.583569537539,592.503473088875
573.13346307205,716.216984941593,664.212096216767,722.234061670673,654.293888427566,631.301639796088,584.98890054856,682.59661451385,658.979714917744,662.476356713427,671.133346165275,571.088391499744,608.143437066846,630.373728379088,592.483779070031
573.133987564371,716.360225165289,663.907184802695,722.184443512544,654.220146666705,631.135703667888,584.832461536105,681.667554954952,658.808905129326,662.010138534267,670.676961658163,571.041547840615,607.911327900453,630.172125179944,592.458448945458
573.111685169664,716.512938740853,663.496643502718,722.170167768217,654.027141777423,631.007530223754,584.68696750163,680.675394914528,658.568598283159,661.543168976277,670.202516664273,570.994657097258,607.552989073714,629.97660038678,592.428101060757
573.063296670748,716.671132152512,663.05282515936,722.219737555185,653.817153058807,630.9580001696,584.540070538339,679.985555913055,658.311075375235,661.075718662581,669.738749817295,570.949910096875,607.180070003882,629.777385693359,592.358328526614
572.989914736261,716.830689890823,662.538841652224,722.27994306076,653.608707233443,630.902064284505,584.289069388255,679.366694321966,658.057990656762,660.60712152529,669.265305777138,570.909420187417,606.80636701004,629.592683184232,592.277255924015
572.895867900749,716.980036275671,661.930610466724,722.336883219364,653.376355442715,630.801275600611,584.037504580269,678.681799980574,657.81170885824,660.136350450402,668.707259314046,570.876478716698,606.450536789851,629.413847819342,592.185777294753
572.786562865263,717.127599796393,661.474420979093,722.392009546079,653.113259682999,630.714413576204,583.730478712588,677.93061353524,657.540556692115,659.662428762543,668.192691983836,570.783644365447,606.106744358525,629.257053740245,592.066468698393
572.432444139667,717.263327203024,660.981720819162,722.452219372985,652.819414312428,630.641556223382,583.445474901937,677.114046781374,657.282327591387,659.184001267812,667.68276294185,570.671252574533,605.774476641079,629.108843980217,591.935636015598
572.073564289839,717.355874755131,660.485796288016,722.52180396916,652.498547733843,630.631868257836,583.179628433125,676.234613598408,657.024644038452,658.699681114647,667.17428115246,570.554932092574,605.4630008564,629.021236881948,591.799596053149
571.766993753726,717.437261695831,660.007340161766,722.611326371001,652.156402944714,630.703418008337,582.966880064413,675.291224989482,656.760704294612,658.209071200356,666.687094006345,570.438395710768,605.176309136708,628.930842209978,591.67885624736
571.426062485708,717.503219238014,659.564825351355,722.722818551441,651.798409653273,630.815761123783,582.784971347703,674.64390036334,656.481123205763,657.714168436174,665.956480410786,570.325228970602,604.909838190881,628.853265947005,591.576257468083
571.055210408275,717.555774683159,659.229103030235,722.806290408489,651.424258867272,630.919098707501,582.622745851552,674.195410657283,656.184792677524,657.06208569047,665.161265045229,570.20650697562,604.677094825959,628.736054182011,591.489354575451
571.025682500046,717.589249913858,658.987374693987,722.863523094968,651.035700064008,630.99078558588,582.479601139486,673.8139400656,655.869609117083,656.365602356899,664.395704311524,570.067801565537,604.475236265182,628.627469316166,591.416485146533
571.034050543129,717.526299503047,658.712961562358,722.898494979624,650.648869647981,631.047352921117,582.352065953519,673.437903401548,655.524115686062,655.651030018839,663.895940240215,569.976269768425,604.299471815271,628.522188807035,591.333545526075
571.0780791763,717.44277122733,658.349166897833,722.856419967626,650.269161181003,631.070770499065,582.237899966095,673.016944378473,655.170059534095,654.921633428966,663.233941084404,569.912825825722,604.114283693709,628.419191006333,591.248348299539
571.153323936558,717.363799402335,657.939217106549,722.738964982267,649.899823981525,631.057804852476,582.130400115066,673.596965301012,654.794406332855,654.197732346923,662.724525681636,569.846241774041,603.942394275457,628.299731434447,591.187849958214
571.086296508215,717.287683076987,657.512277261117,722.689638660355,649.542429666679,631.034827667044,582.027606929327,674.549581780417,654.369919547533,653.491234833667,662.139025910668,569.752082859345,603.776481265871,628.173152356941,591.11184049712
571.040886551507,717.212155272857,657.082508507015,722.630699151127,649.197849455502,631.010242272958,581.914340376855,675.205258188845,653.927088246286,652.798624159501,661.67104776716,569.735594052644,603.616821718127,628.011570836216,591.035270211639
571.009726258266,717.145261054067,656.683463159544,722.558641464955,648.866154288556,630.989091698416,581.776285850898,675.528488517219,653.463160369562,652.12650621343,661.184820320421,569.717680775502,603.456918320529,627.857621272741,590.941398258402
570.676181103939,717.099784061829,656.334349573963,722.475736106024,648.544052890915,630.973806525175,581.584665567225,675.528488517219,652.966469378352,651.490237595299,660.663319980797,569.696260081534,603.293174612683,627.727090671715,590.848269757777
570.097112004396,717.066331571696,655.983850366362,722.406253515874,648.216387305491,630.967630377337,581.3379632207,675.528488517219,652.454867413896,650.948524341434,660.295292819855,569.671407225133,603.071664482512,627.605880998545,590.747022636871
569.418868765423,717.028680034206,655.630527795697,722.330813772919,647.892022907907,631.059641537274,581.038155625695,675.528488517219,651.933976886596,650.430974214938,659.929826508918,569.635827491038,602.825707633283,627.514056024437,590.643059645308
568.730939044991,717.013210503443,655.270676457816,722.25120521569,647.567514520383,631.180914114741,580.720010718979,675.528488517219,651.406100240939,650.040469146294,659.545536446793,569.59829841149,602.577959994021,627.455141875256,590.538366325278
568.020702310455,717.007797070434,654.909465114098,722.12980471058,647.239548037529,631.286373437948,580.453722743192,675.528488517219,650.877880739125,649.654949720055,659.260591704253,569.560004488604,602.33993686858,627.469635883579,590.427473303533
567.245057787078,717.032884395972,654.564468939331,721.968738803243,646.880435854842,631.402302658658,580.174222435781,675.477775873798,650.371581465584,649.274970717502,658.992361629033,569.522238008002,602.098446958787,627.516633376929,590.331573473955
566.393289637114,717.041557976893,654.160053827111,721.796225769926,646.504497598877,631.479432623115,579.883280469289,675.393146780018,649.902908259196,648.895545491795,658.719455080362,569.522767227978,601.861351510368,627.58532667246,590.2456462801
565.459659440065,717.120104955303,653.738761870418,721.579408255082,646.10674892798,631.46821478046,579.491289175985,675.315281295528,649.428353260084,648.511398975061,658.237967093122,569.556105098367,601.579183782444,627.679057113795,590.165662466764
564.579681727085,717.219652425605,653.280588515569,721.352414176674,645.683232297407,631.382915915995,579.081298389843,675.773140154542,648.954938321646,648.118589056969,657.769246787623,569.608371602198,601.263326322527,627.811710825485,590.128832214746
563.717734521143,717.331180338208,652.855426275393,721.112938065206,645.231195156822,631.310011090806,578.659960342572,676.408974556714,648.493924123343,647.704196302565,657.301462992807,569.604727248588,600.911826130481,627.92527905169,590.103028050853
562.594697918965,717.426415712652,652.384292838391,720.828977600459,644.748425879569,631.278118696163,578.256205342847,676.963092404607,648.043029906295,647.263142302013,656.812898927889,569.593317273244,600.569789372421,627.981673538645,590.08617314721
561.50558229136,717.527013047817,651.770154033409,720.51408991306,644.233547248894,631.262022202774,577.853087244784,676.975925783976,647.614351198745,646.782526831481,656.37526289469,569.653437386062,600.224673128916,628.057852104791,590.098173148062
560.44620250093,717.625825972681,651.174072181129,720.192996652617,643.686563859433,631.260166207886,577.448971836962,676.477693230039,647.210103086814,646.277366975544,655.943772340189,569.726022996668,599.883042213574,628.109673977128,590.103729869253
559.932795942291,717.655266689989,650.499266613675,719.876961866037,643.108941998219,631.261454964237,577.061334458009,675.659440054575,646.830229821883,645.738873698288,655.499563519125,569.804435276463,599.526548625884,628.176307367116,590.079948033968
559.669222791842,717.675704549501,649.81917147512,719.567314864439,642.503276542175,631.262342162776,576.633147319001,674.838354734571,646.472648216324,645.257486899531,655.097595850277,569.911845525028,599.126617600809,628.24479845671,590.05741632148
559.429314731845,717.69643527757,649.145658978473,719.290653021727,641.872538984326,631.239371487209,576.218857265256,674.053348401103,646.133793354644,644.75500056065,654.795185092879,570.041237899345,598.710443557673,628.342008713943,590.033266225372
559.302229177649,717.710368237383,648.459253753206,719.011742428442,641.221183147698,631.116709629234,575.925282086005,673.267030435536,645.797937507908,644.283632780113,654.558665703227,570.137525711462,598.300498010661,628.518143552181,589.999172423899
559.227444856821,717.710702496395,647.823272758245,718.739187499504,640.555489647414,631.038546310451,575.771910284922,672.499029959598,645.438965087122,643.787136245883,654.355233119076,570.237031700303,597.878953217393,628.7096030726,589.968026652383
559.152763189097,717.695033748093,647.293324636144,718.478675975016,639.883099921792,630.932661861308,575.614512386165,671.844002050339,645.127876331441,643.285232857498,654.143729104285,570.330501987919,597.414670240998,628.909443879338,589.940762886272
559.069679823041,717.655456165202,646.819957078508,718.231701492763,639.212085629408,630.888748293693,575.489201107063,671.140765125084,644.8298903702,642.777033028264,653.897319172368,570.401699945551,596.958434057567,629.113779383154,589.91435930997
558.991279505844,717.635662842236,646.369465298262,718.041958520973,638.550299139718,630.757895693858,575.353001583876,670.677397512643,644.54381579377,642.265917069443,653.652005208699,570.411361381023,596.516014733873,629.319573388303,589.873728192253
558.940318070164,717.619898879314,645.93344682364,717.860303920102,637.907248152583,630.661293229292,575.20004386711,670.286118024308,644.300519671027,641.755454424914,653.382917154372,570.397630335122,596.091211926768,629.49014478163,589.804871015873
558.819314239987,717.581937938011,645.402041264842,717.671066397783,637.293893893925,630.593134175203,575.023641706261,669.923178120514,644.072357468573,641.253722561028,653.144615767097,570.382141281322,595.672317486447,629.661245401053,589.699096477571
558.74823721603,717.522955623867,644.943935545122,717.436904414858,636.721015184629,630.525937889524,574.839195268719,669.517584846885,643.838347431228,640.753328176852,652.886585030621,570.368174699504,595.251112216297,629.77839219299,589.600264425672
558.668909204881,717.476520406628,644.506881769697,717.226397360281,636.197013435386,630.445610175288,574.63942666019,669.106206570067,643.605511922334,640.243168901772,653.155790567303,570.352435741768,594.847114799291,629.865242532596,589.540740654356
558.622919213399,717.440804018352,644.075899022938,717.091659510247,635.726945473764,630.378279147591,574.317573508384,668.629068206481,643.369451812592,639.719272723909,652.895441355297,570.335131999853,594.463357482185,629.904756835851,589.501926284315
559.010656675736,717.381511700318,643.817134884717,716.962003439491,635.314234923526,630.266265470979,573.980753526243,668.212688478282,643.131750016915,639.17793026478,652.639779887411,570.317564877785,594.092714991221,629.946501023109,589.434323504979
559.385692934143,717.324776833883,643.576940721311,716.82968744179,634.960125550811,630.149114942104,573.629818431065,667.848878635455,642.830006725515,638.596322195183,652.391729619811,570.327151478094,593.725170898166,629.98083637049,589.330877965652
559.719147424449,717.26291501173,643.405798895488,716.725041670606,634.662433618511,630.022570330923,573.270010252201,667.441847318038,642.517461335834,637.981156744133,652.270147189109,570.324997478292,593.344182613239,630.00632612561,589.217540607053
559.749164683684,717.205195503829,643.256513312957,716.622818405306,634.413996735621,629.896529698891,573.043778757202,667.01756062512,642.248715523886,637.313866551811,652.191710559927,570.345973736892,592.955992863862,630.018460607389,589.105273602235
559.696979319621,717.154204520879,643.122126618233,716.512559090805,634.205892772658,629.776257933603,572.818287172303,666.58168453108,642.005165909964,636.619442734541,652.136548602831,570.37000675345,592.560285354104,630.006905324342,588.990094160556
559.649462012855,717.053648248994,643.168835112905,716.400389890754,634.023571294089,629.666445427187,572.619995492066,666.402589963319,641.784353885062,635.911299358655,652.054821966942,570.393905827265,592.156071483723,629.961767827084,588.86972546328
559.569324667415,716.970520284705,643.254139406414,716.28709474199,633.851719320918,629.550539136904,572.42081057792,666.176461595826,641.572897750613,635.1925422272,651.971161258561,570.351329357737,591.747872225013,629.884301827657,588.726177888753
559.454185508655,716.895291387723,643.360847920144,716.223565894688,633.685460374608,629.359660041814,572.130631354674,666.322643768394,641.415565773343,634.466307365261,651.86159872067,570.306584160921,591.331596401497,629.80167900231,588.585018586411
559.329633495998,716.834065896226,643.472302709941,716.12447001738,633.531115412618,629.218704386246,571.846477410301,666.422641723672,641.275778876035,633.657794778294,651.777033101592,570.263019460702,590.903524324096,629.70524306826,588.448401700635
559.144673906004,716.780975766444,643.575667006624,716.052576874337,633.38376424363,629.021196144193,571.577868134091,666.472740264447,641.130222390519,632.85230052638,651.650574332366,570.216699843406,590.470521207091,629.598942729615,588.307237001004
558.704155004079,716.738897868337,643.711467190389,715.998249806008,633.241421758554,628.768433666234,571.323607330861,666.479907491007,640.993998634415,632.051292213934,651.629336037107,570.159550480407,590.034629579941,629.446348416899,588.163951534252
558.1641070305,716.738247100627,643.823067616162,716.059120810722,633.104263093895,628.634412090224,571.081580264972,666.297062838314,640.850142759741,631.255954130987,651.529101263373,570.112811495769,589.597996651479,629.294964222133,588.015376708615
557.558757149977,716.769024017874,643.931622634715,716.048418963128,632.99616410365,628.550292374522,570.855056616611,666.090177446487,640.582178800819,630.468199408169,651.39176877556,570.101263753718,589.162831018539,629.180018475704,587.867042307923
556.901070917246,716.806012088536,644.174044894931,716.018442644205,632.892196696498,628.582414243197,570.64259957511,665.868506611695,640.247003931099,629.723512459721,651.270247967917,570.038972961326,588.730691862696,629.098901884595,587.716100852653
556.205604526859,716.816551821986,644.393624977217,715.981742018221,632.771414460289,628.4805181277,570.445811799541,665.644010646167,640.026396457646,629.080836636005,651.06636249189,569.945176051656,588.301517640052,629.027066996875,587.560820337416
555.487864872067,716.791630868418,644.588579477333,715.938396822882,632.644835701451,628.331351736244,570.265160200661,665.428166802977,639.835064432594,628.427926166998,650.845637070115,569.830924250721,587.873235003446,628.969836673798,587.402835056619
554.468411559601,716.75781703418,644.76391755199,715.880660055514,632.490129906483,628.169339090257,570.074640490439,665.229528326307,639.675270424822,627.722137541467,650.624630677202,569.733321512309,587.442183934422,628.928828833088,587.242019835065
553.412464670127,716.704792708719,644.838007276368,715.776555954817,632.326478181655,628.0223700867,569.855526860414,665.267854481071,639.522890725622,627.013338997227,650.406761745331,569.613595963357,587.006096604386,628.926368992177,587.076712299467
552.367148112583,716.649732625303,644.834418298143,715.675226688346,632.144246553502,628.07152356688,569.628120934844,665.22175747894,639.292219274672,626.308854675858,650.314279002409,569.488973569422,586.553522660004,628.924874137873,586.902716350776
551.352301894643,716.59547286464,644.875407318633,715.577928476292,631.934678864638,628.121464479663,569.346790463269,665.25538792209,639.020373866999,625.616109003522,650.330601530919,569.357084716893,586.080499409082,628.925410462507,586.687363128241
550.418727530481,716.549426269128,644.866921544545,715.485582504662,631.703242208307,628.150657299239,569.02986098844,665.369440066927,638.759798651843,624.816649410195,650.366830600307,569.231248755243,585.581859441277,628.903854706353,586.462232584336
549.555705577501,716.511362947319,644.72355657096,715.367938415674,631.475075337559,628.050442746405,568.694296476278,665.601927532748,638.476999732748,623.968592788555,650.418498169918,569.105175147055,585.057900266598,628.888805901651,586.213780437052
548.773956084803,716.478263144525,644.549956403221,715.258752951947,631.238854725058,627.82612665781,568.364116430605,665.94353715009,638.1786413056,623.121008528188,650.498557947031,568.979381037518,584.505487042973,628.86518718567,585.834494942763
548.14872217957,716.471878316519,644.356062546302,715.143857048073,631.000047465344,627.589966748016,568.037193297108,666.44936034444,638.024952584546,622.28169881608,650.705712979087,568.82230935809,583.925250712631,628.850500980317,585.585007027258
547.654301061585,716.46461751758,644.142372054911,714.968941353936,630.770426996826,627.479095458605,567.663650887732,666.831490658644,637.873124207441,621.458609766279,650.884743189578,568.593624440437,583.312493839771,628.830823584949,585.326882561722
547.188521062397,716.441662008784,643.925277044253,714.725825948629,630.545590086784,627.591643593948,567.292419733477,667.295470376984,637.712319327361,620.684864248162,650.875480705743,568.362699733722,582.672152220806,628.884074768088,585.063707850726
546.746853930272,716.418912085197,643.702919630241,714.482180234908,630.335652375174,627.731209097745,566.928309787683,667.790730541792,637.60568701189,619.930461310443,650.902793333127,568.156327520745,582.007227401411,628.948720916648,584.785394396819
546.324633043815,716.337524005075,643.487690819414,714.254577009836,630.138923768988,627.863887727581,566.572195903551,668.224463669906,637.492173371629,619.202322797447,650.844945017416,567.960501338008,581.321349221494,629.011522973955,584.4663895466
546.129797727191,716.25503732982,643.270222113754,714.046845889403,629.973148481466,627.986653959265,566.242001118608,668.585940886415,637.353272013439,618.505080736038,650.769852189426,567.743842586032,580.618208498259,629.064860617153,584.122245181342
545.928935352938,716.174281720749,643.062725085793,713.793438930562,629.802551043484,628.0982268543,565.924016750993,668.921807472209,637.098773149657,617.850829867226,650.697456098079,567.539631614049,579.900961293162,629.167552018184,583.769747955149
545.699551224533,716.096550422409,642.748550805826,713.54748472951,629.582178076993,628.240620223094,565.502158152431,668.814008700898,636.865986400123,617.399499698576,650.609652784088,567.349454040786,579.190625347616,629.257687642647,583.432956679874
545.326936377042,715.998247996974,642.526679470499,713.309413753353,629.33948814129,628.470514298943,565.069851191604,668.553887495841,636.524604969134,617.004764232187,650.520843681323,567.17450376787,578.471664503206,629.337938625181,583.116207536796
544.999628365559,715.904238524227,642.207198059171,713.08302399112,629.07288093903,628.735202785645,564.653404029387,668.4344962443,636.173442256372,616.608764526397,650.470089364838,567.015690686203,577.756169120084,629.357449524621,582.831432799176
544.647976177235,715.816855495205,641.879920412813,712.86599550895,628.780473349078,628.939174319122,564.261447116623,668.300743783323,635.796880733783,616.204723625568,650.412067002465,566.874875027415,577.031029169207,629.354855010462,582.608816245767
544.291184630946,715.737207569142,641.526652410054,712.65418071891,628.460727189086,629.131445671125,563.873449513901,668.216545580798,635.397474974277,615.799779262161,650.38061609577,566.751070812707,576.296809882875,629.315867532535,582.403272008924
543.929902358121,715.665738409044,641.299639577024,712.455186551433,628.099330200889,629.310967343476,563.481546205123,668.231033139506,635.012543844064,615.385481564017,650.350933220382,566.680856847214,575.564598089526,629.268470207338,582.175037360508
543.592842292357,715.664280031244,641.069463365399,712.247963006528,627.693680202928,629.478802269724,563.067374288318,668.150468932186,634.631231490725,614.978005197786,650.393726000743,566.656191395683,574.829404021886,629.201069218932,581.933570819948
543.255332455236,715.658352848814,640.831727698786,712.012166529957,627.264849527099,629.742611154684,562.652526185057,668.128673178036,634.262149870096,614.575206584345,650.441781101725,566.581090258064,574.104380138527,629.139387750165,581.697878985126
542.871006415211,715.652888299429,640.584636203436,711.804360110399,626.818132149004,629.866245342642,562.250222296726,667.92068704609,633.931430628135,614.124842709291,650.450610875601,566.510825582329,573.381080434029,629.076399173535,581.487049392318
542.467405780727,715.645827988404,640.33892425321,711.62226036578,626.359950327005,630.0119874242,561.869001073417,667.803030520227,633.554362309769,613.674982866933,650.461475139703,566.43224023665,572.667552734032,628.999299169016,581.292780789653
542.166984714234,715.622301264948,640.091315907339,711.49540066072,625.897983526293,630.12925736744,561.499686916831,667.699499012288,633.083877557721,613.229447346419,650.333809010489,566.314222184132,571.959732792284,628.917598733548,581.10615574553
541.916970054521,715.587285595923,639.84396760852,711.394210677278,625.508943480207,630.223036265462,561.141120571462,667.605263134924,632.603435633535,612.71075081606,650.126810095271,566.201901607475,571.255750170086,628.84311747235,580.918471427939
541.641848428801,715.551152736367,639.588833603255,711.339284926036,625.164187350885,630.340048557854,560.771805453886,667.516197186303,632.186124938088,612.278235979341,649.894818050008,566.125887092492,570.701535976442,628.758133080295,580.737884109962
541.131986525912,715.513500367389,639.306186718442,711.303321920322,624.876036897364,630.320966541059,560.369875552234,667.395373751575,631.788106196679,611.826474711663,649.597385592178,566.034190782477,570.280579091321,628.635700514056,580.569440029657
540.543304598781,715.473854850021,638.864575169636,711.273511492591,624.655794264523,630.290823442522,560.051806476679,667.268929086531,631.363780861735,611.390452540392,648.984846410776,565.955891181873,569.848624799086,628.547577513916,580.37742087363
539.96798460327,715.419719264725,638.493220200129,711.257337258967,624.555690494132,630.265379097875,559.784095589723,666.900745367416,631.07275076466,610.935416691545,647.937206195912,565.873471225446,569.391533065224,628.487770723586,580.178575065778
539.402916648033,715.372153771172,638.136343911842,711.257182855215,624.571736916897,630.194413741543,559.459885571945,666.492223387527,630.757953126033,610.455927454944,646.774742300764,565.798837784194,579.58479210429,628.445125280099,580.0094119577
538.837688822056,715.309159218755,637.883543444782,711.257480492635,624.653187197819,630.099436456071,559.056457812678,666.011914791044,630.471721101974,609.948392339407,645.573587312391,565.732373469829,579.210560434069,628.426520109586,579.859587266439
538.2539918154,715.261140332007,637.624630730119,711.247653465163,624.79582080063,629.925134219309,558.647907154006,665.580809355944,630.190235799982,609.410010898371,644.367777736723,565.698407644924,578.817016134092,628.373665588119,579.732283041889
537.65900822791,715.208671161773,637.472613032119,711.228520439533,624.994726840628,629.735458244388,558.192645777176,665.103034803738,629.932890552268,608.839268658621,643.184102568327,565.643590129158,578.417461770819,628.325665984014,579.621056369307
537.035297178238,715.162367904303,637.315813630331,711.142659145396,625.244840695528,629.576716412075,557.715673698631,664.161803611092,629.659918615742,608.236524681181,642.050368563513,565.589643325439,578.013769424206,628.279778939426,579.516833317955
536.370360339728,715.12977876207,637.094570592929,711.045738666117,625.540048014437,629.463559773498,557.212498656098,663.077641650678,629.416136237126,607.603936938254,640.985531450416,565.51998185119,577.607425933065,628.264026291889,579.392187676193
535.549477140274,715.076345799429,636.797486180817,710.914204337888,625.880646563264,629.388045720758,556.685322239562,661.951534662014,629.084494241361,606.944927470989,640.371636748945,565.406506941051,577.076299700819,628.254353428561,579.269502389588
534.541819318182,714.996662395171,636.483198840447,710.769131590983,626.271643785012,629.313260925863,556.127293598508,660.811718836507,628.74810636776,606.26395039447,639.959945177093,565.327893831258,576.544109478943,628.23387350363,579.156853596834
533.418800534015,714.915739338641,636.148289601607,710.624147892663,626.674865584138,629.251901580809,555.559650951165,659.688288699365,628.371243371816,605.419307971776,639.563334640545,565.188235479513,576.017261668165,628.219113705071,579.041878361536
532.09650137657,714.83533308129,635.82380821,710.467709458728,627.081414286867,629.253368031996,554.991347923621,658.639635099463,628.039738173944,604.54398825493,639.185878862718,565.0331230684,575.495655332244,628.200332366309,578.931684653887
530.607645570742,714.775138549114,635.488666478815,710.306286130368,627.564927679621,629.294058953672,554.42978822997,657.746963299021,627.706211758059,603.654251349051,638.940080018336,564.893080447692,574.978934827935,628.223895966858,578.825363252105
529.040450400468,714.711274444654,635.133224801596,710.159933498815,627.534637384734,629.333468802895,553.961024370693,656.877795287771,627.368771392092,602.798922137632,638.719233192741,564.768125796092,574.466712326208,628.288148398462,578.721439048852
527.38360498093,714.644323745694,634.941907503513,710.035983699355,627.545998837315,629.290470104553,553.507358392652,656.071129620637,627.0396560882,601.960756604879,638.511321535229,564.656693449141,573.958536516437,628.409529872905,578.61990475789
525.658392397368,714.541410347251,634.728105734827,709.91678267413,627.559990776039,629.256538924919,553.079821186898,655.281738729612,626.721777647549,601.15407055752,638.223675323533,564.556163705007,573.45363225815,628.563455446664,578.533970378845
523.89026109935,714.432623526904,634.42286343935,709.815488457404,627.556019157641,629.164842573546,552.611688585729,654.574435770414,626.39842348389,600.391672414164,637.934507140969,564.464017049008,572.916669953641,628.722195292851,578.453370081782
522.11671131627,714.322258030594,634.070943343723,709.749947775351,627.534207677387,629.105415587105,552.149794003678,654.013827057,626.095150470785,599.72772830591,637.646046271402,564.372745448522,572.378765972221,628.818133814406,578.359596132055
520.381273790837,714.209262382396,633.728422765402,709.677909265145,627.514900231408,629.013955296048,551.708717026853,653.526906070707,625.795469201815,599.139589684021,637.356282948129,564.290575522615,571.839731168201,628.876144490878,578.247022056447
518.716466171767,714.094062149792,633.43429308828,709.61473330724,627.47850790646,628.873170769275,551.289628986289,653.02718969201,625.501107924615,598.600156039205,637.055906352035,564.204457264284,571.29967612641,628.936638965159,578.123680464945
517.123843744254,714.007031680854,633.117006409855,709.548773631771,627.421535634381,628.773298827824,550.899485807867,652.578046688578,625.213653676284,598.110707413024,636.726472653908,564.087445303334,570.75980065924,628.984965155084,577.997542805341
515.622854962212,713.901034581788,632.78132011665,709.481647066378,627.367349586394,628.654427411677,550.534169696204,652.144519521129,624.814602471258,597.751597382292,636.920144509733,563.984584504595,570.222563074891,629.036970526272,577.86653880727
514.523209103937,713.796696934515,632.469393656255,709.430240292793,627.287485817634,628.520876268554,550.142217015249,651.760601892246,624.419006602038,597.423377893121,637.158144523455,563.879633693109,569.691221565264,629.113394061511,577.70962671518
513.432638850758,713.692677424917,632.106058215835,709.388315818217,627.214963973779,628.410037309263,549.733459444785,651.386915442603,624.13203803024,597.126439445162,637.442174781815,563.767478643198,569.169437411069,629.19748623331,577.542904643841
512.405290695046,713.613937022032,631.710826978052,709.370079748351,627.127342490611,628.246198446307,549.346083582944,650.821786654152,623.836427218174,596.836059912271,637.76765370335,563.58547424701,568.660645387343,629.288362347165,577.373054622254
511.409659039681,713.546560887641,631.294169675304,709.349609932125,626.722110962616,628.112737332046,548.958569179281,650.115809415194,623.525268204597,596.556020046858,638.286768208416,563.350371627003,568.167240171068,629.384363896088,577.219913081036
510.298684051781,713.486004160555,630.891494326005,709.365936253183,626.331541541051,627.955743444121,548.570743658079,649.333216446784,623.214027714967,596.259183359275,638.258021205677,563.122129663686,567.690163091393,629.483173381857,577.059035308567
509.024624952043,713.422638781924,630.520193370796,709.380259610337,625.959834645978,627.859538333261,548.183308618511,648.492865850515,622.894865044796,595.979447578622,638.207928430971,562.915544930235,567.229168338391,629.576622587703,576.879109154942
507.533375920123,713.355307051199,630.193757936376,709.390197696652,625.599038495522,627.766334590603,547.796582222033,647.614103914523,622.582808673527,595.671041231341,638.131324490908,562.755255038303,566.783088063402,629.639312643206,576.701328951781
505.722492652452,713.282949059892,629.60106586874,709.417887968558,625.183006203887,627.646317688189,547.410296672431,646.571002004968,622.239396811459,595.341744621857,638.024971288502,562.595224786862,566.359108662014,629.697215087911,576.509050529074
503.497270574948,713.204528992914,628.800106952438,709.444509269524,624.771421506911,627.474051145236,547.024398004715,645.288619568011,621.938259160439,595.004618552338,638.523153224559,562.456548006714,565.943459972508,629.680991309941,576.297194850207
500.758926885225,713.118872524964,627.945174560382,709.471940598785,624.363819937924,627.292452806959,546.639356255959,643.993127925954,621.606878294782,594.659796574701,638.236545266444,562.343244204296,565.531987365285,629.658106329546,576.028868405947
497.454709422505,712.987298732571,627.060402903583,709.429972502408,623.958005502073,627.087082117991,546.255668531964,642.703483042585,621.282060929485,594.337318520481,637.978962502508,562.307062975478,565.119964527031,629.641458699997,575.728775425068
493.83756897814,712.852877658302,626.154985540465,709.31476710833,623.550654154816,626.860633271723,545.873754292014,641.45984929997,620.973573726207,593.982679969093,637.70386832194,562.267870263121,564.702553857835,629.614385958247,575.372769849594
490.527188996003,712.715125191781,625.230151914347,709.177196223306,623.139210557746,626.580859472913,545.494069222971,640.286824593089,620.662238850539,593.665213257611,637.464047411869,562.164027929965,564.27542746032,629.60023248906,574.965833928121
487.535346896832,712.51810941847,624.352535165434,709.035622016125,622.722226473628,626.303168283071,545.078318508381,639.138204492675,620.373265577625,593.31805851837,637.24456356387,562.058406987315,563.835474546285,629.612846908653,574.515070002652
510.519369737418,712.328150281428,623.46277416295,708.892258796632,622.29876656986,626.051079466412,544.928074676218,638.06163682535,620.096735349087,592.985929406981,637.049239866499,561.945487261684,563.380998823038,629.625344056543,574.010387071901
509.920437510118,712.109153863756,622.570707480614,708.763164642509,621.867747988637,625.829251187937,544.931797842792,637.071407697035,619.833723899154,592.670924565995,636.838016820973,561.831035754148,562.911642862866,629.634922529528,573.496816648119
509.380006434007,711.899014705186,621.69199372018,708.635450177029,621.428671224588,625.605500160698,544.991691704101,636.631590626226,619.531496345717,592.365156005817,636.617246866413,561.725152019715,562.428390416467,629.635940235981,572.961361947223
508.89057644863,711.708708934344,620.883722916737,708.477355098488,620.993522131667,625.365718262334,544.846729293779,636.201676520022,619.184772954519,592.067307724615,636.335514931173,561.643516320595,561.933378161947,629.630937963711,572.408435636345
508.430023352381,711.500568475545,620.191859134122,708.317992970942,620.594210550498,625.146156710364,544.674424613101,635.783325648054,618.832445027111,591.785303885808,636.075386958946,561.562094444538,561.429544368145,629.515553433021,571.843606037097
507.866902499594,711.303592163687,619.587006864919,708.167504599033,620.162036905148,624.887213764484,544.491493949356,635.377295641256,618.477577036684,591.480716258176,635.759013842229,561.494760050838,560.925172058411,629.383352532887,571.273328335226
507.114401595245,711.098521200559,618.965036562187,708.02043738193,619.681729246327,624.644603596787,544.287883462131,634.847590366447,618.145502872501,591.168015638477,635.526203451166,561.408770045084,560.425416424119,629.24781835302,570.70438943748
506.294962333919,710.888641551738,618.469314462885,707.876465185386,619.193693060153,624.440767444488,544.051891792722,634.230315527318,617.825820848683,590.836607354724,635.2496184633,561.238005088438,559.929130964971,629.116717122207,570.154310790995
505.446568422244,710.665712098955,618.023360829953,707.669161904139,618.691273314124,624.260709193176,543.771204455192,633.238521035841,617.503408176164,590.476354865276,635.045685310209,561.047855819561,559.438825342914,628.972043538661,569.620146854184
504.558606510042,710.445054762936,617.537455920705,707.404874362457,618.175413316626,624.110388955081,543.400918592892,632.234136720866,617.159091260391,590.120173449802,634.852150855855,560.859930867086,558.955756658784,628.890767640302,569.105890321281
528.165518694714,710.160716255936,617.089183418157,707.114290114255,617.666477254656,623.959981585255,542.873053486277,631.233630608718,616.780006962567,589.771470161089,634.6496075659,560.660388308313,558.479860478915,628.839790737099,568.613004441733
527.462915436494,709.867106703196,616.518166469572,706.823585119412,617.159213251429,623.805427706511,542.316441946404,630.227027339957,616.517433387416,589.432527426942,634.464043714648,560.432921975277,558.009677605632,628.798835854047,568.193762557005
526.737314509647,709.5731099516,615.961445909112,706.541475306623,616.665815345175,623.64253919651,541.70789610784,629.394103332007,616.237176491844,589.104692385371,634.287030192778,560.181521596684,557.542539740088,628.711887477826,567.802104076078
525.540680017987,709.275444046604,615.418780562054,706.286789539369,616.201353704522,623.517185053665,541.070552519704,628.566567701946,615.949001427513,588.784572364808,634.096624303669,559.919046887539,557.064354292093,628.619802611221,567.423925787856
524.088470137565,708.983037144785,614.878323320985,706.027450133609,615.745042736918,623.3518149904,540.420578249087,627.77597953356,615.663469871687,588.471708928031,633.842331250544,559.645316966693,556.574103381778,628.525642145498,567.068142102548
522.50576372074,708.689886098403,614.343682491865,705.783691628421,615.293660925372,623.140995841551,539.745700289511,627.329521015594,615.365684208834,588.162367446409,633.60030671225,559.385626579907,556.085346179985,628.445054323793,566.730557786644
520.844540222121,708.399285388393,613.817991039392,705.640657472202,614.883832930479,622.91527502903,539.031876536927,626.933993579116,615.05800579617,587.873590838987,633.380344903909,559.109441539208,555.597954236821,628.397756316732,566.402906969764
519.247030045306,708.118388262936,613.471880880615,705.505803246953,614.489468939888,622.655520995249,538.279708453335,626.588160682991,614.742849449455,587.575133342324,633.075521773629,558.833376384589,555.111835279963,628.351355439103,566.095572116812
517.602424348562,707.85252179253,613.140486254992,705.403617702298,614.094464510984,622.33240755967,537.515924854766,626.321571027547,614.422491026412,587.206002252284,632.762989929788,558.566587378294,554.626834072234,628.294294567134,565.806118523003
516.044752991678,707.574757174198,612.989855725678,705.307220529195,613.732689211157,622.010254467692,536.736021688232,626.254327509946,614.098735267176,586.834207824342,632.444583564488,558.30204697837,554.142566481901,628.156558734639,565.530108027694
514.610091087363,707.281600207618,612.866344553833,705.206304266446,613.383588105729,621.65480201593,535.891643111175,626.194134737029,613.772500818825,586.490286503729,632.198732371769,557.974273633274,553.658409021107,627.970292146737,565.260206983811
513.316566358276,707.004955953406,612.834552333415,705.089675168215,613.056120143954,621.28472168361,534.988570651471,626.143053834194,613.331803912146,586.157677050285,631.91436789132,557.622693111492,553.173561965733,627.776523823667,564.985160777382
512.163952690376,706.753197954095,612.761252975362,704.967856238332,612.702778642776,620.927538060126,533.975975452771,626.101786664091,612.894380586916,585.819636103591,631.5088912454,557.276885343445,552.686695097273,627.584491812848,564.701473273864
511.249413402439,706.496603567432,612.629380595482,704.818786648106,612.317517857174,620.607463466492,532.89465783872,626.068981891321,612.524074848313,585.468602697064,631.192598489573,556.939820541823,552.195683642948,627.364119340575,564.422444382505
510.429011458806,706.244236938145,612.303557971134,704.672491828978,611.918548501962,620.310239993136,531.779590465072,626.10502210748,612.154658630901,585.106216038165,630.810140136351,556.614439519893,551.697800189883,627.139464012771,564.173910150333
509.674212623779,705.987961736868,611.811688266999,704.541752849818,611.500464597714,620.041145768253,542.536897680832,626.246042946436,611.788741480562,584.737754528705,630.407698457751,556.302934743677,551.201707203393,626.921045806429,563.914025260707
508.959925246491,705.725602492894,611.294695347867,704.383535518647,611.06362640922,619.7593307293,541.978409589614,626.384016656498,611.423293469849,584.320786492155,630.127598138607,555.994415629583,550.676440518236,626.712902631925,563.648335972316
508.41867349272,705.466750755621,610.773377469012,704.199629931879,610.601787134376,619.487554930375,541.388704342372,626.51063285982,611.035661169741,583.827557159713,629.823423007435,555.709033098788,550.13357798803,626.518897495278,563.378508509998
507.980101445465,705.195089955613,610.222301946017,704.044619734496,610.12220439331,619.223939568905,540.783456472905,626.619740059031,610.66241148623,583.321523158652,629.54595343557,555.438792991378,549.571572128023,626.329917011962,563.094906923253
507.503853097922,704.904585476725,609.707342935405,703.892527193195,609.613061546039,618.93841240027,540.155345977248,626.70569809473,610.28216185434,582.804043122213,629.1962325611,555.20070322871,548.989131329678,626.173468570567,562.777407123683
507.374215946672,704.61785351638,609.178048481163,703.746415423809,609.078266537183,618.667941916857,539.524416594356,626.774027970006,609.895160572809,582.20111170204,628.863864473786,554.956513183372,548.385266246123,626.022206002027,562.451500146727
507.266753190023,704.366552703176,608.717434795816,703.645316806211,608.51760804781,618.412700623963,538.881172258189,627.007004536904,609.502618986713,581.477021794287,628.424252068162,554.68511571901,547.759627168251,625.889218439959,562.120698799492
507.206996151927,704.128954245202,608.282362356197,703.513933288891,607.932539146747,618.187742849591,538.256043754645,627.178500965181,609.106321968669,580.690213970459,627.994370894337,554.406167887816,547.112640412221,625.794381071471,561.783023654145
507.181566892142,703.901976346465,607.855643451284,703.330614937303,607.325390749785,617.990055844632,537.651662738442,627.279292306526,608.698524067764,579.859378303908,627.636572814501,554.124401123283,546.445138622823,625.704271434853,561.354444845053
507.166020012703,703.74473230431,607.436449895257,703.156146284012,606.697972850866,617.799213286242,537.099508254461,627.23505136084,608.225048751392,578.998134587941,627.354529036357,553.842485825818,545.758023358075,625.64494243732,560.845763126986
507.165897265644,703.612652929962,607.010101554175,702.973816946659,606.050962877959,617.592177265608,536.63184091586,627.164145385783,607.793674298149,578.092487324238,627.013446251448,553.559344139338,545.052320797421,625.646346212797,560.311400049196
507.245672241498,703.493591811426,606.609433563259,702.7577002229,605.384925716494,617.414186742304,536.197094043761,627.075843920952,607.368252825515,577.156925963605,626.689017877997,553.30986820088,544.328306259688,625.651115095467,559.704272689334
507.310305239255,703.392394122571,606.158087946643,702.531424940968,604.660685378933,617.352794221043,535.812392889899,626.977043349937,606.894640709916,576.208276832335,626.333554599783,553.055835332591,543.592135735203,625.655640672673,559.055860996506
507.357415511245,703.288656481391,605.618939190873,702.293043065614,603.916252828211,617.284217108521,535.460561436155,626.872372449998,606.438660479294,575.26255624461,625.995803002676,552.791266292171,542.848506741909,625.656200766171,558.36181544528
507.390285315886,703.187276060851,605.170500764833,702.044540142461,603.166297822241,617.202556774284,535.16326567069,626.76494858114,605.968563802401,574.338535970167,625.655495503487,552.512670010162,542.086679121697,625.64928103337,557.621011805367
507.011207453633,703.08791131838,604.665488206561,701.818592097327,602.412889061814,617.116139386672,534.845048827827,626.655890453572,605.509473892587,573.561487947132,625.30550670404,552.224387950922,541.304113857348,625.637102832824,556.839286002236
506.910601941309,702.988886609566,604.105130444196,701.63518149302,601.658328993566,617.001648862222,534.424744371193,626.440115237245,605.075296050132,572.849133079035,624.911091886867,551.928517197127,540.464822185914,625.571259546546,573.653393417119
507.337179637257,702.886307407561,603.503565455714,701.466432080685,600.90647689366,616.86063954797,534.015250031668,626.185553465244,604.662364686571,572.223984668577,624.494702831444,551.616976394483,539.59419697291,625.453571523642,573.361667093649
507.818226450349,702.784707220108,602.838935853843,701.282184147396,600.162288527869,616.718424746383,533.603220142674,625.981546620665,604.27092523005,571.642549074853,624.122228581634,551.275377871278,538.68901491759,625.255695808923,573.086773237438
508.443143346456,702.6994489725,602.178898701341,701.035886776647,599.515105928274,616.576236757561,533.196899984158,625.78096816935,603.915406111272,571.122108913188,623.667165286128,550.934638550065,550.54282711847,625.076245483429,572.82198738135
509.068771741261,702.612446174497,601.466487853899,700.744330079535,598.864637345611,616.462484184377,532.772414092998,625.65904429243,603.55990163251,570.660969150334,623.283001700548,550.599871701486,550.245379373527,624.964569156606,572.569411940688
509.653709846032,702.520376795326,600.69001078691,700.462563483048,598.215462702946,616.317158931624,532.345307378612,625.409275760468,603.202965593406,570.247221546682,622.89142758186,550.282832092098,549.939560868744,624.859214751224,572.325967632837
510.154122547094,702.409786430874,599.892653523856,700.222153285763,597.572768519307,616.158736186871,531.920054061123,625.134427672779,602.995942898223,569.891269985616,622.477010428003,549.97721135414,549.621935409881,624.811699012664,572.116265596595
510.543925240568,702.296823107179,599.072718375331,699.953210368635,596.941569970991,616.002254200157,531.43972695099,624.868421560765,602.685114276896,569.569848385352,622.132599373841,549.744256842506,549.289198546349,624.780057665457,571.9179869976
510.821305883081,702.181375851064,598.237339262568,699.681874677802,596.326083833083,615.89984497159,530.934165802016,624.620505250925,602.257259768314,569.270073420678,621.788592505842,549.571345487491,548.938424187118,624.775645985512,571.729316205522
511.007100474654,702.06396622008,597.40691657233,699.420331786928,595.682415681653,615.896421522137,530.430523322561,624.391368417795,601.823857252947,568.995645307118,621.448958870759,549.328084524303,548.567061219627,624.767207803494,571.54195000822
511.134186490255,701.957424936964,596.658468605904,699.240242123816,595.049802883842,615.967789578076,529.870382288329,624.186432955835,601.413906030041,568.688760667597,621.078051303887,549.093585105757,548.172698922669,624.737704820363,571.356693287657
510.361588053328,701.817330834483,595.988278216747,699.066855990273,594.43767235605,616.027492282448,529.26019794776,623.992085796306,600.987001117392,568.414581265003,620.907229436306,548.867431202732,547.753410789775,624.699422460729,571.172486412491
509.571164639027,701.632172801991,595.29269778324,698.912441780456,593.848596040625,616.049348868632,528.649713134598,623.820132926724,600.53960963911,568.216510577595,620.69931335214,548.663305194673,547.250296927411,624.671413386368,570.976802766465
509.377702700932,701.444266470392,594.658115694303,698.838193951501,593.284305066633,616.055619053857,528.081681807605,623.462506256511,610.562861859254,568.014964095736,620.482766560831,548.467526884396,546.697837608048,624.667876427172,570.774861138831
509.352182444134,701.254662340939,594.049653344086,698.790481383428,592.746493453414,616.0898533016,527.530667729368,623.101994218309,610.390338334521,567.806586465242,620.235300353267,548.275185115251,546.10803993541,624.677839714259,570.564271685409
509.494202575893,701.064882879831,593.428207752368,698.733556792383,592.247905336361,616.125261700668,526.995787289347,622.7353079455,610.217038351735,567.601190977538,619.976591149261,548.084563915712,545.480520086739,624.682352790211,570.341966770183
509.84423439577,700.876225640487,592.835386353999,698.688834780567,591.810732416738,616.132680870587,526.481227955574,622.365014024022,610.042780298653,567.392123123803,619.728554018286,547.890160854748,544.814397591971,624.713462375216,570.10448448069
509.762642198239,700.68925169644,592.234095085981,698.573073986016,591.402408093258,616.062178305538,525.963804600902,621.889756022724,609.867208034525,567.171927583819,619.354675075774,547.696216211335,544.108149915348,624.747008542145,569.846383557653
509.902101048896,700.503757578984,591.670363277314,698.478920526424,591.021913265497,615.982888285398,525.443275597484,621.429799590349,609.690193692677,566.926012323427,619.005033394862,547.49711269432,546.425614229104,624.749017833528,569.570327655053
510.043701092689,700.319755281312,591.08791748155,698.408542628196,590.6681983391,615.916779753964,524.940865347234,620.915620353412,609.512036478267,566.635157943668,618.722673270014,547.239894507228,545.816833105358,624.696142789872,569.292894394501
510.177352169214,700.137570163927,590.560704316206,698.313705190413,590.341262803304,615.852278587976,524.430539952449,620.45990485168,609.241266865358,566.292703690216,618.445776179848,546.978369699434,545.199285234766,624.592375683811,568.998050960486
510.242049934717,699.957251590241,590.092196015259,698.207833085032,590.050335874556,615.782816674555,523.905253191004,619.986354272402,608.967963054133,565.921502342858,618.09930451214,546.652852015593,544.573383875766,624.472580575578,568.701821411235
510.330878123439,699.778200485237,589.709858584662,698.080206474083,589.778743700964,615.718614762005,523.366189711404,619.415952261182,608.747852867192,565.521665416988,617.746317865083,546.308822987957,543.938900873366,624.348899390388,568.419952184823
510.422633112881,699.587154919908,589.326832142987,697.998957218951,589.522733200804,615.647909184731,522.73747855316,618.647950659221,608.521847284366,565.094674383221,617.604965807943,545.963409201992,543.294165963764,624.226779731801,568.151297824446
510.526030015151,699.375876246554,589.020929851503,697.887494059337,589.278544912489,615.553279981334,521.958402549564,617.74656846472,608.300539161585,564.644078584093,617.454115021348,545.615231177926,542.636201464851,624.13824581723,567.87764146132
510.565667393765,699.137503330967,588.821003317639,697.766777252515,589.042800073723,615.440798792293,521.17590033113,616.757569210775,608.110789513853,564.175379434906,617.339397209945,545.26271394128,541.933248911281,624.019415011365,567.602456180185
510.527602883055,698.893210235978,588.650427314723,697.659946025442,588.81201880759,615.318625748346,520.355218948595,615.656455641659,607.946635307161,563.695550721446,617.214680459537,544.908551884434,541.056216429053,623.923756540302,567.325658254995
510.43415828117,698.643459089929,588.511714861069,697.562625590729,588.549122202814,615.1856533278,519.48405045627,614.509634110367,607.777632311893,563.212589605424,617.068404704898,544.547633521807,540.15234273401,623.853854163047,567.076039212801
510.033417322983,698.388074248033,588.4088588884,697.446492308703,588.281542494915,615.041434524406,518.537488469164,613.289895128977,607.622040671848,562.734700574315,616.885885326055,544.185687564792,539.222414991395,623.770471711219,566.820328688672
509.273140081056,698.127202417192,588.343526377101,697.33458471608,588.017958868825,614.800412391685,517.519022505638,612.05173320977,607.432278670813,562.269645337877,616.572862202471,543.813414025613,538.269200732071,623.670370653636,566.558476200822
508.180414285811,697.869191294048,588.401165603532,697.187687591705,587.756983200625,614.497986862636,524.364782375996,610.50601139936,607.261707141274,561.827190770049,616.146130047314,543.420373452017,537.295384320925,623.576713052835,566.290428129339
507.114743951976,697.620066568831,588.387912332304,697.042199177131,587.490720854182,614.195583943048,523.613791672872,608.984886457462,607.064818507356,561.420717373361,615.713977227814,542.993529211528,536.30204010998,623.444648889216,566.035900136159
506.72484544963,697.373940490751,588.18400531622,696.899309382694,587.223305792767,613.885281069716,522.824810356759,607.513548137656,606.875440749597,561.045836736073,615.30007946055,542.544980672108,535.289351449549,623.206718021426,565.777679575065
506.859762093218,697.142519007841,588.182308318836,696.716886716177,586.952555401277,613.618554607187,521.993761414603,606.225799679809,606.675117961124,560.711207806705,614.911845657701,542.074136955122,534.257660415878,622.969752531678,565.514331296194
506.998345835501,696.914345125744,588.184522541271,696.561049092271,586.66516712027,613.340719481388,521.146776062113,605.007826381023,606.428794081139,560.427346650311,614.554964582067,541.584320148633,533.208053842085,622.762356837283,565.243840254834
507.184944062463,696.69079036882,588.197299916549,696.369471967541,586.356055759838,613.078298520007,520.284501332114,603.965054656043,606.135702132855,570.567520585344,614.261815374624,541.099417118321,532.142836258149,622.508563593043,564.966161334715
507.468149323896,696.481895852487,588.22634380034,696.171397153174,586.013179666585,612.564382768082,519.415585815924,603.061580846772,605.777971690809,570.559274013034,614.001065712179,540.638179600917,539.101469393684,622.244876978951,564.674880498001
507.828696083378,696.308590755995,588.459712282294,695.963193627586,585.626332527201,612.068975031225,518.529309453691,602.300834187616,605.38934221749,570.660241913345,613.727831343796,540.183399302218,538.550199680168,621.979144657139,564.370883841634
508.180789156324,696.145066093682,588.693622796762,695.816639315446,585.186923908417,611.630348629377,517.664784330407,601.759782124165,604.960998928177,570.883333486016,613.506171920217,539.705048268728,538.02284095152,621.720503060212,564.047794112785
508.525217437784,695.988536090956,588.918723164621,695.686454536273,584.688505029495,611.225428156287,516.855089468924,601.39730184419,604.500905538233,571.229883990777,613.280606852857,539.211544969626,537.518853414441,621.495043801489,563.726900686751
508.86157282302,695.835937732643,589.123725978438,695.616929372286,584.090379657331,610.8356293818,516.048529625922,601.123652057018,603.959304330009,571.684345289251,613.087712606923,538.714475247983,537.03561954049,621.298392185734,563.408959870985
509.136011805591,695.676557391625,589.181619163293,695.549347035324,583.421765920619,610.4882967677,515.251099986267,600.903652738045,603.325022296011,572.210601216233,612.893117426592,538.214398285583,536.568863181382,621.155213886686,563.086810276299
509.44038943178,695.493479595208,589.251248161958,695.413413668541,582.684360113831,610.101296316219,514.486200639207,600.642288422586,602.564622429613,572.753509954552,612.52723404696,537.711741222341,536.112967080576,621.113223625306,562.760324957298
509.714314100759,695.339043734229,589.350063941667,695.279161571469,581.863411352052,609.727982012651,513.728437882102,600.058365251201,601.727018153182,573.25839960813,612.139323035744,537.206426169447,535.661740509304,621.092095570909,562.428957382788
509.983620758999,695.188241930198,589.27527149973,695.131039403141,580.97854795716,609.360425803538,512.966197098953,599.388881697876,600.868105253048,573.652934989103,611.741658898443,536.694334270301,535.208406836089,621.004290192486,562.091735756636
511.238128702298,695.043863129034,589.122396716227,694.962695649325,580.039734066916,608.995241603129,512.218305630652,598.617426847448,599.999269863421,573.076640922387,611.325514579002,536.174844261201,534.745549720274,620.931050897197,561.752017389951
512.47703463883,694.897460535619,589.054653528685,694.768528030979,579.056185747897,608.654813802921,511.485956504084,597.768397325323,599.130317814782,572.5408470577,610.910068207349,535.566700201101,534.265636165676,620.848773893706,561.398772298753
513.161204416953,694.746999608214,589.061749266372,694.534296794345,578.037611271163,608.269753723243,510.775390643306,596.810219460078,598.268662808926,572.121029115284,610.516361149557,534.850313605959,533.761547559012,620.80294752858,561.030293237089
513.657672051042,694.57780640701,589.074798651633,694.283189667889,576.993537543558,607.875711950292,510.067027985179,595.588728895996,598.203888156639,571.720624117461,610.13100762016,534.10926065997,533.227426044326,620.768349013895,560.605528945961
514.027116511405,694.396500277537,589.119196028636,694.01510852577,575.932375851973,607.415318025122,509.389563608858,594.264911878487,597.33260407422,571.335283875566,609.678451483989,533.339008649345,532.659110106501,620.717016476005,560.172013779703
514.25618667381,694.184808252608,589.369806524338,693.746585870031,574.860906782704,606.899527450097,508.718990678523,592.883259620921,596.482441792376,570.960070180046,609.235642231438,532.539055771284,532.054449012835,620.67690818424,559.736890567828
514.365946910777,693.963935315162,589.582550309162,693.46482383692,573.784675257343,606.377664506435,508.106970568706,591.513727326247,595.64935438023,570.589600301803,608.774178370504,531.706510259316,531.413132465859,620.642365835132,559.297452164849
514.369176898058,693.733896271572,589.768840427994,693.188081135686,572.708180299401,605.863382820759,507.487564497481,590.333629741824,594.825536569593,570.218577127059,608.322688763413,530.846068033804,530.735762040664,620.641245275055,558.850142038455
514.188290279515,693.488343945342,589.57298430958,692.891106461907,571.635021068548,605.359975365549,506.801588668257,589.109425310253,593.999810137503,569.833866186821,607.898603640764,529.955874187862,530.023695506232,620.643985666568,558.394948453195
513.738230662776,693.173910161527,589.314422495613,692.539166364816,570.567732789543,604.870596609322,506.070246121469,587.815557524099,593.158181117943,569.42778311775,607.449920928965,529.055691415931,529.278729671249,620.632570288423,557.92400592075
513.263977421553,692.84756586691,589.083744390826,692.193042431921,569.508085996032,604.39767149625,505.27679413508,586.453363731729,592.290093827609,569.011191705479,607.052866859215,528.140623639679,528.503106210881,620.665383763686,557.447302898356
512.778532154435,692.509167262841,588.881127770704,691.886087839438,568.431729585415,603.942749370962,504.375347911243,586.824324072931,591.39287802933,568.582783177661,606.654703235783,527.220195208926,527.699754926615,620.693610396741,556.959285751499
512.27450538445,692.160165141878,588.592441012104,691.583114950916,567.364128783541,603.506118459964,503.423735783477,585.928986805385,590.422842136477,567.878097439258,606.222475241429,526.304385940971,526.87260309752,620.721405815304,556.466839399922
511.773743995899,691.802818145343,588.09590759167,691.241965102826,566.309340932299,603.042372136179,502.421690506299,584.977003057895,589.35900837075,567.017709040741,605.777598900271,525.397561310068,526.177070660203,620.755555897462,555.955937178041
511.1642542355,691.439313824602,587.710643011154,691.008506888724,565.268864314831,602.530355532952,501.370786542481,583.99191128811,588.189806124148,566.072662751379,605.312345666599,524.545031552359,525.376297803171,620.806794992216,555.43118789375
510.29579888087,691.07097970636,587.34569122093,690.769886214599,564.243614015174,602.038623706118,500.276098047895,582.941407177618,586.896220943083,565.139493834697,604.878239502142,523.710787526847,524.567161695665,620.84902190559,554.900214708886
509.445797740293,690.698331770197,586.904273692375,690.528339186147,563.233930785321,601.574020482197,499.145996990888,581.759589386872,585.465193829184,564.144682885335,604.459868504228,522.898847925672,523.773524610824,620.872573671395,554.354251145435
508.628454514093,690.297896255997,586.472499342974,690.240514635076,562.239118337755,601.081057807653,510.026254004953,566.527399009472,583.860731969763,563.062538472877,604.053907808425,522.110488970819,522.843377272403,620.827706816951,553.818884043223
507.856280223341,689.88476467321,586.025937504,689.944581663178,561.256869384909,600.601046078052,509.035542800687,566.261930188479,582.122748849253,561.885851548155,603.754966535412,521.348338667492,521.955077194913,620.784931851567,553.279348156043
507.510981697859,689.466520486796,585.549066068099,689.635828838249,560.283687768932,600.132379474009,508.040469403923,566.200265198326,580.265626950333,560.579530767598,603.472622497599,520.616299880604,521.028289017156,620.743698139805,552.747139860175
507.183604880439,689.063264033517,585.073944923573,689.317377850427,559.315819341036,599.67244362845,507.046767943441,566.280458221879,578.311763372906,533.985063359769,603.195552364845,519.910617443453,519.981809584327,620.739565201536,552.217478164803
506.575383941045,688.650191169686,584.443308428996,688.992864787744,558.349776546057,599.217746650314,506.054762691776,566.349759232061,576.289089742763,533.299452205166,602.824750675852,519.229641688692,518.955576281668,620.74772397275,551.685548492931
505.580496769657,688.229344090009,584.111553101154,688.666199895099,557.382452577258,598.764088758481,505.003806381235,566.412653807905,574.227081225086,532.588312502946,602.48325216406,518.573858204988,517.92288028222,620.747072803594,551.18697878616
504.504455965948,687.7950792697,583.728713255049,688.389896682825,556.411520498066,598.284559158662,503.887469159259,566.475369389454,581.570409832368,531.85043659749,602.181430396988,517.936741310992,516.807142568024,620.737311087744,550.684931863724
503.6139843764,687.360087372838,583.317793528907,688.124842131258,555.436223704248,597.856267401123,508.847741760904,566.545359753038,580.396075910163,531.071315973089,601.898634883828,517.316348564287,515.665933841341,620.664105503771,550.160760365041
502.524714444604,686.926717542147,582.817258512477,687.88332785974,554.457709311444,597.421368262969,508.08894759014,566.629732249861,579.153668064537,530.212082754772,601.7169377982,516.736527507102,514.496571606672,620.537024687553,549.625947652317
501.496365114873,686.496881318967,582.200282450888,687.652546703919,553.478204338722,596.964968099064,507.354802178643,566.734031966368,577.838072768813,529.260910296226,601.508785259014,516.158719850031,513.297917008829,620.410652901024,549.050062913756
500.537675778487,686.072406646964,581.456719221748,687.448282335369,552.499626669612,596.484757807886,506.635626046926,566.861035922966,576.446792179861,528.247940018315,601.302456768982,515.62899595621,512.08861984986,620.321564881352,548.449234987719
499.430149228064,685.65407235734,580.646766152241,687.196248884127,551.523598124196,595.980798166931,505.978027179521,567.084658399399,574.980872793526,527.201541392668,601.073348630339,516.653501487598,510.86379905221,620.250799802023,547.8341029007
498.163950370371,685.205776563592,579.635778016076,686.956925953963,550.552025452144,595.454934457197,505.326188932185,567.332418760814,573.444300636,526.125736764007,600.822595963756,516.332518038535,509.607440305638,620.155699183207,547.206169157461
497.066115470847,684.762634672478,578.857732947188,686.733382177101,549.58762938264,594.918774528079,504.82873718856,567.694898405497,571.807791284514,525.067430688593,600.572860443639,516.022905195643,508.14114228398,620.1038756011,546.56678876749
507.239211682863,684.315205267267,578.055148340046,686.56846117779,548.632904746721,594.39158483772,504.141315159935,568.196784172701,570.099125758333,524.055977373011,600.309800034176,515.703240703485,506.649023737847,620.057765904277,545.916468881461
506.860292100459,683.883427714866,577.233776444662,686.427222693579,547.688717552477,593.812679488192,503.517626216117,568.906294491102,568.329727071457,523.157701617412,600.05954506341,515.372119062442,505.129830446013,620.033578290512,545.239110309776
506.419821383989,683.460560753541,576.397355991792,686.290578121916,546.755161737842,593.176931462238,502.858617195212,569.614234555059,566.502423674716,522.285943289198,599.786575910965,514.985088654465,503.581711355223,620.121065330217,544.555318955827
506.071471822299,683.048013085068,576.154468007042,686.174430312871,545.832839585043,592.520014330139,502.087686471541,570.235549496201,564.620058905397,521.444396263349,599.486988303528,514.563704708597,528.88868875803,620.207944878484,558.713148896445
505.740943875739,682.635662111371,575.957124254642,686.068980485417,544.923253397522,591.833314953537,501.4402662853,570.703352951351,580.06723511734,520.634773799142,599.034556050066,525.562656962659,528.021215067872,620.214199760123,558.213259770674
505.275579136205,682.223905071897,575.761439049812,685.96478952908,544.027470289723,591.092883553321,500.562880157026,571.140431700613,579.225987559204,519.856714702282,598.633396956042,525.158929950785,527.09347776008,620.231320639882,557.713590652201
504.916015740033,681.809519879474,575.5701711159,685.857129086658,543.190847290159,590.370081986698,499.801449968908,571.537257024746,578.37372723051,519.108185424462,598.31992996297,524.738879487954,526.105957651666,620.261350985818,557.212759198829
504.190610016638,681.390069469922,575.559026405453,685.733246384099,542.365224950021,589.586694815311,498.844645136009,571.886632594302,577.508265828983,518.385884310959,598.02423680035,524.307774113175,525.058273662561,620.299732855286,556.710071613741
503.232880791515,680.963190410878,575.498396031999,685.6071097941,541.504039840147,588.78809986638,497.912610255953,572.072066221752,576.627118462574,517.685907137072,597.680288103077,523.871405509103,523.948424854443,620.346302365651,556.204249988019
502.273966221964,680.52702159643,575.275424145653,685.421368073558,540.63953430838,587.978801174618,496.966039586667,572.192760183437,575.713844471527,517.004640784444,597.23877621227,523.435458091449,522.773284836097,620.394382165254,555.693634054852
501.351757105654,680.080330278899,574.826333169371,685.161668381973,539.745550035756,587.130621827848,495.853316463961,572.275740167492,574.730699800733,516.441112927907,596.679571418342,523.005260013151,521.528610326527,620.480968762449,555.17610749643
500.689154641357,679.622856179862,574.46507997369,684.897542923646,538.816884125481,586.267486154741,493.676906002878,572.328354173009,573.727098595207,515.886203808563,596.109273175899,522.585820786966,520.210342937318,620.542707693326,554.649465946641
500.449993206298,679.121136225856,574.126432244928,684.617741551013,537.852693745599,585.427731553774,492.570588233909,572.359386921851,572.698593104957,515.337635793107,595.534140671432,522.181510108689,518.81279198818,620.597874786348,554.111718654782
500.223422497856,678.597662786496,573.733736191703,684.311235098936,536.882811551253,584.582099431567,491.430314699879,572.377844628921,571.640464637705,514.850817960783,594.96126471576,521.795776314219,525.463646706956,620.629197646358,553.561146253955
499.991903345959,678.068716060852,573.188908773631,683.979561197935,535.873717306416,583.709694070424,505.668436940235,572.395384325756,570.549367661864,514.362402587641,594.395737312512,521.430895906039,524.878561647948,620.64475788397,552.931680863662
499.398631089139,677.541013806715,572.576423025572,683.641676130679,534.814421852363,582.82234807016,504.970189167361,572.418951897053,569.424779243708,513.817484930711,593.840295484805,521.08517710015,524.264948750156,620.664734558414,552.271988760059
498.763411253511,677.011953861763,578.554610069495,683.234381693379,533.724379797523,581.924939165451,504.230662179756,572.248850837093,568.270178238763,513.270000914592,593.286428938808,520.724291609797,523.6120755432,620.642388752188,551.585877194312
498.097141562528,676.52756890627,578.27503878827,682.825617413262,532.459246151998,581.012694528622,503.446615108038,572.078619964018,567.080524355261,512.719615114208,592.666814526959,520.304003779594,522.975329275376,620.529792103548,550.877001019771
497.409380084344,676.03708301131,578.211065045874,682.488579974894,531.05234776359,580.079023329304,502.614629831446,571.917944287812,565.846881827156,512.167242916101,592.068195809692,519.902113993808,522.287962264888,620.433107387021,550.150315878263
496.766357230112,675.536891512681,578.304630574178,682.171265693331,529.509134608418,579.060315026644,501.728932090818,571.774982874082,564.594096182493,511.615028381708,591.495717789466,519.5255561908,521.581175135618,620.330527967384,549.411620903344
496.185439302159,675.010096408689,578.349726672925,681.89555971864,527.81994843614,583.635008877767,500.755671587806,571.654525319242,563.332243889168,511.144949657408,590.947550616206,519.163771787903,520.846346022931,620.241737748204,548.674817791961
495.588407758561,674.453657498842,578.21071519267,681.625230657871,525.97464439228,582.819532519045,499.564428589049,571.307125306221,562.071518843733,510.707142423388,590.422232950798,518.808040500844,520.02220686105,620.154385587436,547.937131264231
494.976055590951,673.866626060437,578.003045796562,681.342611599465,523.963888027319,588.390345325051,498.277931997371,570.932778976582,560.772046665142,510.29555588374,589.851142210948,518.444928626911,519.178824059235,620.010960081058,547.212617278539
