345.78260269475,533.444811585115,594.434547762377,505.337214834108,461.826336392549,490.426660120799,435.095715822775,603.024741862893,543.116375194133,584.190199414687,508.409186779567,477.455726348566,497.674991355805,546.036061948748,438.709102058105
349.381262080915,536.622471589695,592.669804613901,506.682683021509,468.640238143649,494.730962529104,436.804999856569,606.549576362549,540.341158876151,583.921322338775,508.054396397941,478.525489848849,501.916321503673,540.418820661109,437.005879660053
354.140419365459,540.72043803357,591.945378346631,508.33364796496,475.111351395573,499.342899360801,438.472604951387,609.849612651241,538.36633674843,585.182573400886,508.624081987052,479.182918493661,506.593863443094,529.182533848388,435.814199321268
359.534101765241,544.741425367357,591.134279395013,510.014043149924,481.513004227379,504.350253881243,439.986006188811,613.242581981225,537.833339342575,586.797330337533,509.302734998174,480.144763069197,511.510056756303,503.571233735674,435.41612384953
365.078600769142,548.589343090831,590.596767942189,511.718103703279,487.622806076962,509.521981854558,441.3109971396,616.213639369255,536.77790327894,588.275944952938,510.391224034535,480.424163997077,517.286578212985,504.78473938756,434.89786919106
370.569129421741,552.257389784259,591.712764641375,513.148617154839,495.837344471128,513.804412184015,442.877910579989,619.721752310274,536.056298980822,589.489309154429,511.451561287845,480.115621698293,521.901289579178,505.872677207516,434.743635497301
376.173634754178,555.726092551346,592.367398608116,514.683569628054,504.036017099102,517.410611453481,443.553331979011,622.978054783365,535.599551810457,590.576493920351,512.477667289599,480.126031434252,525.8089346823,507.02011713705,435.227117837547
382.55221566816,559.041561661594,593.193510697408,516.429119870627,512.157106143104,519.672581271561,444.167456387432,626.590973336869,535.554173022628,592.013204774863,513.470074926456,480.379360403515,527.288382201548,507.784837280771,436.499733311476
393.233538458626,562.212754345901,594.70550288267,518.347891799742,520.152569224359,520.530106835067,444.664729459117,629.988642489944,535.711134929649,593.336456850778,514.434425470441,480.580870381459,529.167453314147,508.474678897141,438.018055565003
397.214569012314,565.246896246817,596.757391326084,520.371394710485,528.207747739852,520.726727003436,445.213589968924,632.076156806134,535.809248772103,594.512330484934,515.379972703627,480.823544047504,530.77791446706,509.14157244946,440.5746699472
401.336153422575,568.159420146481,598.974245662053,522.471160250734,536.145259093726,521.446856102452,445.743385178101,629.353539378421,535.759275047873,595.526686390783,516.893217452266,481.547457492772,532.157098940374,509.813584911814,443.233014049912
405.182536514931,570.977912136349,601.230378208778,524.602342781372,543.722085377997,523.226310595138,446.367528697163,621.798205536499,535.758409698113,595.46148265756,517.097983968652,482.287471278696,533.363331964499,510.480310973633,445.893012404925
408.895547944393,573.734930151668,603.522386108191,526.691563085424,550.96551644742,525.420208147604,446.872757598329,612.478696195225,537.13857301969,595.190499780443,518.521048293768,483.402749749464,534.454563556981,511.314021769463,448.518968580704
412.706142571262,576.4560248056,606.181064808489,528.859575674597,557.707233211406,527.564058342362,447.758494673008,608.187279737195,539.020924581343,593.819580737753,520.366191482541,484.590475676721,535.384384276141,512.37355373862,451.079139065186
416.434862344159,579.155052679494,607.916124105733,530.984786149137,563.810200659943,529.524354643632,448.549611585005,608.612457778865,540.791794851692,592.457308328418,522.336479496864,485.767319149523,535.717185935232,513.682309014241,453.692686398568
419.890398114508,581.837455296384,609.629985821972,532.959832034968,569.248090379186,531.434639383985,449.593899246352,607.461131636473,542.463241408174,590.385480959477,524.892965363046,486.820616270381,536.666965747112,515.217319519828,456.352506989023
422.871382094355,584.50563755445,611.278590614591,534.903464705719,574.088582005536,533.423726102372,450.911648456396,603.940534447345,544.173527322793,587.908224092734,527.752405513303,487.862026208739,537.752281198782,517.434945280252,459.00259274238
426.334712654793,587.162543384121,612.934220519098,536.653171508946,578.438067046235,535.401391383622,452.573218079804,604.926976419767,545.623339313946,585.255019603181,530.540353409163,487.940837833885,538.921486316127,519.69387243797,461.648218494617
429.7474525766,589.811943740006,614.709513112127,538.324168566415,582.398028413648,537.44039895626,454.503467175727,606.080518819571,547.090438584224,583.387760317988,533.561113201348,488.048831468973,540.166076678053,522.247648731143,464.2293000973
432.835976130647,592.457114373229,616.710520401928,539.898776036455,586.046743910969,539.795354179329,456.899488227738,607.503417193813,548.772328267165,582.140115247373,536.360248885183,488.186340015724,539.72894240685,524.815887527298,466.77227604706
435.616956600751,595.099941861229,619.32808763252,541.31683388967,589.438984578604,542.214132244753,459.384580084991,609.454199731953,550.388233111792,580.946085182216,539.135419050548,488.327852362661,539.621685479311,527.37102604541,469.192757269499
438.701006022854,597.741451432859,621.878380718557,542.661508716176,592.614624495102,544.664059041129,461.934650125944,610.531260578919,551.636482631267,579.832680938021,542.272476133074,488.489191483627,539.544480929559,529.850907747762,471.581601657797
441.683042913857,600.382231216057,625.015608095651,543.960252706938,595.607456881322,547.276036270484,464.53757705362,611.20426480895,552.79596774892,578.799417285524,545.482236222745,489.061093243259,539.681136531523,532.309583795656,474.211391378909
444.539278435258,602.919773659683,626.506198439838,545.275408986042,598.282229544507,550.014803960904,467.181567591461,611.750056164647,554.061379777956,577.841933770721,548.814484992235,490.021738713677,539.959659315723,534.729999733881,476.793502629354
447.310342089424,605.469711405362,630.090541410908,546.761700516087,600.84570064592,552.774539324963,469.849766108243,612.203593284572,555.562688962436,578.878553537796,552.120047205181,491.371568922159,540.543385972415,537.042216537389,479.371069239109
450.232809937742,608.036434894151,632.132921206162,548.384926037751,602.909001934051,555.595470483024,472.521499363791,612.588134578443,556.659026190245,580.403566414839,555.84518168064,493.34397575412,541.256417345712,539.066190421216,481.600671734884
453.162648399141,610.515533632882,634.23905311933,550.271253313183,605.03223839323,558.542637463767,475.177368571811,612.874872366796,557.696844824297,581.736359152971,558.993063474953,495.626382606039,542.012893306617,541.122529707478,483.784615749381
456.363759485305,612.974678977867,636.365421590939,552.51782046512,607.219590865243,561.461433605326,477.803908673745,613.482276585003,559.323245887254,583.289201099111,562.013754435273,497.858132069654,543.14664245495,543.125907270622,485.25886257293
459.827520723247,615.458626766496,638.684845119172,554.780455193309,609.40237599897,564.347485394073,480.395906471085,613.889950017573,560.905328169275,585.036909438107,564.957252245539,500.022418490691,544.19668992739,544.748106954092,486.215402754784
463.501991529864,617.972281644968,641.068514336161,555.905240125073,611.54921051015,567.147581163133,482.954807335182,614.074139999594,562.308685806799,586.978937679174,567.726434789379,502.106656806786,545.070089625766,546.194849643845,486.740429287128
467.186183369451,620.515878873032,643.479113538697,557.145300590492,613.723477180835,569.94785803383,485.485646412916,614.09806394823,563.510657140104,589.019275484649,570.335001850891,504.097239400581,545.670164228517,547.737068075148,486.758766863546
470.671718109779,623.084585399685,645.973529420902,558.502986710896,615.915276916785,572.691945815363,487.993793754616,614.040669486022,564.604395726515,591.341169830748,572.710096971765,506.025496360652,545.896797018543,549.260024708919,486.268698948753
473.905570621679,625.649741149424,648.308692176976,559.963076530233,618.115554622586,575.001345958442,490.68514168366,613.973129577751,565.78140005012,593.004765257761,574.837363542666,507.81052993564,545.817162825134,550.795033436354,485.424588637255
476.885120375991,628.18337089792,650.62045499386,561.513328771867,620.336933860142,577.313065211412,493.363438502781,614.271085382035,567.106608127597,594.673011706626,577.327952536988,509.522483804684,546.997622770166,552.359527787327,484.559358140592
479.721338080619,630.696160352408,652.988256786401,563.512118700022,622.567627456257,579.537778371617,496.017835894111,614.654304650329,568.708721427058,596.339699283835,579.574765576196,511.137846597817,549.249548433746,553.961465057569,486.428359404764
482.533717997639,633.082196087162,655.454543544416,565.505406647068,624.781871751544,581.597790312793,498.632811601494,614.983317975571,570.543636392779,597.873386793274,581.587294845105,512.685257002578,551.504537756443,555.600237538704,488.595726951666
485.427463298161,635.383485646847,657.881707297539,567.5018950824,626.978579189574,583.595076530117,501.19096334568,615.134691770464,572.388256889946,601.050916397224,583.485263051119,514.591493032434,553.751228857822,557.269226743408,490.716066762389
488.212280947473,637.61019670726,633.141134250828,569.507747389731,629.157166978192,585.455905349697,503.675291867812,615.462851426862,574.245649441692,604.311782057684,585.247625529286,516.510422939678,555.973276635824,558.958549711028,492.809675727001
490.888567358422,639.759440257269,635.453545268331,571.526654094278,631.24427960272,587.241627896552,506.071661966731,615.915019192999,576.113981692467,607.480695167307,586.68775439892,518.626191478138,558.133703562376,560.509750587798,494.88077130783
493.552674001917,641.833667539666,637.716551327263,573.560274464157,633.173665950641,588.938763282633,508.370433988927,616.466978656773,577.988932595518,610.502787768588,587.973952697659,520.766981322165,560.161031356525,562.028163363429,496.906673276184
496.138525597375,643.839033190353,639.910731440281,575.619402997309,635.277298740039,590.561224615746,510.5674821465,617.327964092633,579.86607121854,613.313587328738,589.129579556803,522.809444140835,562.048051900082,563.447024071756,498.917871234579
498.670187752531,645.783892207553,642.017233942324,577.68534239042,636.589254699143,592.114210329926,512.664422372999,618.500443570671,581.73505931957,615.961051454912,590.161511874959,524.685698081046,563.825781381473,564.812872785471,500.919338879062
501.100375043658,647.676849487509,643.964247497873,579.758002266297,636.602519051537,593.49952426161,514.668351246237,619.66044837896,583.580286084214,618.494426167575,591.072681350289,526.490390773033,565.474500667735,566.16672684601,502.913977193113
503.474999030636,649.49363318427,645.74945904428,581.83562399855,638.138743042615,594.805278904714,516.590511633563,620.799854746179,585.409650715911,620.824246749812,591.863398321781,528.113687815864,567.009929712619,567.556015931854,504.903357274787
505.738140315435,651.267156600506,647.410884279423,583.885566299991,637.91991811429,596.06774213521,518.444343471732,621.870326098884,587.220195422492,622.417640128206,591.923921135624,529.632839373543,568.438016246937,568.899466806242,506.887686161223
507.789945448397,653.000728558919,649.006981100327,585.911926229617,638.069668465136,597.284867636761,520.244480648791,622.85323275135,589.006610840663,623.627842243369,593.071202638433,531.123791463075,569.764660164874,570.263817733339,508.821789649002
509.762243327936,654.70014143568,650.454604310424,588.955808578083,638.094383691723,598.428512744162,522.005891423582,623.774671326906,590.760753115072,624.691025262553,594.57619495896,532.561952161542,571.668405817718,571.639109508212,510.640844210677
511.674623313554,656.362500702047,651.786289960182,592.84431406175,638.446732002044,599.567564127394,523.742817292415,624.674104306518,592.969033313073,625.700484001747,596.042348877293,533.921640341049,573.438145949893,572.979157962649,513.452022495506
513.551105929416,657.999707145953,653.066098060293,597.11410632791,639.381820719271,600.705252949248,525.467819535732,625.274322933005,594.238817842066,627.147225375269,597.489778874918,535.230255661966,575.212769282314,574.262395337757,516.262718901534
515.437714997174,659.605071496808,654.30538212336,601.505478615449,641.066342664178,601.796376427547,527.190510620869,625.770499473049,596.713883660504,628.473577190004,598.955398444152,536.484044465821,577.015009021703,575.62643008818,519.059260376176
517.291691313553,661.191831130038,657.979239561083,605.612528929054,642.706493436376,602.855612066474,528.916083111709,626.3184690791,599.333854880564,629.69202727989,598.828463770105,537.680004597414,578.817706523929,576.999457740612,521.823208871967
519.104821381767,662.755790072256,661.086107181749,609.126232853423,644.30512390055,603.90107326062,530.644016277985,626.97965825802,602.119683436266,630.814766655241,600.025115094824,538.91791969591,580.614852608404,578.35894199258,524.533658704573
520.847513366765,664.29745451339,663.876469747521,611.982059917788,645.862989467701,604.882216334871,532.367645964661,627.708089550767,605.072197929365,631.831088093017,601.325153778105,540.000175739862,581.985740391716,579.641859594433,527.171291890299
522.527290528331,665.816599791846,666.380435280073,614.274954565661,647.378792450383,604.465792558834,534.07525591272,628.412275128416,608.154902650575,632.77548395208,602.734705980226,541.029499398623,583.41722374518,580.893340813355,529.702660096839
524.156185909208,667.316826535827,668.622599170721,616.177380628347,648.850609261038,605.443524371668,535.751896835497,629.10810849082,610.005910676202,633.66011568122,604.24675299031,541.995647728319,584.901163647349,582.116810186475,532.090858394046
525.727581027222,668.664148985037,670.628279973558,617.782516248321,650.277058634889,606.35274041172,537.382756303446,629.760137404848,611.182578771977,634.496606460356,605.658130050937,542.871812689064,586.396494328878,583.305977317041,534.365015869425
527.234796211535,669.983412743812,672.327191149196,619.18363494388,651.657746304815,607.188234457869,538.931896474245,630.243824600918,612.289684705404,635.156035277235,606.604330165328,543.685339528794,587.898066707115,584.469638700131,536.535694278743
528.673803997411,671.241588475242,673.899561347488,620.446753037275,652.992792929098,607.922791184408,540.390600662133,630.842835425667,613.301173352989,635.786324995677,607.717306233851,544.433327384966,589.389665615882,585.606288172542,538.570003970304
530.038102066112,672.417248444091,675.378318013296,621.617509205093,654.282748898582,608.553632171964,541.803470752738,631.445721725543,614.151842345109,636.419520577015,609.051453880458,545.152262714878,590.809307618585,586.72336644691,540.472249536291
531.335949173849,673.52102594392,676.83325909002,622.727832212255,655.512160859784,609.111124958625,543.152931985432,632.040792938752,614.934532256747,637.040063728717,610.546352248914,545.864785022041,592.134033165435,587.812051121843,542.301240707106
532.652094012358,674.591616464243,678.051646365252,623.799558416899,656.701259404034,609.608242394955,544.457742804765,632.535577316208,615.658302511247,637.815729272773,612.178170898209,546.555080223027,593.368129269909,588.882002661665,544.0806830944
533.919048262123,675.618100739314,678.878363544453,624.846025492959,658.073579188741,610.044522753343,545.687125589785,632.935257826205,616.332734354531,638.631894641927,613.922345235191,547.22925386327,594.499284686453,589.934166897202,545.813969723022
535.13931924098,676.614616533349,679.694532492899,625.873544991328,659.388098288503,610.45410052043,546.858426850355,633.313578692631,616.967116649516,639.444874825131,615.751144936561,547.82769610121,595.531147634463,590.990782439839,547.515786226777
536.158702804756,677.57117316365,680.617527195415,626.883169588854,660.646937509855,610.78392555424,547.983324468198,633.775617435449,617.569627853329,640.254528799189,617.472971991725,548.379806419349,596.426281381059,591.958419858732,549.189785291123
537.174286129813,678.494814586461,681.610678917804,627.869377835555,661.829561344333,610.975770281296,549.053966116866,634.272560685243,618.141023437361,641.060680534337,619.211346334829,548.969595331752,597.091222608651,592.915733856504,550.829863853619
537.832252191561,679.390646054088,682.676017909836,628.840197644501,662.950585764153,611.064686522754,550.08253410872,634.545306474782,618.679516388794,641.819108872042,620.973364505999,549.581484913722,597.320043294486,593.866482673244,552.421288079636
538.46746483775,680.227008005578,683.792487053268,629.792892837176,664.046892811365,611.082054666554,551.083112781117,634.820440832273,619.205824609948,642.558481429805,622.730597177678,550.159529238198,597.493262397219,594.808621657445,553.944540955839
539.101527446685,680.975167228241,684.925095465385,630.727527511179,665.117089435143,611.030452941263,552.061344400103,635.07498085245,617.24020899482,643.299170497797,624.469674492571,550.722180145785,597.609508194892,595.746215884094,555.3816179019
539.763962354854,681.592305360309,686.046146983846,631.636750200148,666.144197675741,610.979020525573,553.008721185657,635.246442303753,615.429176498944,643.981573609073,625.4927486991,551.335895401625,597.66428680422,596.672773484648,556.710491725316
540.404618429689,682.220316748087,686.890211721387,632.525155802902,667.137692945981,611.000102459661,553.89456222354,635.087735712988,613.927360183178,644.524347165301,626.44559769107,551.936138400366,597.651351919478,597.583118207379,557.939181067565
541.023201770236,682.809393682642,687.687351660185,633.39252012058,668.086034540909,611.071855812968,554.799578719165,634.82636324818,612.818286968817,644.974291801806,627.317981082117,552.438075244026,597.564033219877,598.450861884894,559.06475732342
541.618360746188,683.441653033129,688.432359083599,634.255186747345,668.991723570339,611.220949062601,555.702867787133,634.520998810055,613.26983659847,645.26847836841,628.870757119625,552.98214434877,597.395989920107,599.350722848899,560.001837919542
542.187583112652,684.065409113027,689.128006090467,635.114550361567,669.832885669168,611.377271612951,556.633552399428,634.176596376194,613.705373318322,645.341248485813,630.383275012832,553.518600471765,597.141056338134,600.260330774573,560.839402247306
542.702189219525,684.65233434204,689.630454994511,635.977567998188,670.623923096006,611.542012475269,557.580053281301,633.946282960527,614.123330175325,645.112911580322,631.859024772972,553.966563253751,596.670059670997,601.155966313466,561.630522499049
543.153168196756,685.233823071486,690.087014902944,636.851110589261,671.383958196307,611.727002996574,558.535897188788,634.236703649911,614.473911524137,644.5483750763,633.301787689439,554.307614565891,596.099211426893,602.054744646037,562.380520935608
543.564698138134,685.814689923634,690.552497245928,637.741469742759,672.0777105654,611.922085408812,559.425267199147,634.484775894453,614.802062730158,643.659474357044,634.714778970475,554.603138676351,595.462135895908,602.976437047124,563.081124647046
543.761584314925,686.399571755221,691.000865486572,638.653657853172,672.796446340826,612.133859793942,560.659524912897,634.753186886854,615.125042294211,642.551138406761,636.099955723437,554.879322431383,595.995533198736,603.923594865598,563.738396060141
543.883868668303,687.121187448465,691.435266661889,639.589031727734,673.461585552471,612.411454004665,561.558350630824,635.010026326263,615.444778127737,641.345236928104,637.473687791387,555.121082549474,596.544577300749,604.896484449597,564.339659120248
543.68190104982,687.836885806685,692.019424055358,640.54031993907,674.143407285698,612.751036469858,562.403490650477,635.233949386055,615.763605190108,640.230723840908,638.847644390826,555.340315365353,597.113861856858,605.893405054696,564.913209987161
543.444031444359,688.545631136797,687.875910676378,641.523070809912,674.809709929728,613.11208927608,563.223714799443,635.486589471407,616.084179892985,639.320275324508,640.200891137789,555.554882211782,597.706265287706,606.821244949208,565.478640140604
543.216677149238,689.216384274627,688.368014611923,642.538643240658,675.460792543567,613.519406051521,564.025287465918,635.802675247839,616.331096472754,638.669302217175,642.613269583064,555.768506567704,598.322936036158,607.773558252734,566.036130886043
542.968238152401,689.812685962127,688.163328784246,643.587303905843,676.096425816102,613.962873399528,564.773728466325,636.165987199782,616.550455175316,638.273477012282,643.777447513888,555.983499656116,598.963276294916,608.74420943686,566.576530520896
542.705901872481,690.439833725118,687.757163815845,644.667963873202,676.716288020497,614.429235889151,565.466542971642,636.594112158844,616.79768054712,638.094548349766,644.887786558219,556.200450625654,599.624836749237,609.757602782394,567.122685450947
542.43871848756,690.972123289414,687.371035022668,645.778437606581,677.313847212414,614.913484396688,566.089344034641,637.006215834543,617.444965244264,637.994401579029,645.937395194339,556.355626209984,599.941613983276,610.806075640287,567.682404710658
542.279814081957,691.465164227632,687.098347043968,646.916034237719,677.874156859414,615.38531175172,566.650453105572,637.450282839543,618.30478540085,638.033151812705,647.420282206374,556.53835191868,600.488264848819,611.921046066614,568.251397110787
542.121867820836,691.914231180833,686.968533143169,648.078036669532,678.391745836848,615.792649646448,567.123041614103,637.871510681698,619.150095335811,638.175691935831,648.293167128209,556.743345628508,601.032100049345,613.034970440259,568.808603577336
541.972760349436,692.314589968832,686.923244158213,649.261577364331,678.909429695947,616.058763751268,567.583173422654,638.75334457949,619.958305612197,638.393242085297,649.185303126621,556.933234462882,601.56663491924,614.076846324173,569.366867485333
541.822873023286,692.538503545209,687.04491112959,650.463431080474,679.430094516734,616.276994234982,567.942408809737,638.878950869997,620.784823559118,638.650403329636,650.011626422823,557.11137096023,602.073437951194,615.004103498106,569.91732320514
541.78533662656,692.71700156061,687.017342766479,651.679967079432,679.956765315542,616.433932737739,568.259778926335,638.884939660397,621.589385589855,638.925956345113,650.88000464909,557.280915120459,602.610608825833,615.919163078054,570.456711936702
541.725791868898,692.905337284988,686.980585403791,652.873369197325,680.482503670066,616.534758439315,568.550414515068,638.824037136146,622.400120840417,639.173456809546,651.688428276143,557.444815043182,604.468323821853,616.822511342568,570.98401961958
541.795724643922,693.056425895676,687.130173051761,654.013134025227,681.040869204197,616.647972826628,568.853300407177,638.424653472029,623.213854143567,639.495913668241,652.580151345981,557.591104307241,606.028557040092,617.678317018797,571.510618112506
541.882805414978,693.133460044177,687.349841632342,655.153934752437,681.603448187913,616.535923082026,569.1579229423,637.947238539751,624.035077477079,639.795968522199,653.45707535766,557.733239327143,607.307128681409,618.517477697353,572.016488314879
541.994640388548,693.183177264133,687.677398279734,656.31087629054,682.129436588096,616.335896235361,569.480573021881,637.4546207501,624.862005883648,640.067658217196,654.310710405976,557.876895898367,608.35224667002,619.328254647221,572.491286921392
542.121264510843,693.207455195843,688.106269778945,657.480200331819,682.68975575861,616.103664036959,569.828850340509,637.39597447703,625.683422376556,640.323057490801,655.153285115133,558.023515704153,609.21903324014,620.112730592724,572.922988793843
542.279699885459,693.206013138809,688.650523319727,658.658002159245,683.082263103893,615.844600599904,570.366823850058,637.368681575398,626.488060446263,640.547830068446,655.982932641181,558.173951460521,609.9567085345,620.814478512194,573.343013738119
542.433391817162,693.160891433752,689.321911034519,659.840946259183,683.468194627698,615.553538352566,571.014510468884,637.381272759753,627.341761045022,640.227174266165,656.789248568716,558.328560503568,610.602278389837,621.397412121611,573.751709809426
542.712650468452,693.02783888825,690.082048992287,661.015302268271,684.19037175289,615.243195429842,571.581287141012,637.402807280022,628.150873608893,639.784827136808,657.540961004352,558.487422845095,611.17950529625,621.933446940669,574.152721084196
543.056256080213,692.893125883796,690.88304175743,662.159585467166,684.60194671871,614.922767292156,572.164117030948,637.528073394514,628.699590369474,639.452599073462,658.124683282242,558.703667595065,611.668642460328,622.460409502842,574.550566430152
543.412757140219,692.766342832589,691.731234971809,663.269562917079,684.997821934508,614.602150921501,572.757194910782,638.171004096587,629.145101689842,639.687730479861,658.662638786807,558.931119487647,611.96930326769,622.988016769774,574.941435644573
543.787442012976,692.644813235516,692.661108331449,664.371976152169,685.300568431333,614.276142319588,573.356705609423,638.718609199678,629.590006007759,639.936188957458,659.256996247098,559.169392434354,612.262088033683,623.524921185024,575.326084912306
544.350419456522,692.413374433819,693.682884731567,665.466378819461,685.589257327258,613.964841869175,573.80229812625,638.809788826581,630.042316305655,640.22287945761,659.852282079776,559.417584645143,612.516495796008,624.077819431757,575.716466192566
544.963818275425,692.202995629529,694.748104693891,666.551096848932,685.864414074857,613.689537051978,574.447037919932,638.922897943835,630.50315197141,640.551175159622,660.433470342179,559.674320515301,612.763431318247,624.650660657003,576.096423900023
545.598466931189,692.180063612613,695.78681268173,667.623112249424,686.126959716964,613.459935683718,575.074646747002,638.853079366987,630.976083470899,640.898950153168,661.010944197501,559.937634124219,613.002817355675,625.243980076743,576.475865345721
546.237615919911,692.147131382018,695.695221512149,668.700215402604,686.378274857391,613.355111298574,575.684877209668,638.822052826965,631.461142580239,641.270543668496,661.611449674861,560.186097675562,613.181400345107,625.830337043148,576.852095553255
546.866301172428,692.062438417812,695.588022017503,669.785788262733,686.619597931805,613.34067267778,576.27934051119,638.840806383043,631.960269935371,641.657851750263,662.17090709128,560.418251842906,613.378811279307,626.430122171969,577.222155785074
547.489864020524,691.962908756401,695.465341407716,670.855409754922,686.872131930251,613.401518776958,576.860781613406,639.217592939586,632.463165173165,642.062408654357,662.692517266126,560.649183355685,613.574807773313,627.026269845159,577.589996574255
548.096176714246,691.854365646119,695.329679488631,671.804970649915,688.135938501563,613.536198733431,577.47898616305,640.117749731917,632.997232158436,642.477549965949,663.17545040811,560.87733860743,613.770254072049,627.625296784675,577.950583522683
548.676173989126,691.732445078256,695.184813168946,672.700249787423,688.383622003766,613.801894307847,578.047276989015,641.153643778851,633.532058858522,642.857506589879,663.609536062255,561.101474826934,613.966031547392,628.219140146692,578.320629268985
549.213076078974,691.599703074776,695.023959513984,673.570311387322,688.595920871579,614.143534862341,578.575138696182,641.870698255736,634.09548591617,643.180005564061,664.012020171119,561.320484883402,614.162925533438,628.69767487386,578.687155498765
549.708150111643,691.454196037301,694.60717673243,674.440313137588,688.827705938636,614.467576573856,579.078461776998,642.613873418675,634.672015466516,643.466288538751,664.412951894101,561.533588769108,614.361612260518,629.095419608973,579.06012878318
550.165134797889,691.298574147599,694.149852045411,675.318489549499,689.011857722553,614.768309804467,579.616098139802,643.361464095437,635.245983515363,644.022574366047,664.814352637814,561.740460253581,614.497771027418,629.423363416553,579.448210771024
550.644652787354,691.147828941888,693.675106258211,676.182640569412,673.037661289886,615.082979528196,580.195322120047,644.181208392728,635.827888676008,644.729458715885,665.191483461489,561.941268859758,614.640485124112,629.742698743454,579.844869637745
551.052251030561,690.997705516628,693.198455553326,677.025352432529,673.204558182449,615.384159851551,580.777735013186,644.968450061411,636.423627992225,645.434522506875,665.612980942184,562.136395152716,614.789493500317,630.025267301428,580.249985096847
551.439177721081,690.858000605974,692.862265971271,677.816273882521,673.296266486343,615.709993097266,581.359911238407,645.737544417062,636.898437241045,646.257004575542,666.024655089496,562.326073638794,614.944281362317,630.319373761182,580.661141906255
551.688662723039,690.948910481005,692.552127720878,678.616394700504,673.34147592972,616.016455759329,581.979245792646,646.373337306596,637.356898168229,647.093752961732,666.416537544593,562.510460938027,615.104306622582,630.623384483903,581.058630062125
551.799047042807,691.231276515993,691.30457290684,679.432494798776,673.348942164223,616.231752556464,582.641051728337,646.573501748389,637.768797599304,647.945121268422,666.843598071159,562.689599113219,615.269081404877,630.936633161947,581.436003123986
551.882161878416,691.566652168551,690.905501672722,680.214214086233,673.335294498638,616.45103414271,583.321396377488,646.553222730653,638.181772487134,648.715800609134,667.272326448962,562.856806077339,615.446726157446,631.259391791498,581.766927347452
551.974319568363,691.904852015873,690.476581886551,681.007693918545,673.349157367615,616.65628741377,584.021230170252,646.887772259985,638.609291058667,649.09967234091,667.675773516849,562.978243311095,615.618128848249,631.585965473957,582.095450022602
552.04150873618,692.240321571234,689.788396836196,681.678173894202,673.372919584901,616.823979905049,584.72478486944,647.108354097932,639.05550056985,649.426017012555,668.089582625233,563.091959622614,615.791139254164,631.919784478235,582.420179698949
552.128723852186,692.562597770131,689.463885355594,682.316997839324,673.411595946552,617.013477402457,585.414508848529,647.419340954558,639.517097009793,649.725187845778,668.517825239883,563.201804577335,615.965139171374,632.251670569021,582.73970114238
552.222613024552,692.876031043045,688.549205973841,682.954998666424,673.467838597813,617.245085148927,586.076893190789,647.681972377091,640.000827251923,649.999642719036,668.958606229459,563.314157235501,616.155323752924,632.458933765032,583.052676167789
552.320228973703,693.177924984073,687.600941062918,683.647941617903,673.541185172986,617.477739828226,586.661370865036,647.859634367722,640.461762348406,650.237094112482,669.379400997979,563.430455521411,616.347386512614,632.653472317689,583.35794044088
552.431141936238,693.464968763985,687.026688940008,684.338727599512,673.628224898099,617.672684270753,587.201758850474,648.325238138242,640.947018180765,650.459705319956,669.799495694893,563.5519042671,616.542567326174,632.805099071243,583.654615047146
552.394266647622,693.681646863522,686.512082562121,685.043636960645,673.644370197333,617.881277741983,587.472773992962,648.776731212388,641.450737734061,650.678180442904,670.218743102082,563.679308490019,616.743209328017,632.968667530218,583.942358399563
552.278872072331,693.889345769334,685.985677088691,685.632297400913,673.628781923563,618.096999913266,587.736842226354,649.201075301777,641.966032984965,650.903259889677,670.632994556947,563.813244604452,616.951018663538,633.152198038527,584.22184756561
552.061126913692,694.093698958018,685.48227632184,686.223357444841,673.600398392579,618.318739639974,587.932185151244,649.605011797613,642.485677319671,651.201514743916,671.05887841013,563.954157416984,617.166838246765,633.311667460858,584.494123702701
551.92305102996,694.318808188673,684.802013401362,686.738691028965,673.525247387716,618.571026716394,588.114990077092,649.832632887788,642.940331205795,651.513988023763,671.435844785634,564.101786668499,617.390690656045,633.443145358787,584.758401243775
551.829077035883,694.714420307974,684.192153606667,687.253300134814,673.404814890026,618.840039519283,588.282420702946,650.094513648389,643.353167625846,651.861184448801,671.830239105796,564.23209319329,617.621734147426,633.548279332981,584.993581964464
551.56555896395,695.175041953458,683.638514314396,687.744288436986,673.259200847687,619.057698773352,588.427118118793,650.318106955251,643.757707985692,652.214116502181,672.239739729293,564.403584406357,617.820007276386,633.649060081465,585.213294701009
551.286446798206,695.660163018237,683.011921479454,688.232773420023,673.172671614771,619.238882110835,588.542799351269,650.273148675167,644.152300650167,652.464620851584,672.571523378637,564.555016449244,618.003918889595,633.780307519677,585.413386700122
551.017629939742,696.14630421817,682.595227472643,688.699572221561,673.056751214039,619.445427278892,588.581165134843,650.693827360904,644.535051337995,652.774979186198,672.918581034154,564.707320312912,618.124507683803,633.887444638318,585.619201976907
550.785072331595,696.626489429595,682.190168858861,689.190496981944,672.914983275269,619.645656868751,588.567209868717,650.522562032365,644.901370887723,653.083292491786,673.262118023921,564.842744105979,618.248219893767,633.977003510688,585.825675332763
550.561697422346,697.093448389773,681.86097343412,689.610313258226,672.74824977616,619.855124126744,588.527940476452,650.265829647216,645.27194484298,653.413324409522,673.603364156724,564.97745182531,618.373093432441,634.067448109454,586.034771439111
550.212929492614,697.500997307529,681.538192450658,690.009460154593,672.558422007807,620.07086231178,588.44110100595,650.038935600106,645.570054047594,653.730792799189,673.918274694205,565.11426906865,618.510151062131,634.157892109734,586.245952844748
549.921216742818,697.9002846071,681.230880633586,690.394897304208,672.354553532487,620.291620063109,588.334891737471,650.284154199392,645.845461687771,654.039217227897,674.205285246782,565.250086823477,618.643867239811,634.209383538111,586.456596306735
549.586214362162,698.315979517421,680.791023198987,690.758514702154,672.141574076928,620.523520632471,588.110321203187,651.153512707887,646.033593783859,654.348355093233,674.499324356661,565.386836723373,618.772251087966,634.269589297186,586.669794680745
549.197483144771,698.697083660684,680.366467566775,691.093917077748,671.924959016361,620.75901865932,587.97170063569,652.532636792521,646.152725919029,654.649039117568,674.647361468381,565.52442558686,618.887094932821,634.323838868884,586.90217111309
548.842006366794,699.072188214305,679.951310556215,691.380173728347,672.033442197006,620.945036205991,587.816596411036,653.912699255553,646.212502380214,654.993015125216,674.690169372823,565.66206123308,618.997933115595,634.238817862787,587.133171245178
548.580140049234,699.394607997814,679.469605144819,691.658251634935,672.141449467357,621.1272947132,587.622256609201,655.240887001394,646.265638674041,655.329235399421,674.795742295251,565.792493985208,619.106042250679,634.091006282185,587.362228168209
548.352025645387,699.686740604926,678.982049152138,692.046532466815,672.248537479452,621.383138943123,587.407946949755,656.608509759794,646.214212330311,655.658275623691,675.244640302191,565.913142188664,619.206993996994,633.925818633453,587.562631580729
548.118953167117,699.921283292543,678.498585072486,692.468239714745,672.354311187796,621.644945358556,587.170671663593,657.324966299411,646.147588808961,655.991131274934,675.246942304574,565.988522114819,619.250724429153,633.731417954082,587.768297639895
547.825031191234,700.131330224876,677.981592988384,692.948979539183,672.515588136319,621.802565948717,586.90160165116,657.53035034238,646.073756103019,656.315716060119,674.715189980252,566.074956501477,619.197219033156,633.548684288228,587.977922575675
547.53399122627,700.28864854368,677.492045466048,693.544743159145,672.692056143973,621.868758234199,586.64734991651,657.804076060562,646.004301034816,656.595734307073,674.630360201006,566.168024173834,619.131816230802,633.377222796806,588.189360238263
547.208158745763,700.417219060594,677.055720889029,694.184122778695,672.869724792969,621.801705296882,586.397658579207,658.055797294942,645.932872807706,656.884808622245,674.570564477895,566.205221235323,619.054691933697,633.190147773749,588.395400563579
546.953604387637,700.559608731798,676.636684844207,694.859586700293,673.048885759097,621.714169533294,586.144728715891,657.968673844392,645.892580430074,657.194372453599,674.539134806552,566.242636144521,618.964291960814,632.997057289141,588.595981779792
546.725433554111,700.781716238348,676.19887458805,695.561552967943,673.228259435626,621.611774061749,585.938636400778,657.691470335714,645.859554062429,657.438175657792,674.524254599882,566.278208634125,618.919053749228,632.811163530069,588.787143867359
546.567082697879,700.965619277207,675.702832245981,696.192299123582,673.399370218373,621.485237212648,585.826549160067,657.220130064119,645.843875050107,657.658045231027,674.532003895353,566.312437810598,618.871045333353,632.630292643223,588.968255906964
546.438008023184,701.148723039106,675.109931693507,696.844469826126,673.568953795692,621.308026698774,585.731503210218,656.88495295255,645.831304357122,657.81808681073,674.532024709334,566.34590533797,618.827323379432,632.476538973397,589.133306551391
546.395789250987,701.345618523422,674.416727315401,697.509860528575,673.687720289566,621.129169986807,585.701827201431,656.401673593502,645.81563810582,657.965174074677,674.539093397973,566.37630293137,618.79436344486,632.387388198247,589.312770645414
546.372440592135,701.552097654678,673.682831376732,698.118887803549,673.821126890321,620.950054393026,585.689427848858,655.254790276821,645.840820116175,658.08989596237,674.30534356988,566.395890912201,618.76968832893,632.293744674754,589.478336074709
546.342542869136,701.745263074636,672.924550409792,698.723668315579,674.353145387931,620.766201005704,585.707613189785,653.762311280341,645.890522248674,658.203949991425,674.143213275436,566.423190132177,618.755315972764,632.206660468126,589.61840703555
546.298679806177,701.937330613849,672.129765316371,699.299773281592,674.66909348711,620.58978427239,585.726801314527,652.81878959954,645.967590945926,658.265497930133,673.970482025244,566.447653392228,618.748092508945,632.109818693208,589.725751476088
546.232515859204,702.136749649474,671.347784072388,699.858603495011,674.816407232401,620.423723059007,585.796650100323,652.051543794527,646.060054777876,658.330098896615,673.799149437037,566.464963242326,618.755145904524,632.031360490077,589.80776422116
546.167162911318,702.321872181547,670.597212986299,700.396406452269,674.967478616954,620.336260567373,585.896226252845,651.441854223667,646.183086574269,658.365415432134,673.638847881805,566.51715550535,618.77224715994,631.978179618606,589.854147171843
546.113477371717,702.496723236676,670.129465623933,700.909198626193,675.119969862362,620.266818870936,586.001415955487,650.984616246584,646.335913083508,658.346561077691,673.644270454762,566.581790336504,618.801275294735,631.948468731884,589.859687074349
546.125397552976,702.608626003527,669.724770996862,701.396775789354,675.271028660462,620.168946603576,586.150849000916,651.466662213508,646.516382346281,658.335119795885,673.646494510744,566.646191980112,618.841952263307,631.92483217606,589.860016507648
546.123401690448,702.70553633895,669.389026751123,701.853090914988,675.417231281099,620.005647348469,586.352235353522,651.869764254337,646.733250324213,658.324100652464,673.64967015368,566.653613157515,618.885046425145,631.870863645928,589.856757577903
546.138838828398,702.813280128923,669.094329846179,702.277875688202,675.554874286126,619.850797291603,586.593174322963,652.479390597801,646.950145587635,658.311453816769,673.641471233099,566.654865516284,618.970146068438,631.772954182574,589.855027577086
546.168846517496,702.956003051269,668.837958317731,702.621288370332,675.665826128864,619.710790264841,586.921730232033,653.172717835055,647.166559164797,658.262422897551,673.620826934184,566.662955938979,619.016967590851,631.662208479032,589.865724425193
546.194046000723,703.092692758005,668.590157040659,702.911905143698,675.759479177595,619.553679643086,587.274843101922,653.720466565657,647.394525504776,658.173519905509,673.603922242473,566.676219633801,619.060604787311,631.565271629197,589.881702367338
546.254242725135,703.226988215463,668.261257399146,703.17853422016,675.824883622435,619.419024047686,587.634612133108,654.546157906224,647.633066924507,658.048585685393,673.59424789669,566.67383838811,619.098983244053,631.519713773046,589.904673604608
546.325444444199,703.350905589533,667.971028313438,703.482801735222,675.861027700928,619.295367231117,587.99925273756,655.326771567356,647.836604982529,657.932766059991,673.626148944741,566.642783697521,619.131007802549,631.513780784323,589.935674567462
546.426184450691,703.462715142919,667.715249969357,703.760747660057,675.894919804748,619.110312021227,588.306611247415,656.179867955776,647.973268589649,657.752422354061,673.685216507777,566.62555591014,619.152890304116,631.458626688884,589.986671351947
546.505019428423,703.560463676797,667.486158065683,704.020305553123,675.947514188421,618.921913257084,588.62029267094,656.981667081343,648.100644951169,657.232663138447,673.743180378196,566.605688710679,619.168386797906,631.349645840008,590.027236560673
546.601086134618,703.609419080109,667.272595895506,704.22935272017,675.40709106185,618.734520704036,588.917352945212,657.604029131622,648.185509951952,657.093664195304,673.80016632783,566.587828884858,619.166536290613,631.219203304314,590.068264920351
546.443208541567,703.650287690324,667.06583441086,704.425330460131,674.763430891059,618.570772161853,589.225904549747,658.185822252622,648.287353873239,656.964850873681,673.871204171828,566.549874439373,619.118511296547,631.078335377794,590.120245271438
546.231275714916,703.678893731536,666.858974775104,704.600440459313,674.00661752577,618.451421210425,589.547366257038,658.626330557368,648.371888545411,656.853067163752,673.984479338268,566.523800788501,619.057053876712,630.939314170429,590.145593685598
545.928582266547,703.671860517956,666.751065977508,704.76995566724,673.133073053055,618.441128261472,589.884921122119,658.947703477256,648.458586991909,656.74466047117,674.002645062888,566.492155048226,618.984734906024,630.80366763667,590.155861166855
545.615314007716,703.642246036524,666.60037926098,704.928468738987,672.195990665358,618.457719056292,590.24312606293,660.091634203962,648.531368381985,656.687818646507,674.012574403553,566.462449615703,618.890025861951,630.672476171157,590.166813771259
545.273343032461,703.59794687538,666.514844249758,705.079909757756,671.163596068473,618.500721802505,590.626961456134,661.367983234205,648.611432246122,656.632875678289,673.993810316053,566.438236599229,618.789165290692,630.546354095512,590.174649163826
544.924726192272,703.550730086916,666.434249461222,705.226223954198,670.057938328226,618.562874966145,591.040096820012,662.663963223314,648.694758059234,656.566803885712,673.952886912246,566.408707174853,618.67373418918,630.425617415132,590.203032790818
544.559100743486,703.520690533983,666.374540357793,705.394072644195,668.922203406633,618.581316410189,591.483489429563,663.775016558624,648.762895417119,656.486171081252,673.924607607994,566.374124071756,618.497711861454,630.316494299575,590.236803547762
544.190347958823,703.517931408134,666.262780224959,705.559438733834,667.757521286483,618.601213725073,591.955288206532,664.501627037637,648.842792281483,656.375190370067,673.909221281925,566.342207868752,618.307115853077,630.239063485298,590.271501987556
543.82055232408,703.526108090595,666.154516051446,705.714031250049,666.607782215706,618.631231794096,592.451030193704,665.043433701345,648.89825400368,656.245228348742,673.917088184993,566.281852015542,618.103126212336,630.180624157304,590.304546405392
543.466607801137,703.537459708975,666.04814306379,705.916652640027,665.471274818717,618.722464690819,592.860027761809,665.483926326752,648.892039407473,656.120395355112,673.918060577775,566.209758172437,617.887949927766,630.176717224057,590.354002825897
543.115106114439,703.556306665629,665.941700795543,706.108386760562,664.414492282403,618.813961771189,593.208853220378,665.837892477519,648.86810592318,656.020932591323,673.979422851073,566.122313265776,617.67222951048,630.143561989786,590.406763651851
542.915148455913,703.575467162404,665.853959925729,706.283046134791,663.429854088867,618.918406877811,593.528324201605,665.776727097481,648.783736901152,655.934842007557,674.055250770376,566.031611260972,617.461173164841,630.139466409154,590.451413551073
542.769413685054,703.597578720269,665.76139183308,706.418471314585,663.612326982942,619.031257722107,593.822023025517,665.467824918937,648.688086055836,655.861781530757,674.145240252491,565.943124769324,617.254392607458,630.159754236039,590.508781069613
542.645982819679,703.60946245435,665.665995646314,706.521802051514,663.790346783788,619.150522829678,594.101471733141,665.11778841866,648.585255283976,655.772203491468,674.240892563893,565.868652979815,617.092426047083,630.216774854454,590.569704362205
542.613985413082,703.608105103021,665.570870649972,706.548609203314,663.957140689944,619.291217117461,594.343648006304,664.510112397887,648.405160599556,655.644185656718,674.292301151567,565.786846443885,616.978058674208,630.261516620214,590.627403175886
542.701451614321,703.594851485734,665.479306069616,706.594786986804,664.051726163544,619.458646234238,594.569016572627,663.909283150037,648.228015445855,655.499095500834,674.181853949485,565.718082248337,616.851566388484,630.317816307743,590.679791010675
542.826805735465,703.577377514723,665.492743359826,706.662024464355,664.163837082652,619.634673173637,594.772894606951,663.622240734247,648.058926460271,655.357028699516,674.064183506154,565.667974033206,616.712973579632,630.365888581938,590.677264022631
542.98833270297,703.523660467266,665.524664137043,706.749788608992,664.241107500461,619.82871029041,594.940629575863,663.658250570587,647.902454911474,655.208741205953,673.881116361232,565.640251587478,616.602288135875,630.368902171467,590.689507007402
542.97316596007,703.508510446389,665.550254677712,706.888372386996,664.319171063651,619.965298981351,595.056367617273,663.663687663202,647.799819804048,655.055604571049,673.693907144179,565.621591554142,616.491027863959,630.355808761961,590.690048047305
542.823856517744,703.494805001081,665.595381453048,707.042715337172,664.393486808983,620.112463013565,595.133029648969,663.598887423657,647.725027398549,654.899093341816,673.506590246649,565.624119555601,616.378181223775,630.374429668064,590.690490485314
542.714707764875,703.45562257435,665.54929898569,707.19254169722,664.456017245455,620.23098524157,595.126237085602,663.500096240112,647.660545267159,654.729800119424,673.328759164099,565.632485235048,616.2661588115,630.377698593459,590.689835368715
542.599008486572,703.435622642856,665.502088480085,707.342363620414,664.518034997488,620.142364772792,595.106997859661,663.417277347085,647.605427862718,654.549908256032,673.141045589878,565.649748769269,616.406738011808,630.370825556812,590.680583497063
542.58829218083,703.408461645065,665.445491361913,707.489605147649,664.570971101499,620.036938810704,595.082121417306,663.265619187986,647.556316266224,654.369502145695,672.951551716931,565.654118835152,616.313385983464,630.375815246478,590.673057991599
542.693929751596,703.375689516917,665.393319287635,707.648555179078,664.6135307472,619.946438143766,595.037974793229,663.07112780476,647.513738620914,654.26729477524,672.768804659111,565.666012587861,616.233273551383,630.377444864928,590.676707467414
542.801685597729,703.325726386597,665.431896116425,707.772687393341,664.885038953104,619.836199483221,594.990290103805,662.643367463539,647.472579237433,654.144473562933,672.587755756096,565.679888728228,616.138309787488,630.421168947892,590.675970357192
542.901438817444,703.183329917717,665.43676100087,707.907813247998,665.610058227641,619.700140787791,594.935064173458,662.274542694993,647.416509523105,654.009742481596,672.411838690212,565.692946007224,616.061888539476,630.445812991205,590.663572691811
543.018819571311,702.977398962216,665.249764688336,708.003271850963,666.304752660004,619.576515065087,594.87727027881,661.797717449091,647.33013470988,653.812768991412,672.133814162974,565.706012622176,616.015081053631,630.448779044681,590.695369379313
543.167732179135,702.736744299144,665.078691014072,708.083882395919,666.961304974771,619.520570066276,594.826782147561,661.399029157373,647.246452040569,653.559431772425,671.955935325515,565.708493511307,615.958232426642,630.496708189923,590.732043505869
543.303567178441,702.460905947366,664.934828976773,708.16302183229,667.538561075376,619.420746882711,594.777017105231,660.985017790171,647.157414369595,653.282838750673,671.51182901928,565.723855862509,615.916817869487,630.540352911318,590.759800326501
543.371950934435,702.148660999116,664.808022044057,708.241544948759,668.114246782129,619.394743168913,594.736386885261,660.606949917194,647.060214074872,652.986620828973,671.384107215388,565.745228613526,615.860964254079,630.58061967734,590.767772822354
543.249063782527,701.767494089883,664.645249378297,708.343018402409,668.622971075026,619.371019931982,594.682472362035,660.051184553652,646.956492789562,652.687157233335,671.261461034997,565.776249671087,615.812982034587,630.510778335469,590.78280798729
543.081078760814,701.356461361178,664.466940589906,708.485158232612,669.16892379783,619.341901659097,594.632145534254,659.457169713542,646.832829121224,652.374515404102,671.109050368002,565.786007303678,615.730992679177,630.411738775773,590.766429895951
542.718697253303,700.934625258034,664.258862727892,708.635259959448,669.676659665668,619.308617502767,594.543729230546,659.096976700901,646.675661152117,652.054463354518,670.965307902028,565.788702600478,615.626859005525,630.278091062228,590.752978843281
542.302850738335,700.503148778947,664.043871067021,708.791237601641,670.138951335357,619.199871154419,594.451818029333,658.777955127283,646.502192828225,651.799271946645,670.831574070737,565.795406101007,615.527073266331,630.13023389714,590.73714362098
541.822587620587,700.081722423409,663.77432465142,708.95172542882,670.538891071065,619.049325326188,594.370990619159,657.011097111131,646.255236458257,651.578260837578,670.709126376402,565.791290719138,615.406005305061,629.973840668395,590.697510616933
541.470960102726,699.663640197976,663.493523706758,709.115619675766,670.876491584291,618.843194783988,594.306306172125,656.662745442177,646.026164294289,651.413592050607,670.613467886426,565.799144996964,615.256607939226,629.774287196791,590.628316184798
541.089299570565,699.258025218233,663.172469946178,709.292147213682,671.124900255427,618.633506089915,594.283160285063,656.116226095672,645.792770225077,651.231698352623,670.546585297076,565.802646543462,615.05792798984,629.582083271625,590.564846648592
540.92380841942,698.827853415585,662.995218522374,709.538103445149,670.972952749994,618.46602740968,594.246828647616,655.551049536058,645.564977354709,651.054738061123,670.484470921783,565.802491586335,614.841120096648,629.361873000258,590.470848435308
540.753487105327,698.418705827278,662.71705678769,709.786823332997,670.818456206801,618.307802287127,594.18060395842,655.005722924527,645.326486676095,650.899878618873,670.429471898849,565.799161482853,614.616404364695,629.11805154393,590.348270473146
540.580317046483,698.094382971103,662.474192186245,710.024908676169,670.661073323627,618.104302708571,594.096359103271,654.950690242161,645.135401928868,650.776334293679,670.421222191898,565.797903823305,614.392538966133,628.915756879648,590.238265184994
540.405769699244,697.799520073079,662.189404005396,710.201044269045,670.507542573015,617.886700957591,593.972703108614,654.560957840541,644.941184368769,650.653587306772,670.497238588812,565.798823312581,614.158920413839,628.745746122771,590.136919836842
540.157346583095,697.54940705727,661.883277405798,710.408687928208,670.351248475996,617.686051599665,593.828183039738,654.143604376766,644.746191611931,650.470730970962,670.601569133955,565.798558949966,613.933478714233,628.567437089476,590.051571408496
539.895747104177,697.341968233263,661.532962408551,710.615582356914,670.206274817961,617.519793382143,593.5907777059,653.800898012023,644.551801624971,650.299359812318,670.708542219754,565.802275347408,613.705757202489,628.391663430396,590.028337614002
539.658568726274,697.151908708895,661.185844325133,710.821520135678,670.078531495971,617.203680221311,593.32943784917,653.618667698345,644.308555196437,650.120673858036,670.718945508256,565.8195459757,613.460890949803,628.232444357001,590.002781160896
539.449646823453,697.013407091464,660.883466508309,711.02679176273,670.061532005228,616.897340001225,593.043132688073,653.348431866598,644.05195102352,649.972857154391,670.786332095605,565.819538399019,613.191109146677,628.098260999557,589.970325421883
539.295891702386,696.908357873542,660.625929531951,711.252153591257,670.058775210495,616.600686479819,592.740932552218,652.943460291399,643.79776359149,649.859924614229,670.786012324684,565.82861374457,612.92697136496,627.940154676428,589.928016222556
539.163264689175,696.888065138062,660.308126660574,711.475332502641,670.067914461701,616.312916743811,592.473362240772,652.089837388464,643.517011191422,649.760694660996,670.759491098214,565.824761649546,612.660352208291,627.79563811797,589.891774932191
539.049646605236,696.869603574396,659.97080274912,711.702182262399,670.090519861384,616.032537770398,592.195774045764,651.080198721727,643.235689031887,649.633341099023,670.722328206867,565.835588895542,612.375568735435,627.737287895664,589.833661589849
538.950827318992,696.859783113231,659.619550983946,711.93926864939,670.164397120358,615.740096787859,591.854703035699,649.911997057428,642.955500343991,649.495815648424,670.705381772111,565.866166798414,612.092944138058,627.69892595241,589.740301226597
538.748109789679,696.851876789771,659.252600736439,712.161437458009,669.995920909876,615.499900190461,591.460791844059,648.618153139789,642.67836244774,649.347302057058,670.681536013064,565.882319586095,611.815163582452,627.661036197673,589.643985791092
539.041377439295,696.844799742934,658.848695832183,712.386339464997,669.763779088628,615.257380544977,591.057961431002,647.247138897926,642.404054302132,649.20759117008,670.677800624524,565.89241179719,611.511560490007,627.611395096607,589.532210418272
539.320596200934,696.837041091589,658.412653505299,712.542856859693,669.767084497964,614.998753629648,590.656680883061,645.888693420825,642.171416764714,649.060291267335,670.686610710721,565.897610432912,611.182820653732,627.56640385097,589.404244002016
539.567815144551,696.853812134425,657.952521103627,712.670400764007,669.781489667226,614.665559077463,590.263195587006,644.885214927999,641.95527646982,648.920770850318,670.731042303704,565.849712817913,610.855248884234,627.52991585461,589.25849218864
539.812243848045,696.85476319672,657.470801519854,712.811894398202,669.785052292101,614.292375003154,589.8690824073,643.937306055839,641.7338911046,648.726168238157,670.823369920058,565.797037331515,610.472392786661,627.499066652587,589.0994147159
539.942544669112,696.853142322141,656.998127267733,712.835753623971,669.803929401979,614.072949536814,589.466190740534,643.026060924743,641.515626275426,648.545058093744,670.955864649612,565.740878420466,610.083261003686,627.431303275136,589.003028573343
539.791184919458,696.854815390669,656.512789578428,712.858625546229,669.814043977549,613.843148312026,589.020092190731,642.024824913501,641.29284006939,648.368088505859,671.077004959101,565.675948820383,609.69875258965,627.377247952058,588.912411123681
539.64717728242,696.843394846135,656.077284803341,712.889671801425,669.827762917256,613.600160805873,588.560429917608,641.653410980529,641.075166095777,648.178104829064,671.212836393537,565.604443835996,609.303218648153,627.307391350034,588.834137767809
539.583386700336,696.838450010892,655.654024953303,712.941617924009,669.845026254382,613.362676353211,588.115410187415,641.498624122445,640.875392669487,647.981292107689,671.342920928247,565.558343365651,608.897393952784,627.214349082427,588.755625357133
539.560405886089,696.786511877567,655.261825531266,713.02627564444,669.858351515927,613.088679126854,587.648505709019,641.21113126843,640.698677405615,647.79778954864,671.44128926324,565.503422864505,608.498471891817,627.114774087856,588.688335817682
539.570720584435,696.750096673661,654.677515321713,713.120297386679,669.855559674037,612.839607886003,587.185377503389,640.753443699067,640.521161483252,647.640895267844,671.512686615776,565.451392986603,608.107583476645,627.03671285669,588.625594898702
539.607923842068,696.711419652819,654.136612860969,713.238293055779,669.884089730749,612.619110981506,586.723425907973,640.539010744572,640.366644223315,647.475533802639,671.566476098066,565.397615625884,607.713234542996,627.020445324156,588.570948454232
539.665409163765,696.682674035223,653.619950921844,713.381231009779,669.874583419854,612.424748118364,586.157809391725,640.370388765109,640.219058120191,647.325414120299,671.585824083798,565.348539497398,607.328239093857,626.991467828587,588.539764897152
539.768023443189,696.653642155871,653.178933695309,713.542164991683,669.843721808951,612.14485945808,585.570107510981,640.120111588489,640.088193944332,647.190764166398,671.547677671768,565.300121271242,606.955983213965,626.987446600669,588.505707181096
539.94127592374,696.619980244345,652.798905715659,713.736588086174,670.223131021692,611.889385564356,584.967605412035,639.826538629371,639.986476654601,647.070864849975,671.483240064866,565.220559254538,606.600277503055,626.986799467175,588.454218496145
540.100006212119,696.581600455494,652.588849417924,713.871719952961,670.703775562178,611.65855163698,584.391761170219,639.539855277072,639.888942241976,646.963827930273,671.400585375476,565.134947689095,606.228887833517,626.966371561926,588.398187287062
540.296637552027,696.525981895523,652.335783316376,714.003272354386,671.179700245865,611.443831702397,583.789655633256,639.309394882111,639.820000172185,646.866438410199,671.289209487715,565.040095450146,605.829777327091,626.887825848227,588.344764145026
540.414350184824,696.428429405213,652.062251125252,714.091852480319,671.626787462349,611.396073234052,583.19483466169,639.37360746091,639.765821583403,646.74989444725,671.160966219776,564.955610608206,605.431989574013,626.775708451224,588.276120916497
540.517293429589,696.32343331456,651.726055507646,714.208143699153,672.007281136076,611.516329155972,582.674312111332,638.899195513863,639.743788416062,646.637217899038,671.074310040291,564.871970068798,605.015299973683,626.653939115059,588.205250563401
540.508160147118,696.207053581446,651.345922460266,714.2910694059,672.142341973993,611.644009819643,582.153323200016,638.446201382649,639.706015186393,646.470931332505,671.012797978543,564.790989186623,604.586024423597,626.494932503133,588.13909987509
540.571736573705,696.061266828398,650.940427163259,714.360163260826,672.020834855583,611.775392804273,581.63176143101,637.940175767743,639.67988893088,646.290459760533,670.743208719237,564.732200311922,604.139290553894,626.308891764851,588.074133940292
540.603548245265,695.894629205781,650.509933322696,714.445292026464,671.854693372763,611.849178941806,581.100889135999,637.393238255902,639.7661659427,646.076046402454,670.831441112375,564.68153651011,603.598975028968,626.123405437666,588.011302367755
540.671986648483,695.727703616892,650.059786968851,714.521848967,671.678838334066,611.933675923537,580.5725073865,636.911217781597,639.844715889094,645.820254798774,670.884236501841,564.619937895326,603.055472815239,625.9585221806,587.950801926942
540.780744988581,695.613978000907,649.569356320245,714.586494022468,671.493792703241,611.85193774887,580.074687956069,636.36414825051,639.93834968955,645.539401681417,670.973367021738,564.564413864704,602.505272872198,625.818393538968,587.892351990689
540.929332795477,695.504672617099,649.081879114493,714.686808147911,671.289501695909,611.816421542423,579.570690765084,635.832714053017,640.042972148511,645.246670532243,671.088843969908,564.51126262977,601.960004431101,625.691678563911,587.904273951513
541.126086313253,695.401510067774,648.460380803838,714.794883688234,671.049114222752,611.744706386871,579.05217429927,635.347663130952,640.150285517748,644.963018404881,671.130749754727,564.455978182604,601.421163156671,625.562700973846,587.90777678801
541.285032232448,695.290324133185,647.854751113378,714.903018183966,670.807597227545,611.668841439008,578.580068078715,634.960959008372,640.249064049927,644.670886284986,671.152827085077,564.404902159511,600.893290688178,625.438627285692,587.925309975616
541.451996241211,695.174124351904,647.201730130557,715.046428943372,670.566354955995,611.580425763565,578.251368489067,634.515862704196,640.357175620753,644.376727383103,671.108887646224,564.351453015172,600.370572169166,625.317459837121,587.934452561787
541.612980226729,695.053845985066,646.535914270946,715.197189770975,670.327136490867,611.491018092356,577.963877469553,634.459581991375,640.467938226513,644.083627254464,670.690582234672,564.314316301291,599.857101395043,625.194423931851,587.92877839007
541.754344435791,694.914128496825,645.978242708564,715.367956219791,670.0913830349,611.413373283004,577.719653792663,634.413362875299,640.589615086907,643.766401620191,670.006583133741,564.283786683744,599.358349052757,625.051690131385,587.906915993144
541.644492824101,694.765942469214,645.380306760073,715.532853220709,669.860471717036,611.266642487133,577.501591875101,634.558249153726,640.711073897168,643.448433892209,669.318681657264,564.251833812811,598.878200683885,624.917078863347,587.874827866358
541.521194868535,694.623877518911,644.756414160605,715.701020693921,669.632504275351,611.152406140222,577.331042052108,634.664088556182,640.821181655051,643.130626733366,668.636243113079,564.2112173096,598.413275689197,624.771403101207,587.833617158464
541.509014545361,694.520438353295,644.18241784657,715.857690535621,669.127650436396,610.922489377382,577.171225018714,634.737190053534,640.972598695546,642.813226579276,668.045066363684,564.177787964976,597.966262678077,624.688671151522,587.769143925011
541.427694679452,694.441274851669,643.60579919828,716.009771068738,668.920220898044,610.7375227839,576.987325479259,634.510471652993,641.123675189921,642.494832054518,668.093553824282,564.131602602646,597.538108524634,624.627377200983,587.690962607009
541.324849163237,694.387393128911,643.035267235627,716.123924510565,668.778370209251,610.624122005039,576.808604640809,634.402867971911,641.201931304894,642.06616912887,668.131115116019,564.076186667138,597.12774663312,624.616198754147,587.631547262592
541.21018752651,694.378373510257,642.481130791193,716.197360283263,668.651074380365,610.423523539774,576.634393479198,634.383103976477,641.267002998121,641.60337275644,668.071329848196,564.032279761525,596.709431702013,624.605102112624,587.568071515875
541.091884865078,694.44932420313,641.951929322321,716.228707545508,668.53821101321,610.259494431772,576.47414248654,634.413381049362,641.324972427395,641.121207151773,668.063443654218,563.981270235153,596.312864688695,624.610308448766,587.500048104369
540.907189154131,694.509504024501,641.289583979187,716.244924091179,668.435423870237,610.065589778427,576.323966922523,634.526664565539,641.37764479267,640.672284505685,668.006051767249,563.927522857681,595.948711654297,624.617073375321,587.392910017026
540.600107424045,694.584862291985,640.617198842616,716.252182630542,668.328151835078,609.871568301792,576.174314389178,634.696257245672,641.417910108494,640.187866583143,667.918129476116,563.885681774551,595.60014092969,624.655884106877,587.29154260541
540.266368899328,694.683648778169,639.946956973502,716.257239053642,668.221273914442,609.696820863755,576.009457675483,634.892712285733,641.459220671528,639.701090352691,667.747951705927,563.847561566171,595.257660625015,624.632507131898,587.166960933031
539.829080091373,694.780741585166,639.30387577649,716.267076574805,668.120589346114,609.534365538272,576.299057465853,635.096250796389,641.501497560718,639.218853612812,667.510678282945,563.820162985701,594.926623196824,624.605620426159,587.018815225401
539.42674979317,694.780473572848,638.785316197348,716.29672915044,668.023430235723,609.357387735874,576.645685912747,635.19832079376,641.557104953621,638.749644991394,667.327607109472,563.808827339128,594.604330691042,624.574077477119,586.876538976122
538.893417748973,694.769892133425,638.341562348731,716.343498230051,667.927376952103,609.18774191624,577.004444001157,635.244830735544,641.582319462735,638.338679561914,667.72847819604,563.799851549043,594.291084577091,624.519663936933,586.73202574042
538.276319770408,694.753520064379,638.039903702759,716.417386970449,667.829692982681,609.028128556128,577.407598020231,635.270524975979,641.562168359058,638.000846280503,667.499671486298,563.785696792806,593.979668059091,624.425283001827,586.600239265007
537.598919025242,694.7203124005,637.887093205479,716.53848497474,667.728774227961,609.089994309175,577.323823785869,635.279104983858,641.529543817118,637.68596151216,667.171113228016,563.755648012182,593.67691622541,624.300102100847,586.46909749139
536.90296840786,694.676177401383,637.787311934106,716.696142865564,667.703721659838,609.234682828269,577.255194678075,635.222527122844,641.559350701535,637.395456648609,666.781115106827,563.705127032004,593.372147660992,624.202203409059,586.327260740584
536.185324493519,694.634392626761,637.681021643357,716.890949672478,667.975278265026,609.460034360888,577.286763932719,635.215420013515,641.575848370919,637.128442153238,666.497177962404,563.646793342769,593.050652139591,624.100817890027,586.191585090168
535.415421766197,694.582131590212,637.528993507188,717.084494941106,668.26993098476,609.677090280376,577.344138614338,635.417870568739,641.578524131219,636.881900591865,666.250833258642,563.587694313231,592.725684490934,624.04981134795,586.069171904011
534.765958386527,694.528048292751,637.354181983676,717.307005413855,668.580294289097,609.957691661168,577.41115544209,635.501108287656,641.587668956336,636.65141960367,666.062465448196,563.524204486936,592.391161241537,623.962840461766,585.960413676187
534.272503660399,694.392544751358,637.176902842182,717.539834853677,668.883392824512,610.332917034171,577.487650426651,635.604387345445,641.60408651135,636.429769901369,665.88706409023,563.399723105922,592.050484199357,623.885247224024,585.841481222362
533.843183908345,694.243784929231,636.98588882357,717.784547682498,669.193441457256,610.705445547956,577.519084613679,635.727928140359,641.616389017364,636.159707977363,665.667937064736,563.269570506577,591.698829218689,623.815789849829,585.692708399753
533.466717099453,694.086650818512,636.774002553704,717.985044373308,669.485863663826,611.052639671169,577.531696359403,635.996957479073,641.585677647968,635.865127043892,665.423973443985,563.165553519704,591.322592558167,623.738558522288,585.516613102726
533.130911216892,693.951336464015,636.551894263986,718.224719174524,669.74303715902,611.049980633383,577.444032289213,636.312530784921,641.561914783891,635.579983103666,665.195719406836,563.072716172992,590.921395320543,623.659750317931,585.325572201575
532.744996826075,693.891919511478,636.290868496568,718.396749620338,669.961492633686,611.019666149808,577.249878029046,636.649903591847,641.525321493599,635.310678510745,664.961247163614,562.990499739786,590.543707091156,623.576693650752,585.164638496411
532.240517177458,693.701079113721,636.010402883098,718.54951946427,670.162691276691,610.979596896967,577.02445397004,636.881533477464,641.444727134964,635.046206957681,664.740060783008,562.906755334523,590.131411975391,623.493199300465,585.002281105161
531.789228759742,693.499625748409,635.704650499519,718.685896972796,670.34454201763,610.94829648896,576.768256133333,637.147264173299,641.274918012429,634.837442798226,664.514703897377,562.786077087869,589.708781583686,623.395205710239,584.869869290497
531.335298979905,693.344916089268,635.394397400224,718.79291011284,670.505459099571,610.928271849792,576.498741703532,637.186840067845,641.10375160867,634.576291694912,664.277344919402,562.667155479836,589.287640647109,623.243524538762,584.730137073233
530.907265489815,693.203329277548,635.034040969893,718.856066444709,670.642564114405,610.923136305352,575.681690692797,637.137050088881,640.940252269667,634.313825619584,663.872154587231,562.555252332419,588.869561719274,623.147144526718,584.588491286445
530.459314299045,693.033496332819,634.671932226595,718.904746426188,670.751587576889,610.923380101187,574.795158882284,637.117020932324,640.822188056635,634.04766156185,663.725561757007,562.444241122284,588.45554540648,623.066388608098,584.469585179379
529.981838424568,692.88261732489,634.255840920042,718.959266574903,670.828212710346,610.862626463274,573.84696978302,636.984403735861,640.700807112672,633.775771937919,663.530142413943,562.351253239269,588.045739195074,622.997603705139,584.326243144838
529.547033384388,692.754590622829,633.840347080783,719.039640101881,670.885285060717,610.805859000689,572.848278067657,636.903013638985,640.512282917606,633.497110425707,663.412457055419,562.26868251369,587.639316394177,622.9088027083,584.177131317001
529.109245795636,692.642675742078,633.420470068116,719.104631719849,670.931173438057,610.869205656522,571.814947526205,636.786656372517,640.287534619292,633.211360278124,663.328747235229,562.189913041368,587.234861805332,622.825963984738,584.009343659523
528.9120548442,692.538952246198,632.995005789809,719.141373653251,670.98011356271,610.945036565728,570.767844744788,636.663151450112,640.062486674964,632.873067802523,663.226864901558,562.064919779154,586.830320189105,622.752605566681,583.800338818989
528.771938266067,692.453631225945,632.499967236977,719.116076556376,671.01095088805,611.030934464585,569.786170866705,636.454507030377,639.846794606978,631.913468060151,663.037365991057,561.890971447856,586.423449009578,622.697495737281,583.628420718463
528.715855216598,692.369406711111,631.998653033941,719.070851062815,671.041377861251,611.152574822501,568.814767958244,636.173740141996,639.631392487153,631.512823331386,662.862875345371,561.685468695954,586.018095884793,622.688011367955,583.454394314796
528.791555358442,692.283530607904,631.566349603882,719.043586456522,671.053123767723,611.108752671655,567.868980165881,635.867714401607,639.437430983749,631.106106659844,662.647765035447,561.485388855826,585.601685560653,622.679544161463,583.238239657125
528.667261820228,692.257995520412,631.154500727027,719.025426169683,671.046724561438,610.956182748439,567.612127221934,635.479462069339,639.252457082141,630.698769687289,662.411501724637,561.301947267807,585.166931836677,622.695359006975,583.01670128878
528.487322930313,692.217751255836,630.718019306133,719.079761062485,671.010338926962,610.781997669067,567.357901653019,635.073332237458,639.087862245245,630.313514392288,662.144455734855,561.117321437276,584.701430359854,622.701235325444,582.798806613828
528.05569434739,692.154561353084,630.245254128112,719.134607941372,670.980181019355,610.653676033463,567.106086717952,634.311981324342,639.028830091484,629.897058689168,661.86346026748,560.938713464007,584.213250083655,622.696904371022,582.633158751375
527.51183599333,692.11000180714,629.755378054416,719.171206122268,670.957031837796,610.57489359267,566.801755502045,633.274590985638,638.942710875186,629.487889147244,661.571178798218,560.77179634236,583.697975551206,622.68379129847,582.468555028267
526.882701987496,692.054946837083,629.215136767139,719.209671197408,670.934809465622,610.506780097019,566.496325410594,632.297705589001,638.83787868216,629.075262718494,661.298007720463,560.638246639333,583.126915602313,622.731453021128,582.314723216447
526.103942434861,691.989359104697,628.625359669849,719.251645106469,670.884106582685,610.439488633053,566.07399886353,631.199576518492,638.73491627087,628.667116921864,661.037320148138,560.516002417888,582.514190837174,622.792836364779,582.194256914568
525.292409002024,691.917797601339,628.049190240776,719.317040601074,670.840123965445,610.379577733658,565.740437157045,630.111611706454,638.62562491785,628.270271986506,659.879322270965,560.450103906438,581.885590853553,622.815267690851,582.068654459065
524.460871396743,691.84238319981,627.514230799381,719.393000118434,670.794835875091,610.327960333477,565.344043844491,629.093183783504,638.39772867476,627.881129074279,659.495204010483,560.390114877674,581.235527670618,622.829462478535,581.942062239873
523.542216828844,691.744739032093,626.995459656762,719.49252535436,670.776190463149,610.289246863898,564.908187206099,628.465284943819,638.157142264997,627.510881189512,659.12795792537,560.317813898602,580.571653980209,622.835451755817,581.782971850493
522.603218110751,691.63891570229,626.467890463846,719.572547842359,670.737115268335,610.26447485864,564.649768610468,628.253179637377,637.916301231412,627.146419031619,658.702717878098,560.247995814884,579.889606299946,622.833820730249,581.585453082752
521.319575425069,691.542149061376,626.019949226484,719.632062214897,670.730711924478,610.281583674509,564.391763356504,628.022305271951,637.684001760523,626.83125442195,658.237647858307,560.176979866276,579.192927224319,622.836728277787,581.397552882115
519.394854095712,691.442904507672,625.564497533919,719.697869989319,670.739396652711,610.288940795741,564.150099299537,627.78604932025,637.456493961554,626.557654776114,657.600653611968,560.116086586717,578.479964113917,622.824703550116,581.204763435252
516.483657953713,691.339224778298,625.129318468131,719.759764622059,670.755416735316,610.200732447841,563.855737023019,627.494183695042,637.239875742306,626.300161377791,656.696906706002,560.050940361172,577.754445840581,622.805778794569,581.016693392423
512.568028386829,691.306608164128,624.790764662404,719.863989621561,670.706101920545,610.079569377526,563.571037888806,627.172679388068,636.998920988121,626.054260020616,655.739885511289,559.99989439293,586.040503957059,622.780367064983,580.832999686567
529.097590948456,691.258488696926,624.439545165461,719.999245413237,670.583496979747,609.983126525421,563.358045615155,626.835328632958,636.768623911664,625.824970189117,654.682946144621,559.932674177793,585.636137363227,622.76358189404,580.678846838068
528.729252677269,691.246707824226,624.123862029831,720.096381795422,670.450932492165,609.861181191946,563.130072441094,626.437704519515,636.585834126273,625.611692771824,653.533080545235,559.8706626301,585.25135029251,622.745448629899,580.523750551799
528.363066200194,691.204407835884,623.815002349593,720.198495063919,670.347977425934,609.729285139973,562.885188597657,626.076521642461,636.408789961721,625.431980972175,652.309369759202,559.790167261166,584.885589604476,622.721690541793,580.367928267814
527.996134287052,691.153194077525,623.48689224355,720.260228827862,670.339685498677,609.616798408779,562.622025044372,625.660157687779,636.179410343467,625.242164609817,651.034859519437,559.707241463503,584.52135341695,622.68938749169,580.212844748084
527.622046554219,691.010061489487,623.138502499606,720.326465254454,670.354500514189,609.491220894401,562.365053494992,625.305616009689,636.074560985923,625.079326914026,649.794724663157,559.679538794301,584.162635346795,622.655089405392,580.073364506844
527.251328525358,690.862603849474,622.745888241652,720.391182578559,670.384210130763,609.326637932616,562.081421177063,624.982147283307,636.011294417647,624.915133569272,648.575159909623,559.662788247916,583.784833010096,622.57089331591,579.918313036732
526.898761670479,690.707878079182,622.198006927951,720.405452693597,670.419574260162,609.149652564264,561.765149035695,624.649519062898,636.008785650366,624.722850967967,647.31232621475,559.645198927081,583.41519125386,622.48733850083,579.751976844043
526.58381731527,690.564692411648,621.620677959091,720.440200525159,670.451052531257,608.95100191715,561.410077913815,624.685666226218,636.08050733189,624.548764664517,646.075824759688,559.617192786991,583.052540140058,622.387440664577,579.560685352989
526.372356748415,690.425771847052,621.018450613372,720.438545800521,670.471792751458,608.724756470477,560.891690292627,624.856516742471,636.210203640282,624.351516575635,644.778454620935,559.560573467305,582.696281543975,622.276271040488,579.358739583853
526.286161744864,690.280018642934,620.330378143051,720.439843238593,670.479256772451,608.489899979356,560.282828016879,624.951805211327,636.355422672504,624.185045703849,643.509235247566,559.466989081415,582.346086875375,622.176270954244,579.148854970779
526.043228508585,690.138557828759,619.587642407799,720.458679988523,670.473972973164,608.226998314974,559.636221136622,624.991316311044,636.487451291087,624.020846733846,642.152738522814,559.370090051156,582.001495110805,622.069116406782,578.923301144944
525.86254029684,690.009238665619,618.804558747594,720.468239725636,670.436014687292,607.954347447465,558.944881000362,625.037916898782,636.533677549754,623.85130309497,640.790466649408,559.256172407059,581.590191384069,621.95819515519,578.718969157723
525.708809039454,689.929501562671,617.989063344805,720.460266386899,670.26921089358,607.675026479086,558.20088734005,625.104231780395,636.556536242019,623.685175397962,640.443164583612,559.168576001028,581.158538624446,621.860786655173,578.484707410303
525.553365123718,689.873228616218,617.140435670851,720.406751705834,670.067013311192,607.394875261517,557.394162302238,625.108991766716,636.623277319622,623.504653993275,640.215881466309,559.079414258485,580.723031026731,621.750106290196,578.244593508482
525.381924539762,689.807315076479,616.410862387884,720.253869976731,669.838071453129,607.132706232513,556.813556951918,625.035518229606,636.686374204571,623.391644236333,640.032682133683,558.977212224281,580.288500860372,621.64254647704,577.994032539919
525.25931193964,689.762364566766,615.637481188395,720.09523429417,669.590589451417,606.938338272984,556.105327360148,624.611095184597,636.629631469118,623.242723662363,639.861865649212,558.862373130206,579.842480070995,621.553577507627,577.731109603675
525.142058606973,689.692808775462,614.743288835828,719.922209288398,669.317197616713,606.828923523855,555.218389737715,624.126106085406,636.654805183785,623.071744514064,639.689255773186,558.741213623329,579.397034188541,621.481691086714,577.481946812114
524.947272031014,689.6282112243,613.762767727816,719.727792685778,669.028363577665,606.747261388726,554.957837333833,623.614865124909,636.712257567281,622.888062661209,639.504636544231,558.593893614926,578.955021513567,621.397885423055,577.233327385176
524.770837919979,689.56979780565,612.71162428811,719.44421569258,668.741927157795,606.703081685748,554.716583241502,623.106548165706,636.857130458157,622.690862949349,639.300705663098,558.425705018864,578.521300021407,621.300700768385,576.989141291613
524.606803527945,689.506411802647,611.893168347933,719.145896327045,668.510801559751,606.698444720891,554.491919030978,622.561622962859,637.023305433806,622.47246876561,639.073376237849,558.271643222443,578.095910810304,621.211786844126,576.747291864087
524.455471115062,689.408036529033,611.064923314143,718.828352086569,668.283153911094,606.717762082311,554.278487297694,621.871713088649,637.230176036184,622.244837463106,638.770029765286,558.084978342921,577.677124782331,621.107686386004,576.505820596976
524.438844808889,689.29863157292,610.197426903414,718.431110238817,668.059633382926,606.756837656733,553.999518710186,620.925761246593,637.462964251945,622.039037074978,638.359262043177,557.884064315459,577.24994847569,620.948800246308,576.272773194413
524.339899972007,689.197476386352,609.29138792105,717.98431699558,667.839401955772,606.84495706032,553.684846506993,619.931963225589,637.713194824778,621.846239290764,637.886801090094,557.682312744128,576.822582062112,620.782439704946,576.038614257047
524.125356604585,689.063995032516,608.330048845165,717.527807357184,667.622259371238,606.959722746536,553.274649613993,619.144531580512,637.971781670763,621.662191491678,637.235958318214,557.469010728581,576.395913655558,620.616906623632,575.817594071818
523.840013250315,688.944790604432,607.416984591245,717.045210393367,667.408712879825,607.091522574518,552.875326178791,618.513248912971,638.201146683898,621.43713217293,636.698432853806,557.248526503191,575.971806183336,620.451376629294,575.59853080024
523.492438442731,688.886598102651,606.618257050571,716.548997794766,667.201786827138,607.294090989057,552.53482136086,617.933606243673,638.441445382297,621.226403891494,637.069918425108,557.020845158475,575.552508026947,620.264827424026,575.386573656977
523.155178442325,688.824276462329,605.974353597818,715.979668493508,667.021288208005,607.454762526347,552.140646981529,617.226273621866,638.725559801493,621.030696434337,637.367939614478,556.790654801532,575.139920896293,620.136441825932,575.175150244978
522.868876176205,688.745628291008,605.309687760657,715.416277129562,666.859866695018,607.686258744562,551.461208660172,616.520871937083,639.009942070741,620.917332741699,637.551377499722,556.561790357982,574.735031017817,620.008954993947,574.927131806194
522.644256798359,688.69999305246,604.983609276133,714.940011902593,666.709081367643,607.916303622959,550.243571444856,615.78357294175,639.141747562991,620.827862176878,637.585163811732,556.339591191784,574.327658037374,619.879964837952,574.683932613454
522.397854102564,688.657846832138,604.666066844855,714.566938077535,666.571067108767,608.122537513149,548.99592598085,614.943678661001,639.235721723739,620.761417353827,637.519823188749,556.11022860625,573.901657610554,619.783313168165,574.443655768857
522.155595163574,688.575548371148,604.350744719802,714.194179675121,666.44484624783,608.325006456288,547.760352999918,614.071112057685,639.42630500136,620.716457648477,637.258106169788,555.865931181389,573.481237006673,619.693868172519,574.202106119845
521.892926801972,688.521879208258,604.043006626881,713.797461816329,666.393057193274,608.501679030681,547.576967980633,613.168042521996,639.625980695678,620.659170797479,636.792226562406,555.640424497668,573.06687033091,619.588945517417,573.960962915751
521.624584007428,688.37507244795,604.001439544019,713.369974387579,666.352994151183,608.544305176686,547.367787407952,612.273316386921,639.834085547231,620.612472111267,636.154233278122,555.412678799142,572.658594811968,619.453894840075,573.71319057762
521.29745373387,688.197104911267,603.971724311362,712.939762955288,666.318859371568,608.568088199988,547.15637183289,611.425450439599,640.002686598211,620.572773956019,635.335552057776,555.157418375794,572.255706885037,619.260977002178,573.44707081091
521.004335920544,688.013321413944,603.962313911931,712.500083580958,666.28484212686,608.588943522142,546.95744453473,610.57586482585,640.145195909779,620.530653121086,634.441500893199,554.894106913488,571.856383668982,619.072540396073,573.175648072845
520.669310199655,687.825605722064,603.966512873546,712.024373969154,666.202422529441,608.553393832284,546.758388898275,609.855491808499,640.278147524376,620.487950043262,633.416892791636,554.630506985636,571.457775422326,618.887776159393,572.894300022862
520.338550908995,687.63893814959,603.984920771454,711.569503540165,665.995808157609,608.513495855605,546.408898326385,609.315914729566,640.39699305476,620.408389393408,632.237409911882,554.37006081341,571.036202433248,618.704589837347,572.576938509927
519.916091900559,687.449119131569,604.010908188208,711.141627319967,665.788324224138,608.46972524272,546.298883700205,608.821018538831,640.421255431509,620.322336636351,632.037355907331,554.095526777383,570.527997187247,618.523833785352,572.234760100485
519.372447710236,687.198169200502,604.073361121535,710.718816423001,665.57487771254,608.326805290088,546.202490491382,608.556529168894,640.506800386533,620.241679794336,631.819850268231,553.798585464311,570.016544988759,618.343133593996,571.868104039512
518.722840809705,687.021234485613,604.194196727766,710.291395630335,665.367235674647,608.132675214959,546.121425134348,608.310752638626,640.589810557384,620.161793656695,631.63374393965,553.496012767235,569.498589648007,618.199904380985,571.462432168965
516.132162614071,686.842984250149,604.438955364468,709.923462772788,665.155460301069,607.897827597537,546.201680823625,607.933009704997,640.548164379742,620.077551246365,631.445770309834,553.203657458193,568.943080412025,618.055037507715,570.978564094751
515.232953641058,686.673386250812,604.905071018095,709.610224512624,664.851651394984,607.645893938738,546.29421435971,607.567338328198,640.342105742178,619.990286812416,631.315316299033,552.920335662444,568.361061300302,617.968318372504,570.454899273114
514.389043677846,686.524038257736,605.431984578722,709.356477943101,664.556384658638,607.385916371358,546.392955043635,607.226743268709,640.104228342486,619.895512867747,631.184435782586,552.628328049329,567.766884255922,617.880241587529,569.896824150027
513.5288085841,686.390006699731,606.028941483146,708.940170972669,664.273621671697,607.162970581899,546.620976947079,606.792956702816,639.882664928369,619.780510740921,631.013501627607,552.321313025578,567.159294194394,617.792286557835,569.327250080767
512.626729134344,686.24308185081,606.553822822393,708.437607278464,664.039749259535,606.929291385231,546.709580749423,606.368804205156,639.631052396958,619.652418889884,631.362609756437,552.00635479594,566.580214452154,617.733559032312,568.742708492231
512.185523412192,686.110653056802,607.096951048896,707.949347164915,663.8470209624,606.698418001105,546.750172795256,605.913293608994,639.384255383542,619.556081289185,631.196170406468,551.679381686344,565.989596453915,617.681320301824,576.599574558456
511.769320278889,685.956335246652,607.633364929693,707.468807103484,663.651218582131,606.506066333742,546.676707995689,605.503334568383,639.121000072791,619.453502663056,631.085377686506,551.33756577673,565.386377186234,617.611068558683,576.443997003779
511.372275822833,685.803071731389,608.274459800941,706.974926175744,663.449669900197,606.360256025038,546.569577752398,605.060627381942,638.853205827665,619.339581057157,630.91926455917,550.983414365987,564.774082102243,617.539553019037,576.282394207899
510.996417647124,685.651119675194,608.878610093313,706.440891494271,662.95759324842,606.185049402074,546.453978529973,604.592089555393,638.592591756232,619.238753207885,630.721659487397,550.619993677516,564.155849944486,617.457441789215,576.12223469099
510.639782804043,685.497732188518,609.362075539442,705.940735953061,662.431678708125,606.012611522583,546.307193561174,604.08448371027,638.368842572343,619.086955295236,630.822147309723,550.244757828502,563.533553531989,617.381193206287,575.956685741589
510.297310876256,685.400886331401,609.771385781014,705.468454907377,661.91309190673,605.86950690028,546.190578912604,603.588931277411,638.301428994977,618.932927613009,631.049585960767,549.85294258441,562.907630281298,617.303741548167,575.779841118108
509.961851817749,685.391825119432,610.145702950146,705.034018901275,661.40622188314,605.763725363268,546.050341900468,603.079760617582,638.218600475667,618.770553397208,631.264433067666,549.45698514436,562.277515121775,617.251319815566,575.594069872024
509.625539401392,685.386534093485,610.439649749549,704.639253339499,660.931267354485,605.706801285369,545.867206719507,602.310310693417,638.147773506219,618.604944937007,631.182864299896,549.06016195501,561.64267528007,617.187348919641,575.396408506441
509.051103622748,685.287097117932,610.673613095224,704.281783598217,660.454440272875,605.603164693501,545.649286367342,601.520445494373,638.09641075572,618.413875293583,631.10279148585,548.650888396757,561.003333733574,617.126214163176,575.211733597713
508.514249015587,685.199633150022,610.854499092921,703.952572163431,659.95154779957,605.476124908115,545.396085427969,600.743806019016,638.033478136723,618.20026657065,631.031817184562,548.235969435813,560.360594710928,617.079526686409,575.011119841668
508.003886100969,685.127481262587,611.00133121977,703.667235338525,659.461888474837,605.359252523494,545.097852441382,599.98056210439,638.013239274877,617.961943855472,630.845654642252,547.816591546302,559.716042927688,616.978080513724,574.786435614557
507.500889819861,685.030988999449,611.111510443705,703.391641938838,659.167161951418,605.256726703801,544.659193889233,599.320881683075,637.958652526122,617.630042019508,630.667591296563,547.372199325271,559.07092114217,616.825490482807,574.580668632341
507.04040640313,684.960767482999,611.273586388353,703.133291340959,658.849617079683,605.239107511701,544.026743852405,598.727310097799,637.877717438039,617.263045297999,630.527334677282,546.918035216349,558.441473784879,616.68827717495,574.394374563448
506.957571572493,684.889650390252,611.45469869631,702.919183038865,658.499313334584,605.207736243265,543.286936685945,598.194266062834,637.750208853386,616.887258697319,630.334215944398,546.46049106992,557.795377307506,616.541016928819,574.219986293731
506.915044843118,684.832066254413,611.665580572748,702.704408327092,658.126596513146,605.169218141711,542.495836394487,597.688019685042,637.646190032254,616.486340507311,630.211720534089,545.994628582772,557.147740939234,616.348865923402,574.074824742921
506.890474243979,684.757003245635,611.974903143033,702.574780333286,657.74975607438,605.08888399569,541.576882179103,597.202635609772,637.525745731964,616.056414305378,630.090904583123,545.516170379265,556.498216066777,616.151235593172,573.92780876793
506.791038304563,684.684506121926,612.0655612632,702.436552612768,657.36333162946,604.979376114515,540.656771378691,596.773619539905,637.27037131801,615.585407811354,630.018861719965,545.024639058979,555.847037418438,615.958434318508,573.781153632231
506.448763375102,684.656524327135,612.056509514273,702.292584844243,656.960169814291,604.788236841521,539.665308604417,612.642916792523,636.962714862869,615.100152972776,629.92274202746,544.516047125656,555.194689908423,615.776542870405,573.632810611759
506.112468568807,684.63031026689,612.091942483386,702.22682389808,656.566203450996,604.577038800653,538.663412150943,612.625402182929,636.651906233764,614.593721954215,629.734252799536,543.974947288138,554.541242778272,615.608764578319,573.483990634983
505.777444486787,684.598969908033,612.149925937635,702.193425025361,656.169634020078,604.409251391574,537.542262677043,612.586766685327,636.326642736132,614.098442943567,629.662283024494,543.41905602371,553.88592523393,615.457381837904,573.288060117666
505.340020366833,684.546121935133,612.22654164648,702.200379237486,655.81801689815,604.218079317013,536.539309789922,612.528792136155,632.887930358661,613.619754791611,629.50232611213,542.849184921824,553.227135166344,615.275409053152,573.057456088372
504.919099286051,684.467323642979,612.32264905294,702.207776042031,655.46304516921,604.028795915859,535.480384192834,612.188059214731,632.703153726526,613.140924464058,629.409799327828,542.268551157737,552.562997063358,615.161290272852,572.807404543679
504.512147035766,684.398117961846,612.445438321235,702.212553238631,655.114468597435,603.835350947815,534.51517330607,611.590741471639,632.620134680781,612.664945328543,629.234528403889,541.676301897965,551.892459581137,615.06835698659,572.540458796441
504.084322716675,684.339708095391,612.549738908227,702.191705997221,654.869857903579,603.637799910168,533.582412118609,611.196465997886,632.599952076164,612.191244412602,629.040058119563,541.074897825122,551.215923679129,614.97709309885,572.245435313342
503.629668159519,684.28000256483,612.342296425929,702.118263249485,654.876041575772,603.353193480004,532.767734031671,610.886388546669,632.616861467615,611.730617295511,628.815192129967,540.452509151298,550.534772488805,614.906223346703,571.961749849527
503.143572193019,684.225188360327,612.153766153491,701.933319039369,654.894884511345,603.076833863395,531.831590815603,610.647456951168,632.658859634876,611.263399684995,628.595850383988,539.822198677209,549.823120624476,614.854729500673,571.662567025295
502.498650061318,684.169750343226,612.108455443358,701.739314598539,654.935030116659,602.810054889134,530.930519860864,610.47333575601,632.706323713173,610.785203300217,628.417305888414,539.168239230578,549.107287745554,614.797412100236,571.355463668706
501.738800430526,684.125577050261,611.896985410357,701.612543777133,654.980190162244,602.575731881051,530.060045848624,610.355318667592,632.736989981064,610.307570720785,628.495799295926,538.522134901661,548.370803621564,614.737933238157,571.034765162717
500.97577471824,684.063663749986,611.668609491643,701.48321721865,655.054255777427,602.419714498324,529.217906146379,610.281774367739,632.792085908529,609.798503064482,629.092453003377,537.886365319145,547.616168162083,614.678443843215,570.721735016644
499.993288923291,683.989911343422,611.570411531397,701.299207498476,655.144413063497,602.280152832789,528.3856549576,610.238912156563,632.863516610561,609.279313345871,629.777784027288,537.262443995189,546.837568243836,614.620946245717,570.404217592874
499.014420460643,683.895029715267,611.335889202985,701.130377552461,655.232926689422,602.203594539813,527.452172930288,610.039644235318,632.763387722132,608.747377049807,630.443323150225,536.651100365403,546.025908558954,614.582964943306,570.097800136824
498.044063503271,683.782135113028,611.022345769654,700.948420231335,655.301086895958,602.09065082006,536.956804212909,609.98526486639,632.686618164044,608.214463968416,631.046171648959,536.052699618559,545.171007815806,614.567717101713,569.823762165217
497.082477697917,683.605516643,610.697578561049,700.747537252726,655.378634226191,602.04849231396,536.398275900596,609.802203865248,632.607221063651,607.721164619295,631.567643632576,535.467465428971,550.41266798744,614.536529923019,569.544416050907
496.138182670053,683.402054562117,610.3634709129,700.537584633629,655.446340231591,601.912735847753,535.97072258939,609.570602927144,632.687712011024,607.227225673083,632.052219257006,534.895800131226,549.836851920509,614.458735344638,569.243342536492
495.420333781032,683.172658263465,610.020006335918,700.307936444262,655.534582103893,601.773340924711,534.210178534913,609.303091921374,632.720025268397,606.803221504695,632.482094297808,534.318234083436,549.232764185894,614.375033278183,568.944135633205
494.753655936796,682.926410661101,609.683950456928,700.060306858965,655.63160820888,601.633055154621,533.890165891862,608.628991642289,632.75869571818,606.393939610104,632.65097861902,533.639984210949,548.632025183765,614.285592169288,568.656751963912
494.144521275334,682.672721047225,609.150535855358,699.791632866659,655.736746350721,601.510007548229,533.619931559301,607.864572597797,632.599357498353,605.971081156498,632.51911683923,532.954633003231,548.032229639993,614.190770214354,568.376381521305
493.33941314976,682.417192094029,608.501536795857,699.49991181458,655.873673962298,601.401213528547,533.31553230483,607.1798234233,632.416681624949,605.543538700491,632.448802770882,532.262883437644,547.43264686472,614.167298568434,568.079329270698
492.524263137297,682.164718700433,607.847618172201,699.251801980703,656.080041928472,601.307841251157,533.005376041121,606.497381683573,632.230514175911,605.136221688749,632.388784883433,531.565552301203,546.833980039253,614.118845954939,567.779130876493
491.435256280212,681.920362140314,607.465294343797,699.037046431863,656.417129382625,601.1561218904,532.673501685008,605.828230382449,632.006385554346,604.748165364982,632.464974717507,530.862954604524,546.236977845437,614.05924921555,567.48155944535
490.252071302012,681.689572543136,607.254920327567,698.815977940144,656.149569099528,600.983324443655,532.306183182409,605.206296042155,631.744793741321,604.361895521529,632.62310257993,530.154683913499,545.641106408519,613.960384033452,567.177000006959
489.098798140056,681.473542091853,607.016872111629,718.997566899247,655.64640097066,600.805340542354,531.893770390359,604.539254730611,631.466771342889,604.009690000408,632.762815945787,529.43987310721,545.043263764241,613.827276194955,566.852422175956
487.965739674841,681.296097825595,606.808813383135,719.063454696295,655.105583874005,600.619389832454,531.431988181378,603.90440698375,631.02613132636,603.687454855211,632.878793467657,528.717573989776,544.436575184413,613.692592534125,566.498081781313
486.879749336265,681.13270727009,606.418590243443,719.135767821011,654.520838657125,600.42284182395,530.922268774883,603.319499037914,630.47124499935,603.38091167845,632.850904397651,527.986836533004,543.810370889938,613.552214083052,566.126559298108
485.845174905265,680.972827645107,605.888394204948,719.185497564785,653.890649693718,600.249483118616,530.369729527624,602.52623215074,629.889626439503,603.101004718524,632.750132402586,527.246795539135,543.026251085888,613.407402160898,565.737376047992
484.985927519758,680.784917085343,605.336379113652,719.218530154727,653.216503864967,600.035609638754,529.567761264439,601.65785406108,629.293605712517,602.816608450521,632.645823566527,526.497322385093,542.137962788031,613.25941550945,565.324270978975
484.122902651219,680.595478174551,604.820670947018,719.240120243214,652.507019043839,599.740545778695,528.760175584586,600.786304457369,628.689504152845,602.604703760093,632.539462621781,525.721049940196,541.188342140378,613.049867933953,564.904091382973
483.280755886539,680.397416056583,604.259787246141,719.205015066728,651.761727872914,599.419508039608,527.951483273446,599.880226869395,628.085637056078,602.437242832218,632.404664240427,524.930349322981,540.173480831461,612.825960396081,564.510053139599
482.46334786146,680.181081698092,603.688450435263,719.16287545074,650.974986929082,599.088234782987,527.145461949281,598.6600470155,627.494235785484,602.317891363074,631.90649000245,524.141061430263,539.095737560294,612.612316630781,564.113126191822
481.671471702315,679.952487732133,603.126420123229,719.138212466912,650.170618366219,598.742893405127,526.341437681396,597.401031744136,626.818150784393,602.223078998822,631.443073601642,523.370254646845,537.963530324632,612.420225881055,563.729633013186
480.903173028454,679.707567048679,602.51358101088,719.147748561562,649.35202076849,598.349927040397,525.537904864106,596.210013407109,626.172697320414,602.14696745866,631.252706607813,522.594638544437,536.788889860834,612.287265738816,563.35529544334
480.155178624626,679.462145011828,601.814446865766,719.233347323195,648.52645474298,597.953368945607,524.731105900105,595.099480063075,625.541339458125,602.081991324599,631.117936313703,521.826470498171,535.584083274621,612.157936377824,563.002049921226
479.035229350225,679.199552228736,601.046728842751,719.300686846563,647.703803482809,597.559727781047,523.905542467881,593.904550806891,625.023616446344,602.012703352716,631.039312691532,521.067511203455,534.359193043417,612.060414055243,562.62773540761
477.914456180422,678.915719535909,600.230002998963,719.373127969925,646.846259833912,597.182202972401,523.105071049533,592.627616706109,624.529140808752,601.962488182208,631.002002805952,520.313097121657,533.120887404958,611.95103553782,562.253784803507
476.79601243876,678.619107235409,599.386625033087,719.456573842504,646.030614224089,596.825217013034,522.33600893914,591.277798143268,624.052447385664,601.916071013855,630.968834945108,519.563824624727,531.882313422526,611.859424028684,561.88181904947
475.679505820275,678.305774923336,598.676786610662,719.55295557631,645.209659513697,596.55491869702,521.603185813691,589.862903835653,623.587019293499,601.869276106001,630.838490309182,518.8104380456,530.69162989086,611.789945166668,561.505081214569
474.507487784485,677.967989251083,597.729481171661,719.642085233393,644.435435013571,596.301425140033,520.895279381149,588.249469171199,623.126242745514,601.821218591752,630.615234679833,518.058794522567,538.006597065478,611.741935403173,561.156367934294
473.423640850162,677.623612165265,596.745146839539,719.644889282124,643.68434191844,596.177461163788,519.942905172722,586.611878371256,622.66454334501,601.715242709939,630.381457189356,517.299924044749,537.236801357735,611.714152708694,560.814630377163
472.336132407467,677.264236495587,595.779960885856,719.657430593409,642.947962080574,596.095459247075,518.942762079036,584.974854416477,622.197866014623,601.594116882657,630.144455507799,516.5350227633,536.426516129366,611.700812527195,560.534077237236
471.209996913192,676.894932883442,594.927157360711,719.671434811588,642.177312771372,596.038719971548,517.9195504119,583.363830715665,621.723500908788,601.42562606438,629.863357364364,515.767684576907,535.566495612209,611.708063867873,560.254540949061
470.042042724354,676.506711417282,594.632779837299,719.68809806654,641.403751556428,595.967466177225,516.870719686367,581.803580226191,621.202967012663,601.244021946254,629.595650995269,515.000050025134,534.647011516759,611.727264721278,559.987543976955
468.844468151137,676.102522649294,594.452601376749,719.747692090115,640.614530031975,595.90472530425,515.784926696611,580.319747963572,620.647602045232,601.055973041164,629.48661312044,514.216662373542,536.838668055887,611.761271305554,559.741465827498
467.509444747545,675.690262732822,594.264100163024,719.932483384085,639.795546709809,595.851200610917,514.646761443079,579.014116441354,620.091242829722,600.863758223789,629.173366494263,528.682894842026,536.093322336353,611.846727307118,559.49360031314
466.162058337393,675.243876236541,594.054227944826,720.121554983632,638.933480076635,595.844199280787,513.439361964982,577.830696598759,619.451656841337,600.661159334773,628.864598143466,527.997405408835,535.293961870733,611.935642659255,559.230204055749
464.806196680143,674.802634651788,593.852531194866,720.185090868589,638.016005643398,595.807372868029,512.134866382408,576.811111888983,618.765999436146,600.449278641321,628.795925780558,527.298883521467,534.442848002823,611.984849526031,558.929341175398
463.65743839902,674.362983501201,593.626807550245,720.214845004772,637.132411805551,595.754022272279,510.734218527167,575.86104923908,617.987783857685,600.181160924207,628.658214038315,526.590498276789,533.544242000478,612.040730055523,558.62969583916
462.484184606486,673.975663636876,593.401360952764,720.231445767307,636.459314901929,595.675079440145,509.234850075503,575.040177882526,617.28565097593,599.904362043569,628.474959923064,525.860600879058,532.604831705924,612.09934436426,558.331996236916
461.28161729487,673.585232410158,593.176906452228,720.25083371351,635.787340248003,595.559456113886,507.639127895299,574.350478458782,616.616518309319,599.608545180967,628.305343886435,525.035441522467,531.70634449386,612.129074510596,558.03694997154
460.056019259976,673.212775654055,593.411869307309,720.218831368092,635.115799251818,595.453563075039,505.951566390058,573.70139484846,616.044568009975,599.317742873311,628.134649185436,524.107507786216,530.785321589587,612.146336824476,557.745158134249
458.789410250091,672.886855266504,593.691585712429,720.201937477631,634.445442224708,595.38168176805,504.174612106,573.084732298,615.511031040031,599.005641922196,627.954530615267,523.173784676036,529.847131397812,612.148440276015,557.443697349971
457.456106463447,672.546549249897,593.950015247566,720.161040394016,633.777836373602,595.306043419396,502.304448263023,572.63758450663,614.975603924439,598.668621156786,627.783725842794,522.239163485402,528.82635777097,612.132797276255,557.150229070541
455.938589898339,672.194559795146,594.166944466943,720.082059491087,633.08473294324,595.226135980639,500.330681098708,572.167147057454,614.438617453106,598.326475669747,627.523400842094,521.288466033944,527.802794138724,612.097285260773,556.877238904543
454.372253204855,671.834091366845,594.654099485337,720.051195240228,632.351926588485,595.043164426998,498.241258801875,571.720313210473,613.91547616582,597.977358562766,627.210386477974,520.343329900134,526.78087819037,612.039988872714,556.620825186231
452.747511237535,671.465804306294,595.002461839206,720.02280279091,631.615857822872,594.810167908204,496.030068050347,571.338981604624,613.375398818195,597.611881647409,626.917548970736,519.407312883801,525.763156486849,611.930019960095,556.359659441464
451.046496250418,671.063544295716,595.100396863658,720.018136890911,630.88009824006,594.587718771576,493.701532629951,585.995379416871,612.852422312612,597.234425985404,626.571039192981,518.484560040406,524.750621621501,611.824682680303,556.089591264208
449.24029471955,670.677724031679,594.613333155339,720.03062101964,630.13533860037,594.321537261097,496.655823120118,585.469243804746,612.329960234021,596.878594625862,626.181918502801,517.569369322852,523.669136193972,611.715620613727,555.794463038268
447.302395582837,670.285508202793,594.124501555019,720.044945115899,629.322760907316,594.013896019316,494.380973279496,585.059380899862,611.831272686576,596.472448164367,625.463653218535,516.677354511741,522.545740382772,611.611384743671,555.448291604777
445.50551446801,669.913902316292,593.640470888583,719.961947397822,628.389325773432,593.672713759914,492.006645796103,584.609008358473,611.259222218761,596.132651932865,624.772364129925,515.802492189866,521.411436813533,611.509393738906,555.083030089063
443.647186944744,669.625163775262,593.132686343122,719.939667091921,627.537905131497,593.325034781911,489.561542123766,584.038875570771,610.653675867376,595.807919605243,623.819145906575,514.950441091543,520.260592388823,611.40342324946,554.696858060771
441.715769390632,669.347451586132,592.597016659438,719.92436387017,626.838591964691,592.914410422212,487.069083734555,583.225264488203,610.009642026249,595.477002074911,622.829485804732,514.108401645283,519.086953492435,611.24350112391,554.300081463296
439.705895720277,669.03099967579,592.042763752578,719.911261337419,626.146973762221,592.47753897579,484.545954245253,582.241122724763,609.364086396721,595.133052464818,621.858312448276,513.275224229812,517.884524001418,611.08065244392,553.888800367648
437.341135100864,668.744922117409,591.471871199295,719.9543738554,625.464885627161,592.020671896778,482.003081078646,581.218227493764,608.699462436078,594.764878272534,620.973146834444,512.438551351191,516.648817239317,610.904177097627,553.478800116325
434.899193257354,668.45746952738,590.890040391629,720.010685253759,624.794503678877,591.635248089872,489.888704114701,580.372030813043,608.040529144447,594.353902162281,620.206818071956,511.604870018805,515.370729514071,610.749385251286,553.070187239341
432.428479094206,668.201386922811,590.282434612085,720.079447196616,624.1351666477,591.329768789432,487.416231611494,579.528574894498,607.329359291965,593.929660738833,619.405402147241,510.78499220422,513.988719061292,610.620134720005,552.694941538603
443.19526368238,667.954270423352,589.5253623637,720.12264823317,623.485986161658,591.008623852911,510.657710305704,578.548872026889,606.561848083018,593.491238486513,618.630761849046,509.988002842801,512.564241746429,610.536187017147,552.330618855103
441.769593047266,667.720235514883,588.686983050928,720.198816564678,622.840695245244,590.601541999376,509.16925893345,577.55631926493,605.771009652729,593.021603096547,617.875515320368,509.044425489247,511.097566293153,610.462829423981,551.952344917033
440.29042947165,667.503907758426,587.573163353168,720.31957843822,622.191185669484,590.200189595623,507.634351691138,576.592469742598,604.965794551413,592.534404589201,617.290078407095,508.0673036487,509.588625985618,610.434979084803,551.571999641338
439.273979853565,667.29492981699,586.203461459707,720.437820796678,621.595957561247,589.708749922988,506.053525600122,575.712703010094,604.068906777419,592.058027743281,616.733296920391,507.075605126919,508.037119452339,610.423106713409,551.190689611505
456.096372333325,667.06205876909,584.774676900162,720.543728552567,621.004369551863,589.215313473178,504.428338894584,574.990221254124,603.131827230989,591.5466201526,616.17958839807,506.089371353859,506.443169717716,610.414739646073,550.810667760333
454.892454676008,666.719968919231,583.345762516328,720.618714705038,620.170142576925,588.709128679096,502.761666461689,574.525583067052,602.122378148084,591.045009150233,615.655007942598,514.1569028287,504.808256347338,610.40837245417,569.485381199751
453.620607809995,666.348454153659,581.925253819122,720.587994762039,619.091474398713,588.135681435112,501.057633526992,574.527326538573,601.059398797409,590.574687928558,615.130904243386,513.318493653191,503.13546896937,610.40159977048,569.247924978074
452.250498574967,665.96743163725,580.517235582563,720.609766160926,617.922666745739,587.528994967193,499.32206592485,575.171717929932,599.932478405848,590.144309108383,614.605070450824,512.466192399507,501.42877020231,610.360740443865,568.99971125715
450.851529918799,665.56005034581,579.123634737947,720.643904996612,616.670762486386,586.986081992102,497.561875497309,576.606211244088,598.729165082908,589.677531652034,614.017362404905,511.604880754967,499.692381828523,610.276564014821,568.751450792532
449.41130478715,665.114680067438,577.743951964278,720.654022457978,615.318287364974,586.425040626359,495.784938935983,579.223957635337,597.436696434213,589.21075858495,613.378459304781,510.744004897608,497.930333299415,610.162670270475,568.503338518293
447.812588571235,664.637060636466,576.374195668938,720.658826452882,613.832847604697,601.181725157575,493.999875786564,582.829157769852,596.081601240692,588.627671213847,624.933975486224,509.889276233952,496.145722353039,610.050823192731,568.273590065382
446.238086589675,664.140193080503,575.007596282354,720.66111694525,612.269412977779,600.785901845956,492.2147447554,586.499494248913,594.605983397534,587.993970770358,624.636076482483,509.04194871483,494.339544684684,609.928834020488,568.090325375263
444.696817955869,663.638742205706,573.637578952527,720.662440924467,610.615887824917,600.392341110188,490.435522824355,589.513098767733,602.461623053188,587.352301239803,624.267081397642,508.19627418114,492.511342136014,609.833229524859,567.922477948327
443.194537853889,663.135831533257,572.027315906012,720.665158772303,608.84766017985,600.009914927317,488.822732318543,591.644834854939,601.470702969654,586.704763668199,623.836025617386,507.343058361572,490.660065294463,609.760326389442,567.783276535675
441.734605691165,662.632294566257,570.644900485396,720.671852409293,606.968361962851,599.583676834868,487.195895897675,592.971719111649,600.438774080341,585.984545498331,623.432491804459,506.490652984506,488.783283061935,609.717570112493,567.656950214032
440.312440848903,662.128188213258,569.260144202177,720.720992712468,605.018134867863,599.174136140419,485.550922490719,593.540274893047,599.362922391819,585.251156453723,623.005162570892,505.615858444509,484.434432777285,609.648946728609,567.509390780504
438.915328248022,661.62328724993,567.877895669186,720.747167186558,602.963709243504,598.796861237114,483.741249212899,593.427052916846,586.167822864945,584.520960203167,622.535182922368,504.7081437259,482.413428517338,609.58242521786,567.336945857275
431.801016811522,661.117389387097,566.580090618684,720.773678911548,600.850856117835,598.429420620754,481.623233212195,592.274375955532,585.204069175289,583.772755952033,622.03507601534,503.789172765331,480.392761451038,609.527959012513,567.165610207314
430.268019276755,660.607930198192,565.284753606881,720.809633891109,598.65264726894,598.078526118597,479.472309347358,591.030401956364,584.193366695211,582.934738242546,621.704334334886,502.853008096553,478.36835079008,609.485852257955,566.963799629527
427.052509390786,660.063407180729,563.991076025376,720.851303775539,596.345769545423,597.741418990086,477.306171648775,589.69107248464,583.127056149567,582.097288272151,621.226277308499,501.893494742029,476.335343806726,609.457247567652,566.759194505337
420.286980814266,659.52640885296,562.708187647094,720.931844797952,594.612711861426,597.407226351246,475.140202467326,588.289377224212,581.994209841293,581.259629044882,620.699902011684,500.901615683598,474.291512453268,609.418078830194,566.552219269493
407.639165492157,658.97950641791,561.428547406941,721.023473593759,592.762553030951,597.045676394907,503.840943008569,586.637229239709,580.782615929615,580.416759694476,620.177336483655,499.877718804211,535.768460271449,609.405996453429,566.338675821925
401.192027902631,658.416120780938,560.232051318443,721.190173700062,590.800614885703,596.666049473322,502.00943037703,584.678746347565,579.529468170863,579.555604212961,619.556243108547,498.826004920582,534.804268009698,609.391207139161,566.085026768814
398.195687924201,657.849076982788,559.125727117795,721.344986740556,588.736298658443,596.268999781585,500.175542532249,582.610333130283,578.158723000146,578.716756365484,618.934743217588,497.754884077881,533.816961633429,609.37331342128,565.838550495502
395.901754585942,657.282034834746,558.054452736051,721.480116359235,602.581740147661,595.845483987983,498.341816111861,580.63747736021,576.678345255176,577.927271709702,618.316504919962,496.688770640743,532.803505091345,609.353447770262,565.623860255934
394.988484886984,656.719748964788,556.996359436402,721.576429297286,601.021490379867,595.391213164064,496.513866234447,599.172091937662,575.143565870316,577.335840988698,617.69404641803,495.647735967708,531.761190834251,609.355540918977,565.410624426762
394.107085438678,656.168654192311,556.148283670384,721.586176449451,599.336064894661,594.909895131401,494.704862009593,598.490551762931,573.59316533306,576.769152576586,617.002300322712,494.620421471679,530.686762464894,609.397012137587,565.198238739027
