512.369443889735,470.851628631071,676.761967970995,455.270317477,515.557389624677,506.684257734347,434.288363023411,588.365501527055,538.355825319485,632.228588069716,569.19068759676,472.432200929794,571.126617093263,490.233286400658,496.583853533689
513.323476558356,473.236932857717,674.894351704899,456.232894594792,516.928238961072,509.055350326447,434.864187229385,590.176925250324,538.946019250401,632.445267922508,569.463261912746,473.358999116837,568.999810863338,491.761049563086,495.043659169333
513.190757790079,474.98275999257,672.578966493516,457.365291604321,518.707805603675,511.695326514271,436.069521501629,591.496559199519,539.505570982346,632.262372339002,569.752527020191,474.1761852588,555.472718948547,493.334994135212,491.071388431721
511.240985319208,477.388623180449,671.314240632699,458.67501641455,521.587261090145,515.142986121837,437.454529023527,592.310530073327,540.016630749332,632.049651612627,569.765382574882,475.389624497865,552.829018176014,495.092515718697,488.326661948231
511.391212320747,479.405676580665,671.537122673939,460.125085810205,523.729764626021,518.866636517049,438.955668904433,593.041327706198,540.680334544762,631.905259141493,569.741236158227,476.491670352464,550.518127495369,496.970301793807,486.360747694778
512.223716070169,481.035480800229,671.522492525723,461.709647049349,526.145658818113,521.75151335542,440.56209743011,593.239664488938,541.826384401086,631.757196030709,569.234550973472,477.462249021283,548.043746789445,498.795793245573,484.992122027235
452.874726636758,483.912390990239,671.296952272964,463.378727050023,528.902614235332,524.851309636061,442.225159445643,593.670733952168,540.681627496775,631.785740647357,568.72307236022,478.322923774614,545.751166810458,500.652183857178,483.488567637342
455.326665578749,485.324231568266,670.339656228052,465.134168008447,532.283966330856,526.995842320027,443.65660147623,594.558655358545,541.176545851079,632.005299335828,568.607578764148,478.985747975296,543.501662538863,502.829002740619,482.126227830996
456.745791544358,486.676539067339,668.783938003326,466.834513557005,536.225965577077,527.748427298714,445.129570785666,595.545616522622,540.606027389838,632.290209595271,568.838935730618,479.834604734218,540.794909762635,505.053074833776,481.068109780363
458.538463831503,489.09748771792,666.244189872441,468.836572645194,540.487152414844,527.858716663792,446.579909102923,596.734315578787,540.624323873712,632.682256259051,569.888815724311,480.814500765656,537.869596250873,507.394114841559,480.166749648926
458.749290140299,494.165066271172,663.099195906751,470.927104171,544.364063549492,528.590738445852,447.831850995635,598.46256729257,541.120102629103,633.210189709167,570.745886042488,481.805090791964,534.869580541831,509.783732175742,479.15714373739
458.943246849015,498.379696979164,660.442683602941,473.060161186059,547.419679329926,530.07937823739,448.872964576639,600.451496131657,541.878898712022,633.828205276537,571.886813559493,482.717545932724,533.247825287996,512.121625195996,478.119116255944
459.205100900991,501.961517577557,659.018891918961,475.209619334469,549.450029449475,532.021244285379,449.71896510613,602.798865954656,543.023510851574,633.865829642411,572.972330510704,483.710562723369,531.148086271803,514.427744089446,477.00514864296
458.488287099632,505.629136470585,656.699243040977,477.400339487247,550.984378372552,533.906586220338,450.56143707442,605.381991412667,544.363467958661,634.196980025854,573.726069363114,484.800847261395,528.979187380232,517.145525636316,475.691090580308
458.400071954772,509.427687070168,653.994955896788,479.642537513971,552.964571562387,536.285429267815,452.11031316194,607.761580237795,545.481103441904,634.543301514657,574.567229240399,486.136481140165,527.14194069469,519.846086272338,474.433510713928
458.774499209899,514.286746069983,651.406754757114,482.199177147415,556.750444359741,538.488150034805,453.325163029329,610.332054231831,546.460894982781,634.943384089502,575.288261646373,487.289578421253,525.345253946613,522.424036171673,473.215028430714
461.11381855726,518.828795152774,588.588729883681,485.047420444102,560.29598854797,540.529990387713,454.690716658206,612.978361791812,547.042974827318,635.343345639109,576.141344695758,488.453453423804,523.813912408759,525.000512405563,472.199088033593
464.30827210317,523.091452158015,588.439214698249,487.988758325237,563.720804519704,542.748323939341,456.363176726248,615.20591487332,547.327831967214,635.573371027309,576.817422029106,489.785578541215,522.555363923435,527.442760721568,472.243820509047
467.491686547087,527.016901278764,588.174935744175,491.075251373038,567.020183082498,544.836382283186,458.615673620537,617.231957704054,547.300697370942,635.820528381693,577.198007250714,491.114624314378,521.687349325123,529.753502598988,472.73709893022
471.303495785256,530.809584695708,587.617534972385,494.322679010652,569.946185672139,547.031709431859,460.813897598675,619.774132835173,548.858659531488,635.845524847955,577.830446676169,492.47484343526,521.087162425291,532.005739550382,473.260294557518
475.260247723672,534.418948134641,587.383427865728,497.75758855948,572.683322861693,548.88720089658,462.912743481368,622.735148070039,549.147114235259,635.892712832142,578.69445103672,493.650042766056,520.513494449692,534.177225438207,474.563502028485
478.880096467863,537.952167956827,587.792736246536,501.27329520615,575.34029275596,550.409250923801,465.026698370658,625.848446097426,549.430030376326,635.600062497493,579.377394269425,494.60214224607,520.686665030772,536.34952992812,476.058499439702
482.77474396776,541.364244659251,588.135262094207,505.116871091361,577.798667963693,551.942840247572,467.214669903543,628.274489681064,550.024365991517,635.422897672018,580.417205666218,495.5441420552,521.461864870766,538.441840675285,477.678898526469
486.686336134407,544.678308309304,589.349847200354,508.991314802399,579.805906685297,553.4383035339,469.508358005946,630.913693553397,552.175181824464,635.242844392886,582.300225866104,496.536830925084,522.980022884945,540.396213867719,479.601101492903
490.332353411389,547.896907519195,587.748597299032,512.87759991789,581.626963816859,555.056166061574,471.922605380065,633.642072528831,554.285150319966,635.538335402775,584.339828926795,497.594094313525,525.386829678496,542.356618535407,481.495919507562
493.327017440916,551.024992925124,589.385118272903,516.775602320198,583.42640327165,556.804032330747,474.454816526814,636.132202098984,556.537029709618,635.731330011287,586.505024274764,498.930700955517,527.895700141114,544.203593748804,483.331080672375
496.295399818467,554.078638327249,591.030964673782,520.644425491007,585.242879458418,558.671085635687,477.071441331363,638.428778239518,558.708863898174,635.731988141204,588.431753527441,500.503453553554,530.512248695671,545.994950765947,484.995057230748
499.006256025426,557.444670687894,593.241136793427,524.534196722532,586.989586114024,560.486843946847,479.696761215134,640.582900890285,560.933278767272,635.846011290943,590.391982887211,502.01838799913,533.169054558502,547.728480129778,486.72161117818
501.961955803879,560.740049477302,595.278360603734,528.998728931656,588.85115330891,562.241994465068,482.106137620604,642.553564606136,563.070567783796,635.975506141957,592.357449879791,503.489752137124,535.836717518191,549.454854952619,488.4327661247
504.55595731447,563.986527763234,598.006328236373,533.504148830072,590.78782295699,563.883245490505,484.487849475985,644.489875489021,565.198588204614,636.424985725659,594.302419789188,504.905565386964,538.493412080661,551.175084387178,490.074470326748
507.090325701459,567.181774573861,600.804902837051,538.02394221374,592.832636057838,565.33124905203,487.041888888799,646.359867886998,567.240585617944,636.778233087828,596.638876948722,506.076062407829,541.087215069562,552.886356237548,491.620680411022
509.418551383856,570.327418833346,603.204222734148,542.531563677248,594.665404518035,566.564506167057,489.571731768485,648.54757505929,569.16077304976,637.318159822492,598.154052587742,507.164396676816,543.70814232496,554.543122329395,493.260940453649
511.618451143334,573.408415397577,605.425190963032,547.000722663914,596.31703640988,567.598106379366,492.061417630255,650.333195288038,571.024596907821,637.950555029546,599.410935101607,508.21155674666,546.064546867608,556.19117951897,494.990243052158
513.612956729846,576.423507243592,607.61879564071,551.403557591351,598.021271428035,568.245720166203,494.461978518393,652.905228962767,572.837569626065,638.281092606286,600.427537449722,509.253066938296,548.461573086176,557.838587895573,496.680213984872
515.54738212269,579.415921283184,609.700908447397,555.740080663218,599.775417586324,568.683324301801,496.838671840459,654.648116615072,574.600240720518,638.51987951713,601.235237477837,510.074301997016,550.995919713126,559.497416390146,498.307516079809
517.448417974144,582.392752832797,611.413111731673,559.9280870063,601.543868781733,569.373600377863,499.131880212126,656.05800376459,576.540567711213,639.035363918179,602.05945714238,510.995493129069,553.580623722474,561.177708095073,499.944615205725
519.319786598574,585.368860032088,612.281473359692,563.94458628379,603.450192108183,569.851007999009,501.343074883541,657.521391039304,578.454779626971,639.195247538984,602.935353817388,511.84828644391,555.782008869529,562.832018265957,501.792608348817
520.257181067427,588.310981691608,614.338633605581,567.76668529595,605.343448693337,570.284488068404,503.498755258029,659.071099608985,580.313297244603,639.007711664139,604.479711998556,512.704238758595,558.00011910967,564.475718401266,503.65802443841
521.231239074245,591.257458611679,616.443933580401,571.373933261482,601.958469121671,570.989904531131,505.594211770854,660.525570328282,582.128495267078,638.738162556721,605.118927185403,513.554827609794,560.166664329529,566.048102572821,505.519839811439
522.002333159164,594.217625314122,618.029430447043,574.759752114247,603.515461632336,571.785760321253,507.699086919508,661.532160398538,583.91242469979,638.239317796465,605.397545158076,514.404529728803,562.281871093491,567.594399301324,507.354236593356
522.576299853416,597.189853075059,619.85368206562,577.892074247598,604.999389303242,572.90349335063,509.758193530944,662.317874721702,585.631350066939,637.385225330723,606.249916725292,515.042120167799,564.294534805033,569.120959942059,509.12946866195
520.989787783597,600.169491450948,621.847497052516,580.722103630899,606.285494170264,574.22314711253,511.840013363214,662.968441058417,587.333356526775,636.062410520656,607.034830704368,515.574105960432,566.252379947898,570.634345453802,510.819429386631
521.269612661626,603.150101087501,623.771882421029,583.332107719419,607.484446302468,575.465298305663,513.906652556822,663.294589060974,588.954052621469,635.511965275799,607.466083714776,516.069816455538,568.14029893995,572.072321467293,512.385672481634
521.499023376318,606.123937257034,625.439317154935,585.76887148489,608.719477301696,576.643419521664,515.937305268254,663.384396251221,590.615037582105,635.313872115384,608.304134728598,516.632297313688,569.980690222894,573.477859137158,513.872258534804
521.627358549966,609.082458497412,626.821858149395,588.054135264684,609.824239368006,577.828405228487,517.84713519034,663.136503297822,592.307508560475,636.448655015688,608.965456982531,517.497346883898,571.773834698517,574.859246959698,515.20220166181
521.610802299407,612.016599820417,628.035829244009,590.206640064846,610.87321518296,579.126781532977,519.583852668912,663.047122764575,594.023281996805,637.434571081839,609.607906128665,518.224938996206,573.400799763796,576.203363972564,516.393097261429
521.564508095895,614.917788977765,629.124967298581,592.241402683096,611.982823051039,580.288287703737,521.334074286997,662.393638842774,595.737995152506,637.946903167117,610.211859698938,518.974825933785,574.704674077399,577.529681387868,517.408616876663
521.513459208943,617.772244912425,630.193274904273,594.169327881198,613.133160341103,581.506643055548,522.947643175038,661.743580068954,597.472390263627,638.218172926519,610.593035712431,519.926926034169,575.824544706221,578.789963583161,518.287141122417
521.393547942321,620.558267029801,631.249024580869,595.997378938487,614.191274680786,582.674282444102,524.569940059416,660.687702852636,599.221582337653,638.535011033806,610.822011531827,520.706002973751,576.796827916246,579.958560421515,519.388972928702
521.221363506895,623.265507872512,632.181579824969,597.728838885061,615.342256015821,583.823297838527,526.128679462371,658.799209443531,600.954547316295,638.939736416976,611.371891940427,521.537095458528,577.480479992243,581.108886286599,520.166802138841
521.09796870036,625.900899455105,633.227481069344,599.363167107622,616.479679860556,584.990509506012,527.622259778995,656.684338769887,602.668808298208,639.403658826873,611.901223117122,522.38638516302,578.163626502596,582.241024940283,521.072560050059
521.017732337402,628.470855358461,634.234308979269,600.878852658497,617.607747149835,586.144970498558,529.319412426464,654.442602196911,604.356136359971,639.933735584039,611.946776621736,523.170109915931,578.85015686877,583.355276318764,522.223895343654
520.98740174695,630.96739260613,635.212118821045,602.300986738763,618.729759319542,587.30231898396,530.707135279474,652.244589661317,605.852912422085,640.501686728666,612.085215317163,523.919912122842,579.129831144556,584.452224544344,523.692862422496
521.793736690394,633.391243099343,636.130040140772,603.637337894691,619.834793477111,588.910504694761,532.039517697055,650.048258030055,607.299357001358,642.245492317134,612.0328920816,524.619339859701,579.748679524571,585.544171152765,525.183888412625
522.493766862364,635.736833480375,637.049528271758,604.88722905703,620.91943614286,590.609559643883,533.327243339538,648.071611652088,608.8566286165,643.821772849329,611.191410119929,525.223077625022,580.364279375643,586.625576738982,526.693773404246
523.164285734621,638.015381162712,638.006969056349,606.064384445051,621.957200753871,592.405111854657,534.571217023664,645.846491590343,610.353725937774,645.232976597325,610.279469295154,525.778773638048,580.935060591784,587.660967969605,528.169147709767
523.847590208409,640.225735524125,638.922110672279,607.161377441417,622.974127900252,594.264404094237,535.772597522251,644.51041071726,611.789505670825,646.654905480752,609.223798861791,526.437313777192,581.356912742399,588.645922468656,529.585817801846
524.502725120241,642.367391777069,639.802396328955,608.192621384903,623.959544743797,596.162002654497,536.852916960866,643.60593475106,613.165422520135,647.819733193263,608.262922349749,527.138452936286,581.735428723478,589.616156651541,530.986643796828
525.159204354405,644.435834656064,637.324302513573,609.171144764681,624.904750994432,598.07458054046,537.888124774129,643.316841514749,614.485186089769,648.383028203756,607.38278991214,527.642010539116,582.022522995045,590.571085336184,532.364681542527
525.77712819706,646.430427462072,638.133775461442,610.099537493246,625.838254942953,599.96232146179,538.83165072272,643.192560167736,615.753658501522,648.74399849679,606.559554559582,528.123212218409,581.977166126707,591.510075620226,533.72357027189
526.463128961363,648.362795949471,639.038783150944,610.960482935238,626.929617950589,601.910705547603,539.709847759202,643.167062565592,616.95688028406,649.076066053339,606.301621852447,528.582337703003,581.856236980612,592.387998963448,535.066404657202
527.00264840555,650.236233172329,640.233123304032,611.783855667999,627.992161273323,603.719884400264,540.49910317611,643.218683348425,618.120762952298,649.297244417058,605.939845080036,529.068842626319,581.158004710615,593.231017315575,536.371084430237
527.53171764723,652.048563905394,641.239619961445,612.600804492081,629.050715491618,605.44536030056,541.303341278499,643.332891329133,619.252631523491,649.721314557336,605.490353902644,529.732863117407,580.331623882089,594.076169362852,537.660387480185
528.057289520123,653.806876447423,642.309141959226,613.389946158486,630.122928311374,606.993467472277,542.044589959968,643.515410130846,620.349026573419,650.174144657762,605.122885859437,530.465663506454,579.329170392489,594.893541115367,538.934617787628
528.50138640348,655.512814296328,643.492816471847,614.148611238071,631.189538639055,608.283161619362,543.163500716913,643.925874933517,621.439877170822,650.634688525155,605.364566617888,531.161320997518,578.212340450096,595.707148854842,540.166827155375
529.056728549171,657.150683803952,644.805749218749,614.909015454196,632.25995040262,609.477765272764,543.916532095746,644.368525429585,622.535922587178,651.088878481395,605.44496786423,531.837628301725,576.911533641259,596.503387385654,541.447341794041
530.028345871415,658.716086512654,646.160234233431,615.671151909352,633.340321023396,610.546378295668,544.683961800143,644.954555217538,623.644412436047,651.519182363399,604.981248126539,532.470075326139,575.523528211687,597.302331090293,542.764701494923
531.019907106617,660.231048933918,647.56327029402,616.447295140692,634.424901862634,611.491757508019,545.47309747708,645.48937372809,624.721715612742,651.943365916042,604.26616587228,533.165548309523,574.066903296538,598.074490342366,544.029167603544
532.068884268465,661.69539706742,646.47188455891,617.254567419593,635.491781550148,612.438213927012,546.245962390941,646.764089125841,625.76001380005,652.308228447698,603.382888706827,533.802352309636,573.177370074625,598.819778418136,545.387359486235
533.16403964398,663.108436800418,647.832341021805,618.089644521756,636.46704599119,613.343424380759,547.090410402522,648.195760797183,626.772790205761,652.567656304498,602.480721268201,534.406202485904,572.898532674267,599.588318626984,546.717919111842
534.26829505901,664.450272650777,649.192326446222,618.940424560618,637.558659594692,614.222960760838,547.889874080367,650.124669965667,627.757465889363,652.705521224144,602.360547752744,534.987508712452,572.68649989023,600.321906757376,548.057920058951
535.367297491575,665.739796057411,650.575180101245,619.811391117309,638.490626221795,615.128190333403,548.769956801107,651.82233636251,628.712332773437,652.683876482872,603.427477748101,535.509287263768,572.415290720059,601.046005030432,549.371740565828
536.396203496535,666.980154908333,651.994465946912,620.712260269175,639.496633587156,616.017763806877,549.559891289499,653.229626110322,629.644549814369,652.647314772776,604.608181811444,535.988516252415,571.752601265456,601.797402589321,550.66381291295
537.338212215481,668.159996486679,653.469582789618,621.641162502441,640.443920823164,616.817521215237,550.42688487919,654.556798523379,630.544293129648,652.615496847852,606.243908772903,536.45130103252,571.342791210827,602.567704255719,551.9052229138
538.176930933502,669.151289101519,654.919973730097,622.610890231232,641.261872493794,617.550786063264,551.293715452265,655.824535107246,631.445462242839,652.629032770609,607.734796994983,536.911376133744,571.131465299872,603.332809035325,553.116481857125
538.917355842332,670.107061478809,656.334251975186,623.613960626953,642.164149994899,618.136152112194,552.142179376335,657.038804310478,632.322236951496,652.744491823503,609.089385426209,537.37850741271,570.827657371121,604.097269513018,554.300959444398
539.480184621949,671.034024741097,657.671193442378,624.660182674029,642.991815860937,618.694118959612,552.960508728535,659.145494215388,633.170274753881,652.929957410579,610.364196621468,537.854470445087,570.411021433475,604.851696205859,555.475593106366
539.730616175147,671.923669594429,658.949910013357,625.742552527071,643.687008442088,619.23122783086,553.77500158716,660.496141269204,633.999632506123,653.158103546707,611.815081780128,538.302156368092,569.82952410608,605.553573417428,556.632120812912
540.038619444283,672.776234583111,660.167943223079,626.861186335254,644.333937458481,619.758384017673,554.544892238587,661.902010499038,634.811365409944,653.452156317069,613.244502783634,538.7590192952,569.084747230965,606.230533194234,557.741626684929
540.124302680534,673.562715727164,661.315529974942,628.030046642022,644.97945939929,620.197432124656,555.289695916211,663.2860510914,635.626661697451,653.784379505837,614.673365800993,539.288613570812,568.232044032461,606.897021516846,558.838956501541
540.121965940945,674.318942159378,662.342845609371,629.225696103634,645.56160332391,620.466093401582,556.007357117915,664.83670026916,636.407304556844,654.252101228263,616.135828715582,539.831874421184,568.474363028501,607.589103078527,559.937404650396
540.057853552818,675.05910136559,663.304135964503,630.447082459242,645.976142502904,620.661112625356,556.688108884677,666.168392084202,637.198012431794,654.736354094241,616.640175434908,540.341062009074,569.431337864393,608.267546981249,561.064094529745
539.915530880798,675.778795139139,664.097396172098,631.642294325674,646.125805412429,620.809030291292,557.34578439783,667.249645213801,637.991131314572,655.251584152533,617.835959955408,540.827693744625,570.374488733246,608.927532886554,562.197405866968
539.756710527937,676.478394633894,664.81319857251,632.828702765255,640.661488011962,620.970418154307,557.982283574907,668.638055090009,638.782683949728,655.375200069616,619.416243210683,541.28781324105,571.300167369045,609.574013017221,563.336415844602
539.618931405443,677.170575371956,665.454154353059,634.028598517228,640.22051197692,621.111969235736,558.594501063793,669.552244770608,639.592541278142,655.466627087275,621.017857035003,541.714594615708,572.207672886189,610.198050538554,564.479110233911
539.518508325924,677.864793773539,666.3828083761,635.240187390006,639.735645502128,621.279382021316,559.05428216842,670.273411219877,640.401037311512,655.64072552115,622.946254680326,542.124080923435,573.10021712149,610.806257409869,565.622322746775
539.806299637259,678.501233434645,667.298438187619,636.462128969116,639.229864208817,621.206198231843,559.48740652624,670.913931006948,641.243026212446,655.875626236205,624.894299549652,542.517535063479,574.309940803442,611.394266826798,566.76188641349
540.199881213749,679.15191355722,668.228797650484,637.694024496501,638.729299281272,621.356956923799,559.864068412064,671.839199082755,642.113997101733,656.183940195424,626.9143972319,542.895999511346,575.795094119074,611.950484604693,567.893001987563
540.519479123492,679.799650346974,667.861700828086,638.9365120481,638.357849662245,621.500416489608,560.294720220908,672.912605886691,642.968693632863,656.579830044681,628.963073317938,543.261482316271,577.335228256032,612.483333127956,569.003386723829
540.808609261769,680.448835870927,668.699888086314,640.190652052434,638.221241856533,621.575534722302,560.640623410382,673.989145327127,643.828210867435,657.029427702641,630.99396063661,543.611959552919,578.881094533853,613.017801915701,570.08275182366
541.137564871559,681.09451807995,669.498004193325,641.457759513813,638.083742570205,621.673560822848,560.978381607223,675.179991310046,644.688157532492,657.500470407583,632.992713946872,543.947960393685,580.455088859416,613.540497641142,571.141358264094
541.386517544238,681.722640228562,670.246876789674,642.739517180235,637.967278427162,621.798337892574,561.458407507419,676.249737300342,645.543849964825,657.9738500102,634.956368336654,544.267788762133,582.047917802979,614.033597438907,572.154180535536
541.576992561597,682.314033431619,670.95856014715,644.038147279898,638.419674953406,622.056241975832,562.10608422145,677.247127750143,646.390620475312,658.448331506919,636.809049534243,544.563191498077,583.826867102162,614.514099711616,573.129803236234
541.727295667322,682.875575737882,671.644778447465,645.348009057184,638.881380619761,622.258737947566,562.705559912293,678.095150685851,647.188253590247,658.906675583492,638.502807656095,544.863786749129,586.438542491322,614.984674415524,574.07514482044
541.841923076414,683.41900890484,672.288888419182,646.673531660119,639.323798017841,622.387808533657,563.263412779219,678.457907908064,647.958651294412,659.303333293281,639.936204373625,545.156359002079,588.824452965236,615.446128270156,574.99008148267
541.968164691309,683.969118447261,672.886953357788,648.020042489438,639.724716535881,622.484545270299,563.899952085762,678.469456219732,648.711665195172,659.749503043309,641.211303074217,545.43532971169,590.922111016506,615.902004048992,575.878329501821
542.04601177942,684.493524886599,673.456056707453,649.38842020728,640.110746703037,622.523873882243,564.435818486362,678.954241942995,649.434349657904,660.163284231105,642.411452123345,545.698757981229,592.758711238447,616.351173553902,576.741341702706
541.985719438406,684.937751306029,674.12449955966,650.779336334168,640.487995790097,622.54193775822,564.974879166229,679.447733977908,650.140420111653,660.543054228851,643.568626719065,545.945517901985,594.350343067044,616.795172186238,577.574124666479
541.932728707369,685.370505052571,675.025322515358,652.193115324319,640.855509114949,622.533846455039,565.530899836776,679.984695253617,650.831641344176,660.883253048005,644.694885890476,546.186318570829,595.57077381887,617.215136485809,578.366798865742
542.256411100792,685.785552992014,675.841173906963,653.629165942453,641.21728150416,622.495572555244,566.118768752304,680.620814334452,651.485038839496,661.194160466958,645.585070239018,546.420789986973,596.652010968554,617.617078850919,579.144170283588
542.661028759933,686.170874816711,676.638451454967,654.97599984415,641.591454711308,622.422663017764,566.760070562382,681.785209409072,652.124918885173,661.482171279205,646.326264967249,546.630297330361,598.018393187187,618.016552775621,579.905181701893
543.154100248735,686.524389691764,677.431906019243,656.329947886866,642.027237811609,622.320629316124,567.475214628713,683.026181824328,652.746525436029,661.736731295531,647.060772987743,546.841973330714,599.274597017898,618.415339560427,580.651482483075
543.668111152186,686.857769988894,678.12974202909,657.707795461721,642.339495476344,622.226958862179,568.134434786226,684.477853335607,653.356787335875,661.961808224192,647.75249749485,547.059946021977,600.435070066318,618.819802774528,581.357541170745
544.259961057632,687.175981478914,678.780926090296,659.109456946492,642.630903279699,622.073604760635,568.804081750207,686.003078031314,653.953420523135,662.164431816637,648.435269248831,547.28104882584,601.479581286085,619.223181705854,582.020397353526
544.92847926073,687.453381972023,679.408997944501,660.533481217388,642.897891050524,621.914414750574,569.644545739351,687.516277103643,654.552744993054,662.350657471239,648.944573305332,547.479486218005,602.395738315569,619.637991828787,582.664050023628
545.636398593521,687.722111798487,680.054955280369,661.965018704848,643.533614338436,621.731587842142,570.184221419508,688.89418575859,655.112458178676,662.520185459022,649.391373488984,547.690818998319,603.273459720427,620.05232440648,583.288365347493
546.387865146616,687.976531004882,680.612736453833,663.39922615161,644.15231841986,621.539711918929,570.674009654468,690.263589361474,655.656157302019,662.673924530875,649.863697489339,547.910465385048,604.10539995867,620.441024255461,583.893923989366
547.190960412673,688.223385680011,681.121742947024,664.852054716585,644.641486063341,621.348354341172,571.163509094182,691.652606971571,656.194684267573,662.782476136264,650.273453622916,548.149400395324,604.880750460413,620.817513670549,584.481699976267
547.983544326686,688.427888371044,681.542201130283,666.320728706649,645.077564799843,621.17034175639,571.611798705677,692.939329777817,656.725751991964,662.900714126193,650.605082471826,548.374929867589,605.595472078539,621.187724806375,585.043968204529
548.723736864548,688.602888253848,684.071628386936,667.801449528461,645.421420099762,620.983201199204,572.037682494592,694.09897755646,657.24403874372,663.010680921758,650.927800569426,548.602994548103,606.256166460363,621.534976818441,585.591795252813
549.365991369567,688.785667863991,684.489228203084,669.260721035354,645.728093489552,620.828904518861,572.410180541761,695.065506086768,657.69817374243,663.133662909849,651.304522531488,548.813641425831,606.850841638041,621.874306955944,586.129744776595
549.91911289999,688.927536903699,684.787027638057,670.658249894328,645.962464338032,620.714007270839,572.793725453601,696.031593974848,658.117503156767,663.246431281678,651.662891734916,549.024086417659,607.384937473021,622.17374234629,586.649695642286
550.390763809441,689.055527705829,684.961481306885,672.001804760763,646.144644926537,620.587895987094,573.158949401286,696.823344035303,658.518402361674,663.360332681351,652.008092886608,549.226359675408,607.877578338439,622.476496019553,587.189219740231
550.857848124789,689.159137365282,685.11724977531,673.288529783577,646.270553005268,620.531972650603,573.501570031371,697.464215514015,658.902754230775,663.477152052031,652.267805074992,549.415078988776,608.312661159371,622.774883143623,587.722402707013
551.255600443038,689.260309668905,685.246669876925,674.548370327151,646.377541323972,620.523349407771,573.812676466483,698.109439283825,659.277754901224,663.558869059686,652.562378737037,549.598353068771,608.69824646189,623.054346901745,588.245325311327
551.374292496021,689.363225945956,685.331542213292,675.776488981794,646.463340709137,620.565450886796,574.108930736817,698.663941005341,659.624900963481,663.648366881578,652.870413832705,549.778157623289,609.051928068402,623.33364065227,588.756941150754
551.512803561088,689.490959658261,685.400507568933,676.966100942964,646.535673184749,620.658386747858,574.360392651264,699.242398936199,659.963845294783,663.747049060874,653.188315452919,549.95451451339,609.378075921983,623.610530207116,589.260176152728
551.650158415484,689.703326378735,685.48944570334,678.117095130785,646.587823049882,620.767332233074,574.582332646568,699.796840645958,660.294232019488,663.872783571492,653.457774033575,550.129983564238,609.681774235439,623.902357793018,589.755342582784
551.827639166155,689.943963231906,685.589065206643,679.226185455679,646.790349955328,620.895754655339,574.796227775965,700.26876715626,660.598779184521,664.00830258749,653.712189144305,550.311912518104,609.95910824492,624.180356096848,590.242513481678
552.041075108493,690.204585350193,685.677177831499,680.290258374634,646.918489367246,621.045504881648,574.986992116459,700.726940346083,660.877895757073,664.128034913437,653.938794014103,550.499653662136,610.225268894187,624.460207070597,590.828819667809
552.294255733897,690.477840714974,685.692425340009,681.309808593365,647.14378942136,621.129442415869,575.146784718366,701.308419023366,661.14287628665,664.240724395314,654.154905228253,550.693525308971,610.500897665552,624.729791548743,591.290761021591
552.551169618737,690.764474685965,685.708766138016,682.284453940475,647.363931460805,621.194909054614,575.300600553374,702.195296928194,661.40329357925,664.326733351627,654.373519866979,550.87655604482,610.564026166209,625.017783263935,591.738246071826
552.817664885887,691.059508305477,685.769849639253,683.218753586612,647.581837371903,621.259844307816,575.45026922449,703.147412991397,661.672887627079,664.425251960978,654.604983297447,551.045736911002,610.867697153521,625.316722282316,592.180465895794
553.104831607915,691.321930360426,685.876552930701,684.116882172851,647.798203470507,621.275709714833,575.588662358744,704.21213022606,661.928233204513,664.522512739329,654.827639691428,551.204409306827,611.18045255878,625.609892406913,592.625931056987
553.404344435474,691.592503204473,686.04403336915,684.980842777759,648.011191347102,621.260386171544,575.727696129818,705.497341852781,662.152526942405,664.625697957903,655.030192277809,551.348661531152,611.484919943012,625.906478089365,593.054326245111
553.444312931406,691.881751012747,686.144343182242,685.813729377596,648.212753579594,621.161282784203,575.863600158298,706.58286222037,662.371225257022,664.73567539676,655.221581640067,551.488033904039,611.780066847846,626.207729838048,593.470555042614
553.519756860007,692.178834291965,684.504486512558,686.618865389906,648.382046116273,621.035494004145,576.003955759217,707.476291352119,662.58733225721,664.860482439067,655.455127777223,551.613191403496,612.01423660428,626.503625954487,593.882973766132
553.508046388123,692.489680100277,684.589297902921,687.399741348109,648.33971252567,620.887935426802,576.164082430377,708.571699913225,662.797199640248,664.963140372239,655.654017127446,551.701999215333,612.223003288288,626.815089789805,594.289749282935
553.390126587031,692.797932587023,684.665628981305,688.15781172052,648.310840645039,620.720648170319,576.116122744092,709.674779161497,662.983403587257,665.084423412733,655.865584681043,551.777531783579,612.419923586693,627.12963989152,594.687320880187
553.21367737747,693.083272780987,684.739818929629,688.896062551802,648.29987513252,620.546710640275,575.9836381367,710.786667276664,663.138418857325,665.233414852906,656.039914195315,551.848107793196,612.620571207276,627.445398011522,595.080161415252
552.961317896328,693.355407867343,684.743388163177,689.619806210256,648.319612006466,620.367594300316,575.793623995462,711.832327622265,663.27521337086,665.373412407282,656.225839322936,551.914583662818,612.824524072871,627.706375362047,595.462170620124
552.64340526349,693.622210077733,684.717835518608,690.311268154606,648.359073144299,620.194715118572,575.605449024588,712.53519297596,663.354742079203,665.502045157879,656.385734130241,551.977813667878,613.003217459854,627.962708858803,595.846381067112
552.181717265884,693.870353892729,684.678712309992,690.971995953409,648.401899096502,620.014477200058,575.312294689568,713.079112493478,663.456042453645,665.637702309293,656.57290189751,552.037761685953,613.162987308753,628.174798760462,596.233276895318
551.669457892439,694.102669278249,684.625814246033,691.625088641342,648.466901404351,619.817913112546,574.98074281807,713.529019805223,663.557541160285,665.763984037304,656.767351310479,552.084814585415,613.320100060892,628.397754628526,596.624211014745
551.14213098282,694.324708278949,684.513031044857,692.267963503388,648.536059885603,619.630128838393,574.609218093773,713.865230242502,663.664992156818,665.877129821461,656.966628859896,552.112961150673,613.471546167949,628.595076289617,597.006096792159
550.613760970798,694.507828441014,684.406627258366,692.90654276507,648.689626721219,619.450973327306,574.238145240338,714.05264742863,663.769543495659,665.949159821914,657.15896100062,552.141001115667,613.608854662487,628.782542806018,597.394243584253
550.120633586543,694.648671327364,684.286946342633,693.535318932263,648.82407652331,619.299437664021,573.83328275101,714.093111429402,663.89065294805,666.009759666786,657.342625744745,552.169860544216,613.73852909754,628.939736936472,597.773358222868
549.69986742636,694.757616264196,684.169123584428,694.165137911792,648.931502875841,619.174946038007,573.398950876733,713.93241244335,663.978943676208,666.057996133675,657.566296007546,552.198010273888,613.867751724895,629.069724572515,598.133420896538
549.179587753281,694.862194150692,684.020517072059,694.79210760719,648.988329488439,619.110027231697,572.945160921296,713.609551512939,664.06350496782,666.113722092213,657.818452942758,552.234248444532,614.003324346595,629.188009951804,598.476047418743
548.726084690667,694.96757594717,683.863115499863,695.427615328924,648.895590552681,619.052336451678,572.487594529864,713.181376222915,664.137438026035,666.178491595428,658.083212821754,552.265670039043,614.142362083387,629.303405297906,598.792141365588
548.202728026804,695.061974185152,683.7026005082,696.049890540992,648.630525453336,618.944839558606,572.04668157086,712.984091974906,664.19782050287,666.263729862294,658.355629158972,552.297425886485,614.288455444605,629.411404329461,599.05096351661
547.681249947254,695.141125546063,683.568188407028,696.676535751111,648.323093301348,618.819143792296,571.508885332081,712.436432411503,664.261939321249,666.406725805884,658.6233091731,552.333677729589,614.428951955154,629.514770105871,599.314267545996
547.168667482137,695.190976543041,683.44756570345,697.311626520153,647.99458347101,618.680682637847,571.09555557392,711.936874895149,664.277369093257,666.549826262605,658.8571606981,552.375396449169,614.567545699955,629.619941048262,599.560177522727
546.590747904399,695.202042943949,683.295971237437,697.957438431701,647.625704713079,618.537896393612,571.044668336068,711.528514557746,664.305286099328,666.683810484668,659.083373493984,552.432745001462,614.706515096643,629.717238427885,599.798505537526
545.977731416442,695.214396780849,683.109845739144,698.597696246126,647.217886643683,618.407560813868,570.958789654579,711.012564841333,664.335614476215,666.844795946699,659.29930110128,552.495481846059,614.853577934872,629.840766971873,600.030402597943
545.354665131819,695.211303700766,682.910265902961,699.243117828827,646.775059988657,618.245783073344,570.772321189778,710.300227256479,664.394126454123,666.947489141795,659.524697535144,552.543040201285,614.96595729494,629.951526607339,600.260715780977
544.745848917541,695.21071702235,682.679642804609,699.9012097284,646.303425439394,618.048818027977,570.52718416937,709.573644258049,664.454673313881,667.036100681359,659.742067897789,552.601108441385,615.04100331623,630.11543971563,600.495135073793
544.152144276359,695.213841573381,682.426661820886,700.549813095446,645.839576110733,617.818565595472,570.32978755071,708.634095164035,664.531878656819,667.099846808549,659.969772762572,552.644226477281,615.063748299296,630.291763233584,600.733725644312
543.559758583258,695.224507310038,682.182219451412,701.192351909076,645.373076729842,617.552783998701,570.20655847805,707.683573358564,664.607860959343,667.159919352257,660.207669475871,552.694977516633,615.088853175175,630.480632424592,600.96201116132
542.953704041738,695.178188355512,681.845358519375,701.80512909088,644.890750299174,617.407968126568,570.125971054905,706.767944385097,664.669763409978,667.224102583932,660.405421758076,552.756790837179,615.114700192367,630.63760924193,601.200138740439
542.349440021279,695.092741564844,681.488117940416,702.403047256839,644.397704748709,617.285375715265,570.05407481218,705.820015709331,664.720347763599,667.285339096,660.58095109794,552.826527210164,615.142153404174,630.806755090295,601.443515885049
541.921295411002,695.005525016549,681.102557042581,702.963917415366,643.822765998869,617.285766794107,569.988391627256,705.122111388249,664.749089775548,667.389973413154,660.726549469443,552.906561236219,615.169560175517,630.946633908968,601.663587991873
541.46621828007,694.912856905339,680.703777052346,703.468490579912,643.290709019878,617.314143739962,569.911522053107,704.506506935987,664.751235974546,667.471349474515,660.829722219731,552.991779360233,615.19403896999,631.111460389701,601.866732573722
541.047521946349,694.81037659601,680.373096544798,703.957942546005,642.810963160735,617.351161246515,569.845528815505,703.767972545108,664.724555727827,667.539995092738,660.894142235309,553.087111334643,615.21290021754,631.283425122339,602.072709017
540.666751559877,694.71005924304,680.094400591528,704.423475587195,642.386327259091,617.40592942138,569.793968731913,702.909780881441,664.670565984973,667.621494976104,660.935781564616,553.178938429772,615.243563468433,631.450932380561,602.279722316299
540.316060538064,694.600048349699,679.839789149126,704.866908129271,642.014142695476,617.478946053422,570.016802689067,702.139930681885,664.629936778548,667.704962263364,660.976919153617,553.264210146871,615.2738586306,631.591315556151,602.48958781321
539.953253741531,694.493046953999,679.585011237008,705.225942908718,641.681411643646,617.542535634678,570.241836476273,701.498246460354,664.592927013516,667.751713054123,661.027095555542,553.373081336895,615.301586159896,631.706961621126,602.683998103447
539.452763280829,694.421517277847,679.290267428082,705.564127160717,641.358278257899,617.599639603059,570.470717376429,700.804138977314,664.555571365249,667.78820780516,661.096151946852,553.500116923484,615.324383627399,631.794557096864,602.896933567575
538.952909330156,694.351211185843,678.941238176626,705.917185152253,641.029907126499,617.709360239237,570.645085798184,700.142997734148,664.525754650738,667.823846844499,661.131323782965,553.618171524087,615.334674961396,631.872439405122,603.107890621482
538.45050590162,694.303701240515,678.605248234349,706.258074004928,640.705155974338,617.817619679902,570.830759741702,699.780625082992,664.506328684033,667.869267582145,661.164829530771,553.731399282369,615.317809279161,631.941332665195,603.314512011658
537.973724786772,694.264835936875,678.268983359148,706.599254037135,640.361924864107,617.941556906666,571.00036236945,699.213817052081,664.489841706217,667.92284446728,661.229575725326,553.833726804887,615.266789372627,631.956757835572,603.507516547245
537.535537065244,694.227553998905,677.961024978013,706.927264596971,639.994302403486,618.090561126498,571.241584218854,698.55554097534,664.399673324271,667.961617780723,661.335550515232,553.932259454296,615.220476013549,631.964650476976,603.703070246267
537.089197253472,694.198759952178,677.637587938551,707.255930402978,639.62954034484,618.309486807448,571.472569536976,697.956118808972,664.307669835448,668.02401019581,661.407531926375,554.020869009898,615.179010039121,631.948427360757,603.891904463418
536.638729945205,694.181771104064,677.311168340115,707.588488677266,639.235657153467,618.558389943164,571.674907459654,697.669992029616,664.217235254609,668.136937751952,661.483007641672,554.099824510117,615.140864172662,631.909191424118,604.064148840691
536.200152956142,694.176518311906,676.937686529455,707.914094737306,638.82209536534,618.852585205737,571.836789936974,697.762078387399,664.085283127146,668.247017783973,661.538316501683,554.161912478139,615.113685349867,631.834168008415,604.216852703974
535.76938696225,694.178514691069,676.508834333383,708.237567531958,638.40164411281,619.109261555113,571.941680036722,698.123241137292,663.921928814911,668.339692446156,661.555290890012,554.219024817045,615.07052614759,631.748520879536,604.366225793265
535.334626033652,694.186553839977,676.091574200915,708.5553266939,637.980285700606,619.370446255027,572.058517954527,698.654382864157,663.761267472174,668.409522066967,661.590871034979,554.257407858353,615.003754045333,631.665612024443,604.508174262318
534.901623516336,694.200198292959,675.715966482526,708.823502915058,637.565008636103,619.682002595316,572.148165571462,699.227279600739,663.599394559282,668.456593862038,661.640145478233,554.268012910306,614.931884228793,631.584940929638,604.649925195442
534.463329134075,694.207003645903,675.30881663458,709.084710569268,637.152955582132,619.973942333497,572.240258415569,699.905417303123,663.443478640167,668.492208003797,661.717559776455,554.274387633072,614.850724026033,631.510318739384,604.777413276575
534.024496489109,694.249175121737,674.895032745388,709.338240547753,636.794567906918,620.286324992732,572.24846580676,700.603900358793,663.298109549093,668.495747247897,661.81547133603,554.278214778997,614.762770239273,631.386872554443,604.905999307906
533.302659751066,694.328399149149,674.345914381197,709.626641996807,636.450627519576,620.61425536818,572.247027781609,701.27254779256,663.166673760512,668.495685984949,661.905400663055,554.279759774022,614.671368530827,631.289368754349,605.067528906955
532.514139011853,694.421842332074,673.794658258504,709.897232533286,636.127542283552,620.934057374919,572.241719891849,701.958955045113,663.050534411122,668.480277273177,662.037477745145,554.267380884538,614.584887679775,631.198633795262,605.23204413162
531.665578201529,694.561744218617,673.237105610754,710.178590608001,635.994168970088,621.216786171347,572.183716349735,702.811992089739,662.961928200234,668.449402776176,661.001293102744,554.262469386496,614.511598261488,631.11252882577,605.400971854726
530.827242272265,694.746693382888,672.715068974792,710.479245464086,635.863360726304,621.429505426433,572.101524792519,703.620806265397,662.871176844986,668.371998908421,661.148811337696,554.285543532857,614.423251620265,631.042201145717,605.577850656925
529.978764257805,694.97723362874,672.188261014197,710.788540415535,635.972092031297,621.621348726692,572.025183937104,704.327064973567,662.782794474232,668.235927432844,661.224401647256,554.311692178291,614.340828921569,630.974815787316,605.755766487307
529.153535389365,695.225324057903,671.641777549459,711.093518363278,636.176093759684,621.770074096946,571.95345382278,705.017292228521,662.705270883622,668.072522091982,661.229137788299,554.333365543382,614.249141909331,630.923761196506,605.934751691524
528.415269105832,695.476109789707,671.082818098016,711.370462215596,636.39598034914,621.893470959591,571.870479436819,705.792377703564,662.644588852645,667.901415453635,661.197040689262,554.357978183802,614.154735003793,630.894570961359,606.117619468794
527.730483529325,695.724710849812,670.479809793737,711.614449111124,636.625304114025,621.921260939323,571.819945304347,706.541545912421,662.600794237013,667.708849720989,661.070782937389,554.378442143989,614.014117250696,630.865302201945,606.309767671084
527.101470917283,695.7912300689,669.855324002027,711.876435190204,636.871584750974,621.88138090781,571.817817648624,707.372218581472,662.573194525464,667.499133306367,660.963684898871,554.39969550311,613.830311378577,630.809075195074,606.496454812909
526.700323099436,695.843430715834,669.333368707893,712.104352120644,637.098580083603,621.878946605804,571.825731822168,708.194169205243,662.535525085799,667.269611079887,660.953787241219,554.429512132896,613.647522656684,630.75356484509,606.678809902328
526.295977444489,695.894720823982,668.821610924496,712.31083867394,637.308501851414,621.869536946323,571.85576555132,708.992834327,662.502535380289,667.027153524899,660.86481776272,554.456606690738,613.447258661408,630.652437153715,606.851839201814
525.898546114509,695.937462907002,668.323376073817,712.522882851372,637.485011820169,621.923452014236,571.902235169499,709.839895955951,662.488280105335,666.770658572784,660.919222339122,554.493805048881,613.235885745931,630.557185389712,607.0097438259
525.504286716244,695.957990679398,667.85251034786,712.747754661226,637.66970522493,622.000721337397,571.905891317888,710.914685013157,662.443783345307,666.486718828306,661.114192687192,554.544006551729,613.016672769512,630.457662546167,607.165718695649
525.020021600065,695.9595017227,667.467552925299,712.961803424891,637.824928029589,622.012820220739,571.923769783478,712.026350674674,662.335427505195,666.195149446341,661.243426773783,554.60159224498,612.779442263922,630.363292892112,607.319945248036
524.414957715258,695.94722616626,667.153570896532,713.177561342579,637.966798201489,622.004177371385,571.969027043715,713.000790729642,662.215861389439,665.906516977836,661.424697357913,554.674336760932,612.538371512078,630.249814498359,607.472153999477
523.748866232068,695.921495454051,666.860957873029,713.45591530139,638.164793588739,621.940333790103,572.001926034046,714.024199114358,662.118194996977,665.594865409565,661.608114337933,554.762823086855,612.261410000232,630.147944162852,607.626620920207
523.046201018518,695.955014608643,666.649077538174,713.755260683095,638.367093210558,621.882552988356,571.965982049271,714.736600209316,662.025812817944,665.270433928597,661.788027546081,554.881206428185,611.975373340447,630.027831977508,607.777978419624
522.270853544187,696.00013432056,666.464973633127,714.01765496084,638.532977117856,621.850298159463,571.937877969431,715.178362336549,661.945584493358,664.944574012915,661.950435019678,555.005669908118,611.691245020788,629.92332267179,607.916689795227
521.4533040074,696.039077863445,666.285004640511,714.272908292089,638.623593188714,621.834998413762,571.915465040889,715.570616824578,661.880082845033,664.617319821402,662.090943398215,555.117968819803,611.416016182094,629.828285634512,608.041115876762
520.641821010856,696.075683064049,666.088577687903,714.509442455902,638.730511775888,621.843122266973,571.915187323757,715.808532259002,661.793014093336,664.292635819577,662.083195496911,555.233895777673,611.148346153689,629.717829558246,608.148097873233
519.868266320463,695.898201195151,665.912808070877,714.754662384374,638.864457651046,621.852310403391,571.998482181411,716.091710458687,661.699521044329,663.965110374279,662.036400852252,555.354105044033,610.901236943675,629.62018280934,608.26568155793
519.179708449877,695.629116809323,664.462126932637,714.992879322012,638.998547991578,621.863401523705,572.116802660945,716.421233270709,661.574296782712,663.671427858499,661.973502098846,555.477154594138,610.686860439107,629.522007398424,608.37899184783
518.601264116975,695.336513681587,664.241176232343,715.235752590904,639.125827846362,621.874179171287,572.249062347164,716.735234665234,661.428197088487,663.387492621225,661.977724904931,555.598829046268,610.493037614652,629.42135746516,608.487873481432
518.043839326578,695.020062410811,663.94023553212,715.486795605756,639.2421310106,621.907607134223,572.435329790606,716.820719055987,661.277150387116,663.100062443412,661.980150107727,555.721934241143,610.30657853196,629.326864209283,608.585700178822
517.488497781944,694.690347792641,663.661882959347,715.729445485837,639.340475847859,621.914873749751,572.676762087356,716.472239810743,661.120204890062,662.754564710317,662.271798366304,555.810632655239,610.134763494931,629.250430541974,608.67392073217
516.947425702245,694.357241938993,663.407181732583,715.951552035434,639.400153307221,621.908425238802,572.937389602136,716.167489408037,660.930213866436,662.371105859558,662.48147099902,555.896980340565,609.96475456385,629.180008942419,608.762864619887
516.420288920677,694.029469264474,663.15935748528,716.188624120666,639.30510053483,621.811369798997,573.208816804481,715.684027258011,660.74943555594,661.943166527817,662.684209287177,555.995803152359,609.769817013469,629.111172292412,608.846799260475
515.99104374971,693.717892214241,662.918676967633,716.429178387098,639.167075971238,621.66909488975,573.470369401964,715.147233300273,660.567542893489,661.507955600026,662.840324232201,556.104608968305,609.56244442438,628.990854298461,608.927661537195
515.570380145429,693.386985463443,662.660947365085,716.686425374862,639.000861110193,621.472620723896,573.65599005603,714.62452050061,660.394817110012,661.03041916563,662.929987261262,556.2113739424,609.380452082563,628.889963835587,608.991634478935
515.121620918661,693.082490298035,662.366533970303,716.947883192278,638.826702622187,621.22664770808,573.812207535907,714.08632605829,660.244875970944,660.506399152624,662.980430208518,556.267647376143,609.204300775452,628.803538323714,609.048344659109
514.744297941718,692.809483970063,662.075959643592,717.21172957965,638.308303887549,620.96904142665,573.988760259452,713.793152457387,660.120859878975,659.970515965572,663.001807597223,556.299849989468,609.044612400274,628.776648334738,609.400502779538
514.416555532579,692.574098680138,661.776521417809,717.442565079005,637.809597892967,620.743577816731,574.081183549532,713.035971668889,659.993105027489,659.513042619603,662.634103830637,556.335626441402,608.873253287774,628.72093605282,609.413325466667
514.178167296202,692.374299068625,661.437833928653,717.669050922864,637.679795447527,620.500631957385,574.136723231966,712.126326158578,659.872697237623,659.073865896857,662.071606474702,556.362366078285,608.704947110418,628.658020237904,609.431291018548
513.996826420501,692.209615768294,660.984325189254,717.886552762639,637.544123381588,620.408559649353,574.146115963724,711.237149204537,659.753974886077,658.678026339974,661.553031037315,556.394105695685,608.54074996704,628.60674321543,609.448022096906
513.905392697214,692.077777102334,660.510828858822,718.091079634693,637.385312602184,620.318339360125,574.088680798905,710.459751109552,659.608218054885,658.293452899484,661.120630387406,556.421452949356,608.346834004363,628.555089288624,609.428933019558
513.855236641682,691.975623968304,660.007083925017,718.281385251661,637.23190293145,620.27022755179,573.961479683849,709.868582847958,659.461225509522,657.901474280257,660.699488058303,556.467706500652,608.166162730632,628.522104607104,609.417430648825
513.879133613221,691.901119433717,659.448169368714,718.470474382394,637.079756257326,620.27221293099,573.763970156609,708.781912053959,659.313869479908,657.531186578826,660.381755745336,556.481929196316,607.971071794665,628.513909491059,609.417560530151
513.911664837078,691.829158822553,658.838159832929,718.663413336639,636.932816614745,620.27607216716,573.444076391667,707.707296355502,659.144281415055,657.179830872334,660.109633030345,556.486299885995,607.774534545868,628.510093169394,609.430517065307
514.024393777805,691.781551983876,658.269780761574,718.843608441454,636.627008621895,620.303109711907,573.063178795656,706.791682132123,658.981420667499,656.861039866372,659.861063181081,556.498045806679,607.576869585784,628.497626129274,609.435225844603
514.248143189534,691.767203818674,657.7399617446,718.980404542202,636.287145816602,620.317871009907,572.795298555207,705.976306935038,658.815877896318,656.559271158156,659.656490980272,556.515777067315,607.372062480375,628.488957246901,609.4417325457
514.441677669525,691.756920269255,657.20423557517,719.11463414835,635.891935373179,620.316178280773,572.338790246947,705.65635870401,658.660623637588,656.294769181351,659.472435074935,556.538034760223,607.155175492307,628.468895707628,609.416894801839
514.522121196176,691.724958310058,656.66782195213,719.261515528586,635.444677932503,620.284240939973,571.891126317552,706.082743524722,658.480903341886,656.013176419184,659.226238890755,556.569104118425,606.964103278016,628.430574673553,609.372609658279
514.616715968055,691.687344070164,656.137399659746,719.435719815841,634.941612849488,620.187160766879,571.483497453828,706.748733561593,658.324301510403,655.74265745491,659.289424534317,556.578455837727,606.748658448418,628.434113612815,609.290396734111
514.753309194781,691.648113782572,655.609275609419,719.622392299343,634.357452850685,620.09020520046,571.634423775642,707.326870484378,658.147974684179,655.507860805869,658.963052242293,556.612093963346,606.521624673256,628.434407862702,609.202494469437
514.897196140563,691.595373290428,655.054969741268,719.820590488565,634.176253035229,619.941654922636,571.741894428017,707.706373190323,657.979559467876,655.327272224035,658.628619715412,556.640825493815,606.295123682641,628.437410019087,609.120774672059
515.087806586966,691.511489980053,654.520155056865,720.032566423192,633.982621616306,619.792163950986,571.764922021753,707.662511121979,657.817172815813,655.171593738777,658.44711901155,556.681941834666,606.068647316683,628.422229978759,609.028563396232
515.02854373589,691.369360664353,654.012202352841,720.255770528484,633.729214179545,619.751752096761,571.739605252623,707.281683716853,657.663118346353,655.032369996073,658.384408534881,556.709419863149,605.840833870381,628.411733491239,608.946314606423
514.999073320089,691.16315793412,653.462918214479,720.466906858417,633.056444252654,619.753738932035,571.685905624578,706.987950357962,657.508784573901,654.895625207734,658.37498344281,556.715403962023,605.590219714875,628.400281392143,608.848805285371
514.982334782671,690.901723391853,652.908336891018,720.672373301081,632.525837341381,619.795372006302,571.611184819012,706.954857205283,657.389722577047,654.794237027659,658.341379846898,556.722995764855,605.339754828617,628.385446356331,608.724717438797
514.974260049483,690.585179977297,652.351639376463,720.872443219976,632.365961146061,619.910320279657,571.575198257862,707.004876891481,657.266421810775,654.644383893387,658.311318395413,556.712207567015,605.086275304825,628.369166037738,608.594601575979
514.866933465474,690.216034395328,651.743570867622,721.057832817923,632.203209131097,620.034502354213,571.532785844082,707.160549456935,657.114463316398,654.502279907463,658.290917082705,556.700876071676,604.81927993503,628.354384715441,608.450208132704
514.800561527288,689.826470077976,651.235993936765,721.204124820372,632.03609012875,620.147762143381,571.426512491526,707.421272802633,656.959351265103,654.365914859048,658.282397222086,556.687965233677,604.533085354623,628.348360805317,608.278053957226
514.699437311418,689.42203520396,650.726911372964,721.306223110905,631.87021006759,620.352571398536,571.30096657569,707.508273431786,656.802917005351,654.198543419909,658.300974165766,556.66974001204,604.207772994863,628.366797705142,608.120249663362
514.607579805617,689.024430200947,650.210356496008,721.423531049463,631.694785789871,620.567794934396,571.166269198876,707.479072324415,656.638692469973,653.973701986661,658.325996943278,556.648097430686,603.877538437463,628.406386414551,607.94843251625
514.498747927744,688.643075621855,649.686348567635,721.535398878635,631.542047263748,620.793414051289,571.011568524911,707.239128497643,656.470212066911,653.712735110652,658.371854672545,556.625323219271,603.551715263352,628.452168395402,607.752290362064
514.43046593003,688.290106131896,649.157218349437,721.655185841206,631.395357594492,620.992601806342,570.863046562548,706.56086648617,656.284755688057,653.422420479117,658.58973313213,556.595468123471,603.212605120129,628.492535584061,607.563194345731
514.346239255897,687.965235977425,648.608335029357,721.771244406215,631.260208070649,621.101876805406,571.15249638636,705.800503890867,656.066357853296,653.041402542307,658.644129044432,556.559410785996,602.86663813009,628.521508305673,607.399641484742
514.267999522154,687.669334407938,648.049231195349,721.879357133927,631.124891468125,621.206956317533,571.352451781056,704.897911892571,655.840561121302,652.608101550876,658.678146742984,556.516560123707,602.544230789178,628.590467506215,607.24466342184
513.986093222247,687.413400427084,647.498354574469,721.97724245845,630.988085199922,621.312896472116,571.539308421697,703.908802888007,655.601011573365,652.173324916729,658.895842436026,556.486558479395,602.222396539985,628.675980666964,607.094515632895
513.55510952644,687.252234203994,646.9463386948,722.066939162926,630.785190769006,621.347717980527,571.70443845658,702.804503124638,655.358161910735,651.735294132917,659.122422417532,556.46327350641,601.917979553814,628.751272678304,606.967237650218
513.068193739377,687.089891780574,646.396866263375,722.14297955483,630.423730802844,621.383183309845,571.805040180389,701.694094464772,655.094978194858,651.288939099835,659.351340033459,556.448322641142,601.614413095003,628.796072796878,606.833827078127
512.556338875135,686.9335147348,645.853209213683,722.210650482435,630.274701890153,621.419470780224,571.873822256828,700.550662312573,654.809545546106,650.79044810647,659.475497580687,556.454414570054,601.314983569331,628.837349096192,606.69678783481
511.991100354957,686.783584797071,645.303685188512,722.277982744864,630.108332340549,621.47502230647,571.919293545485,699.4849384533,654.530687097827,650.23659417159,659.612759324946,556.464664558735,601.015134666211,628.868376380632,606.556636007709
511.341828773315,686.640542028838,644.738622617025,722.308511682655,629.901240574502,621.599777932172,571.948854454596,698.014450545082,654.264604725346,649.656084489076,659.712732737109,556.472892508873,600.71221384313,628.885619573172,606.41172731533
510.591797599939,686.499488735696,644.214435005637,722.321786435544,629.645659169826,621.764792354486,571.925701514286,697.010727627167,654.001570061682,649.055232721016,659.817742525351,556.47892506379,600.414711985968,628.925541409359,606.264308096532
509.837434135971,686.350680383801,643.736178148559,722.332223252733,629.285309090956,621.970729011529,571.837774785278,695.803440684674,653.742002881649,648.465299279929,659.888225899473,556.485370657419,600.12304323961,628.927537359766,606.12378585959
509.045282896992,686.198801424092,643.24947242476,722.345024758396,628.90670930509,622.165720152435,571.683347876201,694.601761534927,653.492000829935,647.908787433402,659.937353909233,556.514669633286,599.840801231983,628.933907560929,605.967785465547
508.282977844255,686.047294958588,642.759316110316,722.363929863236,628.498526622565,622.367893264844,571.495965486891,693.142364754921,653.256481059693,647.346918216793,659.985227656678,556.535864311276,599.565090153326,628.943742413403,605.808755286592
507.462391691719,685.894192116595,642.264701130645,722.383575795352,628.068860706754,622.526862123756,571.223395700938,691.26317319676,653.035147209926,646.750866683678,659.673734657314,556.558672496933,599.290462609331,628.914723750649,605.668558149924
506.653523432609,685.739985160002,641.571629068534,722.407898539826,627.56880597366,622.680308834358,570.805143400242,689.248708047161,652.815261475253,646.13517710681,659.120602884375,556.586875810575,599.029515055753,628.901341462415,605.533737660894
505.790895667896,685.600922816812,640.877052417219,722.431803192105,626.981826008453,622.826585674844,570.426993970526,687.14039934163,652.571926888185,645.506277539289,658.4875886898,556.616848029907,598.779431880751,628.901157872843,605.380717237005
504.886515398015,685.446734363806,640.208507241997,722.451090946319,626.374941419555,622.951427953013,570.030564184471,685.1249853051,652.291982953731,644.984306176486,657.839084701466,556.643177319691,598.538207076417,628.919055374824,605.222275318751
503.90213067816,685.29654844705,639.602343189967,722.447434240523,625.679276658743,622.955616713666,569.698507670424,683.338297644197,651.986963275598,644.487961249206,657.153520602872,556.654550963244,598.339969741176,628.936546785429,605.080792589677
510.228862948245,685.13648348142,639.003729668341,722.424253408725,624.902391198452,622.81474803581,575.716533839013,681.671633493289,651.681805486343,644.080846312132,656.480847621646,556.685249122841,598.148290139452,628.927432754006,604.939030969511
509.552869712375,684.974155736138,638.410105678489,722.380222675659,624.278396092031,622.688295887613,575.359353584508,680.366949776041,651.360248321057,643.701945799545,655.864371112661,556.70806473088,597.947163521669,628.956270945625,604.797582166217
508.855894590588,684.816870544468,637.772751095935,722.29060110897,624.100909389532,622.568691495961,575.011024751819,679.217812699726,651.039382556787,643.223055906829,655.314438739501,556.733177686224,597.750151689396,628.957351895258,604.646457137339
508.198370873123,684.660409269752,637.112904105536,722.18209986469,623.928282298675,622.45116428268,574.611556476766,678.144884915931,650.732405192364,642.738022194559,654.844947426939,556.763632897419,597.525558534322,628.963286185107,604.490532608049
507.442817265605,684.49653548636,636.525072599102,722.069590419435,623.64102045928,622.327573200935,574.206620596404,677.079258427356,650.457070294589,642.246349232602,654.716470174998,556.784740296727,597.276369768544,628.930336250503,604.341077516392
506.725547280288,684.325511564472,635.903561150774,721.976490046838,623.341361324223,622.195465870952,573.785196366016,676.139020785029,650.212577311836,641.845220328316,654.611694421414,556.826108294458,597.031535404402,628.844860597716,604.173663518205
505.96529243405,684.152115416874,635.24667842383,721.897366298963,623.049569420176,622.056776871826,573.449148998395,675.298467852883,649.988792127032,641.434386211141,654.519780893685,556.882996027509,596.786494872677,628.752611235748,603.999549030603
505.068542356715,683.977664089285,634.569813728976,721.834304191711,622.93652006128,621.891282506107,573.1351178448,674.535688893195,649.771542868481,641.009096948943,654.412732027109,556.942369349095,596.535828462414,628.656322141809,603.805044985831
504.162805779714,683.819035563049,633.632201768184,721.750937896429,622.856445611759,621.747348440018,572.817274900283,673.765541840803,649.577631169002,640.574761185017,654.168521633208,557.021064882356,596.290887069783,628.557283930694,603.595749630423
503.252526805426,683.67815391089,632.568564086922,721.666412342526,622.775807236387,621.603962618304,572.514667350594,673.112929303816,649.384488663459,640.135141378168,653.942999844387,557.104608490974,596.05834339456,628.438059712257,603.381774036225
502.268082639535,683.530238068838,631.429128925342,721.623105043255,622.648732595277,621.422509779392,572.275785354122,672.665764562246,649.162579369821,639.717389195741,653.711702796093,557.195798071251,595.823943889063,628.320169125316,603.111505612178
501.300938578579,683.359133867748,630.321978760191,721.580707639339,622.542670683839,621.252767386104,572.074912612198,672.756172477594,648.941106900379,639.296165668984,653.500808775367,557.280966778626,595.567639610444,628.216698718803,602.817183345856
500.368546856273,683.186687275439,629.370480434186,721.532991855516,622.414272337358,621.078362864022,571.884930557231,672.717724780725,648.70996700496,638.858686774036,653.296945217029,557.361641067474,595.295227099412,628.111926612297,602.521550634866
499.410022662232,683.01048813683,628.399589257996,721.478681737533,622.266421155559,620.833495795859,571.66041502127,672.687092763675,648.466444447839,638.474981646629,653.094934229555,557.413934976709,594.98894834529,628.065155352354,602.222509319634
498.514676804982,682.897739653824,627.332763776436,721.428422792493,622.891704085219,620.639493094465,571.453623726794,672.683641668955,648.202808482548,638.06675992726,652.938750852803,557.45380706944,594.611834221852,627.987222553883,601.912993823059
497.326696114466,682.80077209842,626.284471630567,721.358453209269,623.499084995122,620.424050322534,571.236411245955,672.619045980691,647.927775873797,637.529183140428,652.782168579908,557.483052846745,594.224996297631,627.846734746193,601.666200285996
496.185258473428,682.71172341262,625.272283796708,721.292778281271,624.044013058448,620.204184821931,571.032184956875,672.48855095102,647.675671452154,636.971929725959,652.770940979361,557.482381469265,593.810877501023,627.708864002673,601.306967901864
494.980352651209,682.636848352816,624.209632194056,721.251081189992,624.535329092794,619.961176808026,570.818748311253,672.308163854511,647.426174385909,636.425284915808,652.760135248307,557.476202919862,593.350512742587,627.594424807496,600.918447462865
493.634624143793,682.565283854144,623.185068814009,721.236124095141,624.914125110957,619.723297531238,570.657448494492,672.007127401044,647.137791330136,635.884926362648,652.76006973994,557.449227652125,592.886163480646,627.512350621843,600.510670936904
492.251077345302,682.501553252412,622.232913263172,721.255641515037,625.232951722963,619.466588413262,570.552725100733,671.728248473822,646.847852425549,635.305765122047,652.755284032419,557.426461198163,592.421608749118,627.422540700068,600.100008336445
490.452594172724,682.430594795577,621.326061014784,721.276887654851,625.496754287158,619.192404444874,570.517356737509,671.303878385193,646.561363199451,634.710038133573,652.792722777102,557.40510956077,591.953060108688,627.34064982525,599.639772204369
488.363387992556,682.433024119118,620.420340180056,721.319463785152,625.683111614938,618.913098958792,570.46762095839,670.68891070896,646.279733620091,634.10289860122,652.814906541389,557.367469351315,591.505488608406,627.256116695839,599.167599248474
486.932058147804,682.430060640554,619.584513602511,721.387298425237,625.69135586918,618.624868369524,570.396126294634,670.101380126042,645.989516619218,633.50399741709,652.839672223639,557.341029480199,591.050385874684,627.171869836282,598.692050258714
485.829999516788,682.277990273928,618.727393436415,721.452719420166,625.626298480148,618.336422780188,570.334247732925,669.685145360278,645.704724588559,632.880018078709,652.919997671536,557.318080686351,590.599221698182,627.119298041898,598.183648117979
484.615956770941,682.128901366456,617.886762381011,721.51180739769,625.565905184109,618.02094712445,570.276231890886,669.765829035856,645.404138757513,632.244724403564,653.032288544054,557.288739344016,590.128525886353,627.070764795298,597.825760657125
483.149609860538,681.97103491113,617.073349252644,721.571849878328,625.502833059814,617.720301399951,570.220627023249,669.672279711563,645.092685378885,631.571869019888,653.181584946784,557.268920944589,589.659867862169,627.017446239702,597.343132952864
482.309469395669,681.81474660608,616.17348085176,721.618940459942,625.477829351071,617.448508666559,570.167212181928,669.678121205651,644.770194434722,630.89037965954,653.357771045683,557.257385236948,589.185758571547,626.970266397805,605.742596897127
481.144308862388,681.661737337496,615.28909807936,721.643073560568,625.440012804314,617.198020620767,570.057671499432,669.696890069423,644.445490343088,630.121888748975,653.230342439511,557.247744495014,588.70594256845,626.881362641251,605.648024881378
480.633222430884,681.513569799863,614.415391410233,721.636781145964,625.424809172476,617.005740458811,569.984680346416,669.317837931434,644.067333289995,629.305650754676,653.460480103994,557.240831534232,588.223297253279,626.795973861974,605.565008959419
480.005607069412,681.373105416868,613.533349269501,721.621742181868,625.429656624686,616.851931334427,570.002364158657,668.736800118571,643.678837967107,628.477781354567,653.717956903555,557.249908027281,587.743904995471,626.710349050526,605.513293884347
479.373170566739,681.229052187463,612.639601534986,721.604765697324,625.40221942745,616.764716659546,570.022420931918,668.010437859339,643.27425367541,627.670537508435,653.980594799321,557.262638273299,587.255654887141,626.659836456543,605.466616643324
478.786517111576,681.076258500612,611.766871774896,721.57973816943,625.392627153002,616.682367231269,570.087039332141,667.101234988042,642.854103829477,626.891846263649,654.237212129052,557.288156187345,586.750121270967,626.638458152156,605.414450838622
478.25042942143,680.923612156513,610.895254242685,721.570570935936,625.334445570131,616.636822687058,570.121639903816,666.079559013718,642.429141750367,626.106531892238,654.515317173657,557.309378515524,586.236607698714,626.626296851947,605.380141553477
477.72724203563,680.849656814392,609.967237851459,721.567624382617,625.312622238759,616.645515924295,570.148105708568,665.299611054291,642.020470012297,625.328731100544,654.8025969725,557.33294397822,585.724851236876,626.611478588497,605.364176999209
477.179529310608,680.818083345393,608.9830505518,721.620669915963,625.256886677543,616.653311860325,570.159265890239,664.597642055343,641.608990674346,624.575182133499,655.038238777146,557.3460149303,585.204582453518,626.59951961436,605.341063913079
476.58830222903,680.792148555939,608.073255397358,721.677330488693,625.173176156955,616.659927456663,570.143614185226,663.983599002423,641.19801679486,623.853771192417,655.220207401803,557.373619141651,584.672852684117,626.552342445709,605.333768744104
476.005129042101,680.622892571268,607.037017818118,721.715385409022,625.072988522764,616.676447827712,570.121405923703,663.39821482958,640.765363219336,623.157155450677,655.386049658465,557.392849618879,584.141363611317,626.478455390303,605.319817165514
475.42877366902,680.48169795893,605.967458214586,721.741953329638,624.993515846911,616.684864653479,570.063449244741,662.996969274652,640.338841413026,622.515986024586,655.511972688557,557.427606952735,588.142052838275,626.400040833607,605.311928936333
477.649734657388,680.371030200176,604.851285716019,721.785343407848,624.9058856105,616.664846745579,569.966698517502,662.649216355312,639.925633269681,621.919677909302,655.598820858213,557.450359122749,587.670554624275,626.347286306156,605.304252154483
477.164159655112,680.290709038115,603.710840219426,721.83225042009,624.931899907497,616.655172415992,569.867558002824,662.57286311386,639.532865642561,621.356129908782,655.659779174034,557.467865737182,587.193529190337,626.26981114267,605.28513403439
476.680205639729,680.257257784345,602.981789442875,721.899779375046,625.102917346207,616.652318994395,569.684816636633,662.474890796957,639.146453976823,620.808520066746,655.720563598272,557.480041172423,586.708121007169,626.189520287734,605.263956753748
476.270962593898,680.290703362302,602.270479608077,721.96086047577,625.263620635714,616.64368133044,569.564830438474,662.304767540803,638.767919080586,620.259237852171,655.752349529022,557.460196752011,586.215795287465,626.105421694739,605.243465901926
475.967262960314,680.318439834775,601.671542348344,721.994174272068,625.411474878376,616.647793050528,569.438903114932,661.947385033873,638.394799213385,619.70629980292,655.806908870978,557.425893873791,585.695087412335,626.047758458662,605.223335776465
475.698759865036,680.333958768097,601.175229628787,722.031378740384,625.534947329164,616.635018080478,569.353918509936,661.379888081663,638.064751714605,619.197023381841,656.493465305952,557.40162933338,585.164156189287,625.984787649541,605.175551286321
475.451869597082,680.360240989246,600.708827904451,722.073854959152,625.496703389099,616.595774407715,569.262726282473,660.55246359172,637.738064257558,618.722326680576,656.48278174762,557.371468444368,584.63298978896,625.917259228923,605.115349368563
475.210468839519,680.380703990355,600.325610225573,722.120152600941,625.459660862323,616.558854342372,569.116421818838,659.74800108622,637.427595514551,618.241413975473,656.44381549574,557.323711703875,584.08927823395,625.861794031094,605.047764708791
474.957489465761,680.401816105918,607.898694067159,722.163776628019,625.426267320174,616.547450203508,568.959620639479,658.871123694048,637.128784965423,617.770562499555,656.36082336232,557.286517776121,583.523267128051,625.803902501575,604.958563837523
474.675686933398,680.41857900993,607.677107119957,722.292986214526,626.405818678839,616.483649272289,568.783595383124,657.880102989544,636.869983761955,617.304014389169,656.240808985296,557.248756420282,582.903738297993,625.771223172034,604.850550349493
474.313775232133,680.424259297936,607.495578448705,722.422401431099,626.404452518583,616.396803169203,568.616561735547,656.867795158656,636.623764145302,616.854692618605,656.1387346417,557.207508783827,582.254686063718,625.727709122466,604.736056631276
474.060094491175,680.426805370305,607.253974944489,722.549751065791,626.414040176768,616.329757735158,568.451098719858,657.003924269712,636.38408857373,616.424999863951,656.038037355322,557.146617582721,581.581218392143,625.666015688673,604.591657858171
473.424367307331,680.419983012114,606.853798710177,722.683717502771,626.435386454076,616.349762018687,568.297752690339,657.101882675504,636.140876196769,615.981714905464,655.95493984301,557.072528362018,580.881365102601,625.615210665803,604.4461409421
472.667540545135,680.402515760957,606.34843338636,722.845217652495,626.467648444869,616.397676936465,568.155754336654,656.695086481001,635.925581243149,615.575211660672,655.863521706981,556.993110700315,580.141881137014,625.533707615278,604.312253000272
471.875087968106,680.347862438726,605.779645896983,723.026428388661,626.537011071303,616.435625892665,568.025032603419,656.390019315623,635.712171893611,615.185704736608,655.762716062053,556.890805815457,579.407074204419,625.421868281815,604.162818657331
471.166846986708,680.258970200403,605.177345907271,723.212087889244,626.546427081857,616.457776116565,567.884067756703,656.132528090438,635.490964038024,614.789490397248,655.646894373388,556.795320870623,582.168693995082,625.306941262897,604.002925466136
470.467774551875,680.174952013564,604.585039826183,723.405167482097,626.560011659781,616.456116483369,567.724520464357,655.933870695443,635.250122014292,614.385709491226,655.543093766345,556.700149471805,581.505800102357,625.182039736565,603.880271411823
469.750999877813,680.07151531946,603.960339050536,723.593963541952,626.554703772799,616.400671623941,567.575440457871,655.794150032836,635.032729448035,613.972509936054,655.40159862992,556.613323466802,582.809825888542,625.055566627675,603.759107979824
468.983474811636,679.952838519108,603.363726529392,723.774535026406,626.526415804582,616.325972470012,567.435003446589,655.606270999671,634.815550437344,613.530903860094,654.566847092046,556.541405245169,582.453621690709,624.969884347579,603.643976269563
468.176619091059,679.7926904891,602.793554601554,723.960210132071,626.291079467762,616.173244517938,567.171892099976,655.446011990578,634.548545585884,613.081267966141,654.371278878674,556.435710639004,582.097241537745,624.886225574386,603.535723276744
467.328397557409,679.653959034944,602.142813885716,724.148742330061,626.027963080816,616.001539198436,566.889879765129,655.317960220633,634.249864741705,612.627056637108,654.123683685036,556.350073629627,581.740486586118,624.8103617743,603.431435721179
466.463283416105,679.547670096586,601.597332351719,724.349250908111,625.75651276287,615.830512069323,566.585805047761,655.269042295189,633.971091876583,612.163877481725,653.82067189062,556.274007077897,581.352147440601,624.758740948599,603.32577083631
465.585631447002,679.434533908039,601.019245960118,724.531520014368,625.500919792187,615.627222798995,566.260931024529,655.223888442355,633.668371544805,611.723707793891,653.507234856471,556.208467700171,580.93861709662,624.71471654815,603.216825752142
464.702990037127,679.352867574236,600.427019421782,724.675064012212,625.453969466779,615.378155519377,565.93765523476,655.167188482494,633.369694500174,611.297872441726,653.174396694256,556.162620434555,580.535041494664,624.68320550668,603.110536992589
463.648920704103,679.263513559401,599.818604892411,724.8046291906,625.319121114169,615.184212466222,565.046877263615,655.118445317616,633.11180568732,610.882948576578,652.871585569032,556.100678211096,580.126025474281,624.681124567677,603.013890555848
462.476048378073,679.180608248158,599.263927382863,724.939776670875,625.151304084027,615.056493374682,564.731742032221,654.852050605983,632.763889507874,610.482200814422,652.630702554695,556.027066317851,579.71902766902,624.678473850984,602.936152498071
461.264041345988,679.118635153287,598.636871486578,725.085203421983,624.973390406429,614.967527594571,564.415282006034,654.417276751181,632.41312226591,610.248480710928,652.415285535008,555.951879316496,579.317297211981,624.672522946848,602.850167411679
460.016127345395,679.057767658663,598.006984526029,725.217854315409,624.794950516485,614.890949854877,563.958498297118,654.003935757588,632.090878842558,609.824731903726,652.168728377474,555.921721481488,578.916304301494,624.686751904664,602.780556728707
458.875981332556,678.992451612285,597.398285359836,725.306264552898,624.605841983496,614.786520794661,563.62961495467,653.603029708343,631.771660753274,609.371389933941,651.9203454838,555.890065533844,578.522325161211,624.699316601145,602.715492918222
457.751256931797,678.916128509009,596.804211401578,725.382899036916,624.366047104186,614.738320356306,563.225442895983,653.134572940226,631.446617265818,608.907429824032,651.67248047614,555.853673140185,578.154593858615,624.708158625788,602.654992378761
456.687555577024,678.835805606183,596.211280072571,725.448146339462,624.149167705457,614.696308913358,562.875120232076,652.616949274262,631.128196954337,608.431451764379,651.402767815594,555.817368681479,577.790289790623,624.710542228901,602.600027924285
455.622827671073,678.742736874888,595.61189070822,725.517312641236,623.950181520493,614.667848105034,562.379796644365,652.167291864497,630.797882384579,607.949361154084,651.157568614095,555.785343719334,577.425108574321,624.706761116817,602.545940815153
454.561599470604,678.636933742521,595.047421956772,725.586658570675,623.711319071787,614.639778963411,561.782285769906,651.644542169491,630.443821636162,607.458955480814,650.91689294587,555.752305139299,577.066462201257,624.672073880797,602.483792218416
453.486822855545,678.562907739726,594.490309072335,725.66760574743,623.487636308134,614.680990079717,561.144150123739,651.1324322009,630.063988437728,606.972418612288,650.691610355192,555.70322736783,576.710047565801,624.605145617676,602.425382502127
452.371707947249,678.491007279315,594.134094855144,725.712290711768,623.348561226085,614.676990289139,560.474080372671,650.791859657683,629.668531842968,606.496592748606,650.829368682694,555.664928477698,576.322445564419,624.530979300007,602.36633878371
451.235269055283,678.431222734859,593.715001919477,725.702794220122,623.45491858841,614.673350651195,559.799458460843,650.40711582856,629.271024526903,606.021666982233,650.660656482151,555.620363037501,575.908550980801,624.461490866054,602.290518248625
450.176992936264,678.309822124645,593.242917194391,725.668999365281,623.640339068868,614.677335153536,559.115852674756,649.822535728554,628.891659717389,605.553178219265,650.494824384675,555.579092286406,575.501403867204,624.386261398622,602.213380901874
449.125210526467,678.225608885348,592.841301840892,725.630459068066,623.819206412449,614.685220919525,558.429764918291,649.166792169585,628.541952492422,605.08718889851,650.326451969972,555.535615302539,575.102945849586,624.310636795953,602.136379201395
448.089901498009,678.153646937372,592.3515436324,725.596312029751,624.014603716049,614.700733238338,557.746868447948,648.504322399439,628.114914292816,604.624384798004,650.162473682618,555.492964634348,574.70233888943,624.22933878713,602.056433654984
447.032138435544,678.086677943687,591.834104366166,725.548430430649,624.208703830127,614.734458993555,557.074408755146,647.846209100076,627.700263590633,604.103930583066,649.994277781677,555.43450868411,574.306553434337,624.17602181747,601.974466109618
445.963718938868,678.026953793083,591.354761713556,725.463251432912,624.351457461703,614.753591151514,556.420003731798,647.244274602592,627.340865448952,603.582226876363,649.798018296455,555.388050942708,573.919211644335,624.134626357052,601.862497096643
444.949978509653,677.97338696924,590.812250136579,725.365431568051,624.451782806688,614.796439879525,555.795177736386,646.799615036402,626.992988886722,603.06331793366,649.593029864024,555.346024669483,573.523658064423,624.145577107361,601.711054174945
444.012970935934,677.930848872408,590.253543076241,725.252015731484,624.524593722577,614.874989504033,555.184925344019,646.423856870344,626.653638635531,602.530422071676,649.381073184821,555.307196878282,573.141705742496,624.155799648948,601.555343867801
443.12459633306,677.901055766213,589.772928477269,725.140623153533,624.673739999578,614.960082692348,554.600843681573,646.395760736817,626.307707947124,601.948167670274,649.157292966592,555.269838549098,572.759245240214,624.141342638186,601.398006696209
442.233596399407,677.876446884839,589.505231603447,725.065993846926,624.824203979519,615.0634139541,554.049960442936,646.355895120724,625.91460744055,601.331118399985,648.927346882106,555.233902773262,572.377021014734,624.118793289834,601.244608069954
441.630782105173,677.869456784038,589.246518146498,724.963792328034,624.949768808375,615.222458072106,553.532120119547,646.279601679496,625.535910236913,600.68693513102,648.256520012482,555.193292946734,572.000674196788,624.066262151941,601.097272920856
441.006484334623,677.897184171464,589.011394125257,724.798068212498,625.054100395475,615.404209034329,553.052622479059,646.122550541613,625.166105122908,599.959487054171,647.920380250936,555.158916580498,571.632492824101,623.994669410211,600.960872972176
438.523227034322,677.918711989883,588.868144897991,724.615887214568,625.139600191712,615.553481944167,552.586588634573,645.846972373949,624.791302721847,599.242675662454,647.576441885845,555.140081999902,571.272869044108,623.916130986036,600.825105695489
437.895971466157,677.953209493162,588.795082336886,724.437498373298,625.202094482061,615.682208688093,552.121993432381,645.409341086598,624.366671714721,598.509412206353,647.266038404599,555.124163040139,570.937226522964,623.843486568885,600.688396330193
437.261424075344,677.946813798378,588.703933174535,724.23397406595,625.21072064762,615.791589844592,551.653745972901,644.933235803684,623.986832102073,597.747107077385,646.939055967945,555.107977457664,570.591379353733,623.749374998195,600.535257407037
436.673130396916,677.964136707659,588.65304426937,724.035186144621,625.196222500613,615.842823710452,551.166728315029,644.489801781044,623.611234486039,596.963027348996,646.627904634945,555.094699125172,570.223212600357,623.649432805286,600.390099637772
436.078098367717,677.981292621965,588.538268828966,723.815535870002,625.148338173891,615.855527684053,550.667310981022,644.109220886786,623.234662322988,596.173361705099,646.380309171612,555.067717796838,569.78911468726,623.540929580744,600.242692348082
435.468608099704,677.980727347401,588.340382430044,723.588605030587,625.094673237452,615.862967583592,550.157143221138,643.833716741805,622.857896813611,595.345405704071,646.190871838499,555.017470457089,569.318468556127,623.454198366801,600.102333131103
434.839831612949,677.996894141138,588.077904013729,723.404304664646,625.043599300148,615.890054763418,549.641080937356,643.491382740065,622.490004413893,594.502107673847,646.026643411511,554.958096990667,568.911372490416,623.37362587754,599.933014860592
434.179941910777,678.039623256819,587.638484821093,723.217841862812,625.06875744786,615.919859990257,549.123143617201,643.263992120871,622.117072109202,593.680200177799,645.851478731916,554.895896802353,568.478800927847,623.276387612112,599.756565254768
433.423603228894,678.083378979615,587.177486253527,723.016495610894,625.097564475,615.903221780479,548.613607356648,643.033917488705,621.781846636428,592.875487680965,645.663406964333,554.82712273457,567.996708298644,623.179721434885,599.577870641328
453.676687280787,678.122526203847,586.684123781532,722.814680262655,625.139333058921,615.9125997388,548.10962354424,642.795363500282,621.468713288864,592.023044944268,645.483709412741,554.73245310784,567.590268171209,623.04229631058,599.399490710126
452.697983541369,678.13867658071,586.401659250121,722.650968911162,625.174575810861,615.954696460073,547.627326782667,642.541064046291,621.136491880927,591.173393867758,645.356508739,554.616230432327,567.063129811693,622.921609005581,599.217243415236
451.675927860243,678.157350516169,586.202184452224,722.467386416239,625.229301241208,615.995447821796,547.304473625478,642.182884547626,620.810516927482,590.311419748443,645.24030780807,554.487792317516,566.583264137518,622.81964477341,599.041461050401
450.611398782985,678.174027679735,586.099011456886,722.243941750204,625.272192511963,616.028607782391,546.977819715489,641.43932501888,620.491009660521,589.398111231672,645.114346849153,554.343913378926,566.135404614495,622.720507086953,598.867711618068
449.522424569098,678.186968285754,586.012277682274,722.015317484747,625.322948219101,616.050268288751,546.606476074563,640.714545989897,620.177069371023,588.536424974786,645.000090997197,554.195880792395,565.656551197098,622.631518441068,598.698693199002
448.407269832902,678.196799073138,585.933946527401,721.797978205946,625.365309254061,616.047408796439,546.211606353521,639.842064494822,619.885023998321,587.71174557251,644.869268586603,554.034692881207,565.167175205009,622.514806693836,598.500947543612
447.262038334463,678.198667930901,585.857264304948,721.605447487612,625.394853990136,616.052276063137,545.78900266384,638.926397095299,619.575235747749,586.930427994179,644.710870576358,553.870276552791,564.674070994514,622.440816629489,598.297195569025
446.116577991131,678.187179432403,585.773681412043,721.439218211643,625.421214349672,616.060142668957,545.327435935048,648.659912461248,619.234198608712,586.204429455714,644.544054966622,553.688104760581,564.151249595003,621.211704694157,598.091067909085
445.042014104346,678.174503334556,585.673909739222,721.294190738591,625.324224305736,616.056566066585,544.83176423103,647.788937814634,618.913257787956,585.526200251853,644.437114975913,553.492505433107,563.667758159801,621.09545336128,597.892787514937
444.092330551149,678.140249133504,585.445127280645,721.202205080113,625.217583963193,616.078608191175,544.297325757068,647.018903042566,616.210977463243,584.874423787987,644.298181197636,553.293226451122,563.179748436417,620.94163907302,597.701410983334
443.110079412361,678.152533415653,585.168133058436,721.151290365534,625.119867596346,616.073038041671,543.714191709071,646.078939648134,615.818842332042,584.22219880958,644.180694650301,553.090142227291,562.584275991129,620.745148061975,597.515982509488
442.098086443477,678.165437063165,584.860873337172,721.113860012564,625.006618123967,616.028970054938,543.085606048205,645.224575665943,615.40312785009,583.55447568659,644.037152546896,552.88207499378,561.876034184427,620.509670188893,597.331090331263
440.924610063698,678.173567230518,584.4440001949,721.0857230455,624.897566784466,615.906655962158,542.404941895861,644.169203165249,615.035239173544,582.865781314731,643.887108909078,552.666644725511,561.114476800049,620.266712362164,597.172229059898
439.65868193965,678.10419332234,583.788449651404,721.08105524925,624.75095177412,615.784884540906,541.61293443494,643.055635947526,614.716986230361,582.168929131256,643.78634930579,552.456107913529,560.17827924743,620.01677377221,597.043064741104
438.420027682656,677.958586758349,583.022161826691,721.061417027538,624.603729589765,615.683478897432,540.840333518512,641.992507096219,614.371481850324,581.470630764391,643.685239112002,552.237383532479,559.487750449643,619.796120669827,596.920229976139
437.236223145007,677.803470757273,582.130511359278,721.050946773034,624.439869629163,615.551221428646,539.995811190174,641.015061720561,613.999091856705,580.763043445271,643.581907926704,552.008966537762,558.761801662388,619.556117921227,596.791776038266
436.135011178924,677.632539591557,581.090294096147,721.046577139583,624.267371602441,615.404587153895,539.178883865075,640.256985201282,613.634471464374,580.006842717248,643.478479167401,551.773700443825,557.987689886729,619.353034150657,596.665213190207
445.475492465639,677.452323687,579.89069418371,721.015145687224,624.137976307514,615.223194421327,538.343308880303,639.55007475542,613.252546466231,579.220586215003,643.428960423531,551.548641339955,557.145456066675,619.128619581256,596.534141805663
444.579214361192,677.268975183531,578.636567907631,720.992193680609,624.013765293384,615.060214943775,537.496074588504,638.799262269235,612.838796832553,578.408834280614,643.335631296809,551.312053347613,556.243211920268,618.898542403535,596.402402234559
443.632992130677,677.069027007251,577.318843495964,720.985630759399,623.897586290361,614.935209858137,536.641615545071,638.087677532623,612.410650063598,577.546314607646,643.330343179972,551.042343398904,555.255668740367,618.680494779383,596.264868480095
442.63293296743,676.86232807667,575.910043929657,720.965371210029,623.849749833772,614.789113939515,535.761358434122,637.43135818732,611.961777044415,576.631268669854,643.354222710915,550.743974649939,554.181909879672,618.489520917029,596.133364192705
441.735830324857,676.652164044142,574.405720401828,720.940545924916,623.754054432553,614.659676446537,534.88172635903,636.8462069677,611.530331117915,575.664381706645,643.388801040444,550.428413972162,553.066167059949,618.262549103236,595.983923161674
440.808480315678,676.441791341462,572.840819423362,720.925127399804,623.678948741514,614.560241050232,534.005595345564,636.25264247635,611.086674529128,574.640148610877,643.39653185755,550.093942173766,554.050501953156,618.026877275998,595.827512169935
439.839984086982,676.247304488264,579.309513865281,720.868696800067,623.648980047407,614.474032895615,533.139314468729,635.725212825444,610.650206894891,573.553628043931,643.415844904512,549.755209392186,553.462317914136,617.78060397138,595.675952310599
438.831290866174,676.05941433641,578.534274926816,720.770835622028,623.655384701324,614.353695919254,532.288411206799,635.080806075926,610.18653731989,572.405236550722,643.441227740597,549.398664450199,552.886460664744,617.510437269105,595.521558173869
437.771985174182,675.878016185398,577.805896368507,720.651712830709,623.647636940884,614.173704189861,531.449176758032,633.586443697696,609.695385358434,570.979974463736,643.475887262378,549.02450168634,552.325224736199,617.257432030473,595.363393610334
436.651329167954,675.620639473962,577.136916133297,720.528683360457,623.618706673946,614.033408709845,530.467588011198,631.986207461861,609.222658232002,569.686891694724,643.537706726756,548.648263420477,551.780644114879,617.027907701315,595.196843490455
435.477022937991,675.364993496612,576.547574124322,720.41287691055,623.566713708407,613.892146985904,529.496036609452,630.363725453608,608.750835745889,568.326167478459,643.612105572159,548.258957882504,551.25085321625,616.647073167227,595.01987502456
434.313045584934,675.109897991901,576.037059532322,720.288317413315,623.481921176833,613.744761837688,528.545194721874,628.809843566008,608.260406652073,566.890741543124,643.683656247791,547.846008890641,550.734479750056,616.439131370159,594.796028664452
433.122825296389,674.926815736954,575.544487871035,720.151250419138,623.39500916177,613.594364058407,527.624646278722,627.351051666154,607.732480005072,565.367166435341,643.735618375633,547.442705533158,550.225746661485,616.24543517354,594.561778764694
431.923181832915,674.754730610245,575.081480684342,719.988539806685,623.263647514401,613.42480492988,538.542083039786,625.955186509147,607.215112737109,574.589497425666,643.748459211585,547.034822392277,549.693033237428,616.068654205157,594.319607377649
430.7825598893,674.584769756114,574.636326427251,719.827955764875,623.105548328184,613.329474994521,537.783230580935,624.66157143097,606.665986941136,573.394624857645,643.731259183785,546.608025991871,549.173486608799,615.878114275486,594.078709069803
429.670768487348,674.415925812386,574.193842539302,719.601754627749,622.911491740551,613.24906492152,537.057638363689,623.398796612101,606.1028634887,572.148503340023,643.739466396651,546.158294642362,548.665795689494,615.708401344558,593.831382184061
428.565195793485,674.245532698312,573.660705683055,719.362878857734,622.665865991456,613.122949439302,536.357845533381,622.094718438433,605.562990868101,571.649052824743,643.721022803228,545.678460381375,548.168267561408,615.547519896203,593.569917056462
427.5455719422,674.07571482521,573.06077644835,719.117271734679,622.454676106462,612.951036529627,535.697394816355,620.901148403333,605.024487766741,571.119448763139,643.636939761268,545.166548347879,547.679653121424,615.436835698062,593.304122508121
426.590931612661,673.916268490646,572.402958185053,718.858341335237,622.2611219704,612.806007542582,535.071859405327,619.468650744706,604.53409539011,570.477039894779,643.542510896954,544.649503055185,547.199476215966,615.310962023279,593.036079897166
425.674356984196,673.75998113505,571.631482099258,718.591206302413,621.950157840825,612.600397211772,534.475238115002,617.836982878864,604.005281274135,569.87344550079,643.43188072346,544.135649306845,550.202219894343,614.943757170083,592.76890882657
424.754486949862,673.605636250721,570.754291284688,718.335556496609,621.619980661136,612.275781206522,533.900780887088,616.173594443779,603.491768020016,569.236171477269,643.27120140365,543.606403566593,549.69422798209,614.503157409837,592.503358380862
423.869678395973,673.448902538154,569.773315229612,718.065411919599,621.326154641029,611.880308465824,533.326348288792,614.492606351678,602.982949812932,568.575919577163,643.140726197122,543.072369097618,549.178423732414,614.014670884644,592.240368727271
422.980616668576,673.299655037475,568.702985079263,717.826019324542,620.980118095046,617.052912021458,532.847976580022,612.706888187112,602.462637464114,567.941375000243,642.9993727593,542.518004639902,548.652964706259,613.49102257536,591.978014804458
422.027906036542,673.144336647421,567.598823871784,717.601094467169,620.631221444266,616.967170529309,532.366948738752,610.894448166569,610.295424036262,567.353065917936,642.831538347934,541.951946982853,548.11538696869,612.938316122058,591.711558200325
421.07708439967,672.980012037355,566.56002251809,717.379395241241,626.317322644417,616.872715934644,531.859730166736,608.970822081234,609.817188840133,566.803176644126,642.603758410326,541.373339068484,547.562402624607,612.365117997141,591.438737146687
420.054505904608,672.904983435893,565.990908397967,717.156142670016,625.92799782805,616.702075177225,531.343484197256,607.049907846487,609.28589701035,566.256872584159,642.343917352147,540.788610294592,546.989917687075,611.794047834474,591.169964221039
419.198839877948,672.832623731265,565.361060935644,716.944464156252,625.58247240785,616.498165271975,530.700898548754,605.24205864789,608.739924099742,565.664445006105,642.095833123385,543.290410887766,546.393568884667,611.238594357111,590.908890813172
418.314369571305,672.756111343079,564.686748647158,716.750400606822,625.197566455616,616.283697833268,530.017311396494,603.45445225572,608.172604408872,578.593511650894,641.834909525351,542.852530410002,545.689756941201,610.695588571663,590.648716717746
417.372375162906,672.677130213965,563.955776565305,716.571227007079,624.814316280651,616.071395729086,529.287591838513,602.02093471335,607.580864307753,577.990928633911,641.559234794622,542.407630233726,544.930625084884,610.43096292521,590.416239548625
416.371263837343,672.616758922083,563.0820739804,716.405137709119,624.468645564263,615.819734476659,528.508358218822,600.797949338045,606.960074768992,577.409092100971,641.252829307862,541.960343141335,544.143610417585,610.296871134779,590.18576766901
415.354860225544,672.553415224045,571.647621911193,716.243364783411,624.096764841902,615.475495307754,527.678947927152,599.524478796396,606.346905189175,576.838377482083,640.389608104568,541.500249524127,543.329316535133,610.136655504913,589.944147037751
414.194609983035,672.476927104441,571.277519530913,716.096754355098,623.797200667968,615.07088774942,526.801443288508,598.293297081065,605.708264257763,585.680210221541,639.982020235232,541.040222623279,542.488404935967,609.997365311415,589.696461973894
412.946059197857,672.390725039639,570.852710764847,715.964202671658,623.525283504859,614.693661240096,525.880054084619,597.112760862612,605.047895171008,585.111945748894,639.583293536693,540.594057830434,541.621333041253,609.896430943792,589.438379669117
411.665384036772,672.298479076509,570.403201792751,715.843695005879,623.240835827047,614.336691078517,524.920291982446,595.963807412456,604.370637901944,584.467439732627,639.190867935754,540.130176124035,540.712651090076,609.811801075558,589.177736232868
410.28461942133,672.206221301478,569.988668512162,715.76296089317,622.970908979344,614.009337911867,523.95806687426,594.719126421982,603.575909528171,583.801644369006,638.887048366583,539.611817145559,539.774892117132,609.745242069393,588.909241846226
408.820748855807,672.101001158921,569.624075537913,715.69514821866,622.716568815703,613.715546927611,522.910186089182,592.512037187444,602.721926827088,583.109708190909,638.60175246946,539.076714528317,538.810526223867,609.707333281943,588.632390282019
407.283737326377,671.991395082549,569.461227859813,715.621939674146,622.498212114515,613.46705323448,521.874312490007,591.731433429728,601.827275589657,582.410745215534,638.398865469179,538.522875341393,537.821913548829,609.647209241539,588.330773480163
405.694201483153,671.878263745453,569.456122778688,715.544376898135,622.106216659871,613.150205363744,520.875787145395,590.994059866706,600.911750888396,581.70725043566,638.1881930425,537.958781861757,536.811615258056,609.516213598863,588.015908377936
404.11337545239,671.75084823804,570.219683836846,715.475928332339,621.755948452428,612.830580299449,519.916363706089,590.226653392319,599.953534061443,580.98552715837,637.916857928509,537.394765675406,535.781934632462,609.383959772169,587.686843786375
402.444845494407,671.620832777557,571.092486706974,715.405321208242,620.648128243506,612.471346046741,518.919062692206,589.504825025532,598.974244885072,580.23979991812,637.641755882016,543.783633809093,534.734574856035,609.252930585711,587.364699712287
400.755580653665,671.490649409623,572.021038769285,715.314015414397,619.991880128738,612.085170463285,517.888563501319,588.831986948689,597.962927258944,579.48253420577,637.385512001014,543.39231505152,533.670609961707,609.126062339958,587.034073513172
399.06800594394,671.35519742733,572.8994025488,715.220727498816,619.175675783352,611.725443521513,516.838161667241,588.307002288249,596.924062887606,578.71471440346,637.173100437742,542.991948033405,532.590858542095,609.278866937687,586.674244867129
397.499595319384,671.232119821002,573.729485832246,715.126541205878,618.255353014223,611.375541632803,515.770788422469,587.814339514419,595.845892176887,577.888075168027,636.934516014215,542.582755896916,531.496010604899,609.459865207654,586.299198834143
395.955741301208,671.086096699889,574.426670435573,715.034722893214,616.75136636246,611.021503897035,523.896747248992,587.303404878775,594.733466294628,577.033122398606,636.703386019549,542.170057594704,530.386953142717,609.686178376034,585.906080666944
394.487100090104,670.930661793757,574.99357788083,714.944724408816,621.310774323209,610.653654699916,523.011162255973,586.798512726764,593.578721265421,576.198445916533,636.502311397266,541.745890575628,529.264413301664,609.954989751,585.497491480603
393.060390825209,670.736620148906,575.451781740623,714.863885376298,620.457262462094,610.312102687469,522.161903193006,586.286378930813,592.396347872592,575.350369636371,636.323586162462,541.332726855335,528.128571816514,610.233104614685,585.075751752292
391.975697692114,670.551104332957,575.777157719088,714.798133521182,619.606709504321,609.938682891785,521.172237832837,585.675482434018,591.182661896578,574.477607936241,636.136705208262,540.877044941296,526.978672526728,610.495764276555,584.644012489005
391.043428343018,670.37993258517,575.607458442938,714.737118155761,618.926858502711,609.520210708006,520.199822177774,585.142911204905,589.96803708346,573.585101863648,635.956542876488,543.433636913803,525.812657429022,610.747734111012,584.206681089856
390.131160830421,670.230384536573,575.404210588086,714.659372147968,618.267759444461,609.057565971194,519.214954687628,584.624248325196,588.710901322682,572.677756835221,635.759583882004,543.074764945384,524.627336811532,610.982235400654,583.755718680583
389.250659040961,670.090405320993,575.174099960316,714.532281019357,617.604210072951,608.574784991595,518.214334864932,584.375201528981,587.41292639895,571.728334637075,635.511787025478,542.702070607603,523.431691426022,611.078811012867,583.296336871916
396.310450375935,669.964592484911,574.912555339995,714.389237942205,616.911236063523,608.079738828866,517.175730701481,584.090313980617,586.070610798987,570.802797652913,635.214976157509,542.330843387188,522.204470577583,611.100285834091,582.833515111009
393.806601034259,669.834477345082,574.581701514747,714.226161854063,616.22168310695,607.585214193114,516.128174066457,583.808308594875,584.679663260033,569.890551459649,634.87731383891,541.930406295259,520.939270518779,611.068079598411,582.336443656993
389.252445245304,669.687106381683,574.194521335918,714.071381958927,615.524813818988,607.097249757086,515.077309827985,583.511130215229,583.263598898645,568.976809920194,634.46424487965,541.473975383943,519.62473384571,611.009627468661,581.826005383155
383.953972565141,669.538084110151,573.815771249731,713.95146658929,614.768472322717,612.536584635685,514.026971809368,583.10698058445,581.818308217221,568.059478771775,634.049515027837,541.004604717511,518.244158310139,610.929686586058,581.295536033613
381.815935815674,669.381374038886,573.403326133258,713.814443441725,614.005161585716,612.192321139792,512.940443999875,582.716621031573,580.337580036125,567.133920888139,633.615709138745,540.513887849945,516.783495910057,610.845592694903,580.753150534076
381.394672816871,669.225252523435,572.960278121424,713.673377047176,613.209548288751,611.835134185435,511.8434802405,590.413015005044,578.814083089623,566.22481338156,633.143890306682,548.146989969358,515.247054681285,610.774622119022,580.20175148383
380.985896316151,669.058887230386,572.525456841168,713.517337400569,612.402562995537,611.479135004521,518.327952494997,590.242864232964,577.229046196849,565.279761074953,632.655540165243,547.780995892004,513.72457931922,610.597400672986,579.640103764728
380.686054191551,668.865919445638,572.089577622358,713.334866672562,611.659774862985,611.059012477217,517.396751385813,590.03651341254,575.593481720332,564.313173904104,632.14106466262,547.411742167358,512.18837695606,610.353462128309,579.067834316956
380.449580046075,668.636081947221,571.643349108775,713.148601361971,610.946136032981,610.635785353579,522.495845821761,589.811478863566,573.802297029552,563.321235106859,631.628544669659,547.02006179694,510.642568870622,610.135992083227,578.480607504159
388.713797900392,668.393876925233,571.180703305776,713.141224697717,614.394167865667,610.209198778449,521.655925986512,589.529993368859,571.968251274336,562.342852732295,631.108048142789,546.628251429319,509.088872893845,609.954199733605,577.863593529945
389.105073359417,668.136271206914,570.441524683667,712.956823908142,613.944135604859,609.753751433428,520.782407509789,589.191302817449,570.075839356,561.370409160196,630.557689875433,546.207942869025,509.567809657612,609.76267574654,577.232815602932
389.442958242352,667.870771009447,569.663712008143,712.751767176137,613.177163684842,609.284240105389,519.875980195559,588.823469451829,578.501218134902,560.431565512435,630.013317651995,545.777290657551,508.016524984376,609.695339093665,576.573136125521
389.704698082147,667.613119971349,568.877775253555,712.517166047864,612.372608856306,608.774106515536,519.030492703971,588.522952693734,576.784782984085,559.523673504064,629.479740412101,545.350406690546,508.922989772431,609.486269454771,575.895483115344
401.762972543191,667.358897683797,567.994516270124,712.289182470199,611.530315100367,608.228502758812,518.130951296292,588.305909707468,579.014212873594,565.482155157203,628.962984855607,544.938920908491,507.439146148812,609.314659915646,575.179691592713
401.785612469362,667.10135857093,567.008895768083,712.022043596883,610.640494437377,607.679678313288,517.16032244263,588.033561532459,577.596723955943,564.621058718557,628.452181250768,544.474360373331,505.898843500662,609.140127230232,574.438792563846
401.409319137115,666.841355220837,565.970655757621,711.784964066476,609.686098158601,607.136550637737,516.148027769081,587.790055432582,576.159268912074,563.783354283134,627.933000045526,543.965347552347,516.163340789174,608.977400268534,573.670778650393
400.924618308588,666.578104624438,564.813277166828,711.553637647899,608.672580186051,606.558338805488,515.09798473677,587.577160870967,583.211969464197,563.047772623012,627.368054550885,543.4450655021,514.613992825369,608.800092400672,578.627267803194
428.129529389458,666.313011724147,563.574907666026,711.30838649801,613.250158508631,605.952255385002,513.902061969653,587.335857628861,582.041167383579,562.344639061544,626.77896885286,542.911772499836,512.888592316064,608.628405755128,577.99872550999
427.336673039061,666.03422777689,562.391826208593,711.075322240551,612.289069433777,605.304218137663,519.048445682561,587.158892334042,579.622911793515,561.651878813511,626.176833828732,542.37254917901,516.244639190918,608.458507831697,577.326997455017
426.414078382139,665.758930402026,561.236581890407,710.819379831937,611.292054774733,604.588451525937,518.10736216001,586.948013264401,578.468221519552,560.962858567165,625.571735936811,541.826870635837,514.96109004023,608.2772238105,576.604537450817
425.394632945677,665.473017837268,560.132894971092,710.58378778207,610.238708666322,603.815934123339,517.192661576143,586.566832294583,577.208282300462,560.277962081322,624.955180426031,541.271186151171,513.602077430274,608.088923070936,575.844666965375
424.296831482546,665.156915912045,559.154875764569,710.367960769283,609.155999595432,603.079557310866,516.225148524861,586.124814469575,575.903706617015,559.57743418208,624.336069162133,548.600254685638,515.769162159602,609.762732842951,575.048977767429
423.103566410484,664.834928616777,558.287290252871,710.17378875171,607.920156420682,602.378784203199,515.20783739728,585.693661454163,574.554432054553,558.821577425119,623.71324351292,548.16837627189,513.964551844921,609.593909990399,574.219282951541
421.791199114583,664.511058398332,557.53154035829,709.975750571951,606.589908963561,601.683026212507,514.156444218631,585.182723723033,573.183561138738,558.04261903157,623.126614745066,547.723977084034,512.008806211716,609.373986018436,573.347919732968
420.391372680161,664.177483768202,557.044611614316,709.79143339817,605.225778316389,601.088341825625,513.082094470218,584.649414203816,582.011467379286,557.249140681419,622.542904887941,547.287700311495,509.895523506751,609.176281200558,572.446776972957
418.91735234641,663.835752969444,556.61377811473,709.572989886516,603.807383527178,600.537385186818,512.154355436566,584.219773463221,581.017635829305,556.450229634026,621.995156997682,546.853260317643,507.619019027251,608.979496810338,571.520498971912
417.383875613031,663.482736507575,556.225797441584,709.346423543063,602.367148780128,600.012870226059,511.219993399294,583.473342085939,580.025484689389,555.633721356258,621.455406612142,546.420233778124,505.173378477116,608.770491509262,570.570330331085
415.657966119725,663.225462765078,555.872705402693,709.156118924645,600.886350729942,599.539618639634,510.277552356113,582.571765278646,579.017586047158,554.774523581241,620.89758077341,545.992811741686,502.553711818715,608.514471347901,569.599568562261
413.807108112187,662.938747911516,555.48099795219,708.962200864176,599.338424870143,599.107959630652,509.287315431834,581.715140403299,577.994339686302,553.872563266312,620.26646216152,545.569644521971,499.755925793505,608.252644812355,568.622978487616
411.916071513298,662.600102179594,555.189243635939,708.749746545667,597.783407401678,598.691783186577,508.274992798895,580.834632493853,590.145244252222,552.98114047225,619.618531607543,545.147192663634,496.77443418002,607.976560909145,567.628645907141
409.964817072363,662.21277454471,554.915120539923,708.526408939851,596.127375385592,601.627553922124,507.235309250588,579.93506180464,589.277864065475,552.059628660668,618.999663404569,544.692914560934,478.73625059168,607.686825179389,566.629822485304
408.008340793638,661.805417158056,554.780456911139,721.051182658094,594.438018882231,601.282091808417,506.170153223166,579.039964024167,588.399919214031,551.168508925184,618.366836745747,544.233469025905,480.619968269318,607.403776426874,565.632977846371
406.062378457289,661.372032216754,554.624373846352,720.903428616134,592.670442404651,600.91874869826,505.060329450144,578.066575106802,587.526847451664,550.257161649169,617.746370411403,543.773287324118,477.77720562983,607.10286247578,564.642673748174
404.140317119135,660.908547660225,554.581002248612,720.751151966039,590.839547072471,600.523986239814,503.922430348976,576.966362433093,586.635679624935,549.340084011291,617.078703232215,543.325189488696,474.875037654638,606.77570760666,563.652202764156
402.250274561918,660.425433697571,554.560575516922,720.596562611633,596.172285432679,600.136278979341,502.701587794072,584.178800935872,585.615426986605,548.439860502006,616.44621480819,542.87478798283,471.920352206682,606.419435032461,562.652842853446
400.305006075197,659.946378605041,554.454959615016,720.457932289019,594.627917223918,599.758179159075,512.656008059413,583.398056347555,584.560513369654,550.830252970526,615.769257343056,542.417934702206,468.918961183986,608.622597464609,561.634478965162
398.372160246484,659.462175318902,554.377648460476,720.31166714003,593.067115915882,599.407055506493,511.691492399401,582.620264524474,583.494616228294,550.138767303271,615.144923810462,541.922106545726,465.874826810716,608.402789990655,560.586224306457
396.457679124691,658.980713994682,554.359144818038,720.130460694433,591.363024588165,599.055141947268,510.743900529658,581.821135775552,582.4131640475,549.466220777948,614.460468863814,541.385873999697,462.789808276342,608.088109903643,569.455170129051
394.671051409603,658.497611688467,554.334533478134,719.930089524929,589.552781795208,598.635704914826,509.795303141278,590.145504462647,581.248214436347,548.840690910172,613.810140483369,540.845083008853,459.663793170523,607.827072660375,568.528023159137
405.367406784995,658.101281142081,554.327657309987,719.728455527734,587.586259903673,598.161001701051,508.895792958871,588.996468351918,580.046773522541,548.227632968611,613.155198724977,540.300146089155,474.561017886009,611.04398869945,567.568918432523
403.872377167281,657.769259596766,554.297282564091,719.535076391953,585.523095885245,597.666621353839,520.051819577677,587.767176674173,578.794332371523,547.578637678222,612.496526071918,539.727629686362,471.771132014689,610.754533284792,566.583517285908
402.37597510415,657.496653029647,554.355771009729,719.350735942147,583.370946472502,597.166578766694,519.275320825001,586.529850468753,577.48822671137,546.928318366232,611.768758649847,539.153344691667,468.941807336015,610.479366784057,565.565431146187
400.850676540293,657.331209850637,554.645882417775,719.147443429435,581.10993163015,596.666935260017,518.503943889544,585.283272400777,576.122725576245,546.279968596437,611.025345110231,538.581521672938,466.079424586821,610.190063541853,564.504436543193
399.250018300196,657.169545836613,554.974061344847,718.588748737658,578.706160647561,596.150414304256,517.735829509079,584.050386687591,574.700840278389,545.653158721854,610.278403948354,538.013198635965,463.196491910413,609.871916921236,563.414845457217
397.619045794011,656.934761837715,555.311790193132,718.339263902793,576.4238567111,595.555980578786,532.934720374296,582.976757277529,573.217930268033,545.083345071998,609.534631878265,537.450158243457,489.275005997461,609.536906703422,562.298086841032
395.93023293469,656.675019925657,555.682161805033,717.912322326691,573.895472316838,594.964555065929,532.341952917643,581.837660605225,564.675499830194,544.462912940669,608.765425040065,536.891840465592,486.911117614219,609.140835351399,561.154076563751
